Row ID;Order ID;Order Date;Ship Date;Ship Mode;Customer ID;Customer Name;Segment;Postal Code;City;State;Country;Region;Market;Product ID;Category;Sub-Category;Product Name;Sales;Quantity;Discount;Profit;Shipping Cost;Order Priority;Month;Year
10562;ES-2015-JK1564045-42218;Pazar, Ağustos 02, 2015;Salı, Ağustos 04, 2015;Second Class;JK-1564045;Jim Kriz;Home Office;;Lille;Nord-Pas-de-Calais-Picardie;France;Western Europe;Europe;TEC-CO-5991;Technology;Copiers;Sharp Copy Machine, High-Speed;610,47;3;0,15;208,26;100,14;Critical;August;2015
15088;ES-2015-JL1523545-42239;Pazar, Ağustos 23, 2015;Salı, Ağustos 25, 2015;First Class;JL-1523545;Janet Lee;Consumer;;Bordeaux;Aquitaine-Limousin-Poitou-Charentes;France;Western Europe;Europe;TEC-CO-5993;Technology;Copiers;Sharp Fax and Copier, Color;578,136;4;0,15;231,216;116,95;High;August;2015
16084;IT-2015-CM1244545-42235;Çarşamba, Ağustos 19, 2015;Salı, Ağustos 25, 2015;Standard Class;CM-1244545;Chuck Magee;Consumer;;Villeneuve-d'Ascq;Nord-Pas-de-Calais-Picardie;France;Western Europe;Europe;TEC-PH-5839;Technology;Phones;Samsung Smart Phone, Cordless;1629,45;3;0,15;-153,36;132,82;Low;August;2015
11639;IT-2015-CA1231045-42223;Cuma, Ağustos 07, 2015;Pazar, Ağustos 09, 2015;Second Class;CA-1231045;Christine Abelman;Corporate;;Menton;Provence-Alpes-Côte d'Azur;France;Western Europe;Europe;TEC-PH-5355;Technology;Phones;Nokia Smart Phone, Full Size;1625,2425;3;0,15;-76,5675;345,78;Critical;August;2015
14392;ES-2015-ZC2191045-42228;Çarşamba, Ağustos 12, 2015;Pazar, Ağustos 16, 2015;Standard Class;ZC-2191045;Zuschuss Carroll;Consumer;;Le Pontet;Provence-Alpes-Côte d'Azur;France;Western Europe;Europe;OFF-ST-5709;Office Supplies;Storage;Rogers Trays, Blue;277,56;5;0,1;61,56;13,77;Medium;August;2015
12588;ES-2015-BD1150045-42222;Perşembe, Ağustos 06, 2015;Pazartesi, Ağustos 10, 2015;Standard Class;BD-1150045;Bradley Drucker;Consumer;;Marseille;Provence-Alpes-Côte d'Azur;France;Western Europe;Europe;OFF-ST-6246;Office Supplies;Storage;Tenex File Cart, Blue;359,64;3;0,1;31,95;16,96;Medium;August;2015
14391;ES-2015-ZC2191045-42228;Çarşamba, Ağustos 12, 2015;Pazar, Ağustos 16, 2015;Standard Class;ZC-2191045;Zuschuss Carroll;Consumer;;Le Pontet;Provence-Alpes-Côte d'Azur;France;Western Europe;Europe;FUR-BO-5777;Furniture;Bookcases;Safco Floating Shelf Set, Metal;706,32;4;0,1;156,96;50,87;Medium;August;2015
11640;IT-2015-CA1231045-42223;Cuma, Ağustos 07, 2015;Pazar, Ağustos 09, 2015;Second Class;CA-1231045;Christine Abelman;Corporate;;Menton;Provence-Alpes-Côte d'Azur;France;Western Europe;Europe;FUR-CH-5795;Furniture;Chairs;SAFCO Rocking Chair, Red;242,838;2;0,1;-13,542;60,65;Critical;August;2015
12067;ES-2015-AH1021045-42237;Cuma, Ağustos 21, 2015;Perşembe, Ağustos 27, 2015;Standard Class;AH-1021045;Alan Hwang;Consumer;;La Seyne-sur-Mer;Provence-Alpes-Côte d'Azur;France;Western Europe;Europe;OFF-AP-4743;Office Supplies;Appliances;Hoover Stove, Red;511,623;1;0,1;227,373;78,8;Low;August;2015
10810;ES-2015-JF1541545-42222;Perşembe, Ağustos 06, 2015;Pazartesi, Ağustos 10, 2015;Standard Class;JF-1541545;Jennifer Ferguson;Consumer;;Maubeuge;Nord-Pas-de-Calais-Picardie;France;Western Europe;Europe;OFF-ST-4080;Office Supplies;Storage;Eldon Lockers, Single Width;178,146;1;0,1;77,196;2,87;Medium;August;2015
17504;ES-2015-AC1066045-42218;Pazar, Ağustos 02, 2015;Cuma, Ağustos 07, 2015;Standard Class;AC-1066045;Anna Chung;Consumer;;Brive-la-Gaillarde;Aquitaine-Limousin-Poitou-Charentes;France;Western Europe;Europe;OFF-ST-6252;Office Supplies;Storage;Tenex Folders, Wire Frame;60,183;3;0,1;25,353;4,1;Medium;August;2015
15782;ES-2015-HJ1487545-42227;Salı, Ağustos 11, 2015;Pazartesi, Ağustos 17, 2015;Standard Class;HJ-1487545;Heather Jas;Home Office;;Rillieux-la-Pape;Auvergne-Rhône-Alpes;France;Western Europe;Europe;OFF-ST-4283;Office Supplies;Storage;Fellowes Shelving, Industrial;157,464;3;0,1;59,454;9,43;Medium;August;2015
13801;ES-2015-NM1852045-42221;Çarşamba, Ağustos 05, 2015;Salı, Ağustos 11, 2015;Standard Class;NM-1852045;Neoma Murray;Consumer;;Chartres;Centre-Val de Loire;France;Western Europe;Europe;OFF-ST-6261;Office Supplies;Storage;Tenex Lockers, Blue;734,94;4;0,1;130,62;41,11;Medium;August;2015
13265;ES-2015-EN1378045-42225;Pazar, Ağustos 09, 2015;Cumartesi, Ağustos 15, 2015;Standard Class;EN-1378045;Edward Nazzal;Consumer;;Albi;Languedoc-Roussillon-Midi-Pyrénées;France;Western Europe;Europe;FUR-CH-5436;Furniture;Chairs;Office Star Bag Chairs, Set of Two;259,605;5;0,1;-14,445;18,82;Medium;August;2015
18344;ES-2015-CS1249045-42224;Cumartesi, Ağustos 08, 2015;Cuma, Ağustos 14, 2015;Standard Class;CS-1249045;Cindy Schnelling;Corporate;;Lille;Nord-Pas-de-Calais-Picardie;France;Western Europe;Europe;FUR-CH-4702;Furniture;Chairs;Hon Swivel Stool, Black;290,196;2;0,1;57,996;40,51;Low;August;2015
12158;IT-2015-TH2110045-42218;Pazar, Ağustos 02, 2015;Perşembe, Ağustos 06, 2015;Standard Class;TH-2110045;Thea Hendricks;Consumer;;Tarbes;Languedoc-Roussillon-Midi-Pyrénées;France;Western Europe;Europe;FUR-BO-5797;Furniture;Bookcases;Safco Stackable Bookrack, Mobile;670,41;5;0,1;14,76;37,55;Medium;August;2015
15783;ES-2015-HJ1487545-42227;Salı, Ağustos 11, 2015;Pazartesi, Ağustos 17, 2015;Standard Class;HJ-1487545;Heather Jas;Home Office;;Rillieux-la-Pape;Auvergne-Rhône-Alpes;France;Western Europe;Europe;OFF-AP-4507;Office Supplies;Appliances;Hamilton Beach Stove, Silver;1955,124;4;0,1;608,244;124,52;Medium;August;2015
15162;ES-2015-RA1994545-42218;Pazar, Ağustos 02, 2015;Pazartesi, Ağustos 03, 2015;First Class;RA-1994545;Ryan Akin;Consumer;;Le Petit-Quevilly;Normandy;France;Western Europe;Europe;FUR-BO-3624;Furniture;Bookcases;Bush Classic Bookcase, Metal;1112,778;3;0,1;296,658;472;Critical;August;2015
48899;NI-2015-SF1020095-42228;Çarşamba, Ağustos 12, 2015;Pazartesi, Ağustos 17, 2015;Standard Class;SF-1020095;Sarah Foster;Consumer;;Lagos;Lagos;Nigeria;Western Africa;Africa;OFF-AR-3459;Office Supplies;Art;BIC Markers, Water Color;8,883;1;0,7;-10,377;1,75;Medium;August;2015
48900;NI-2015-SF1020095-42228;Çarşamba, Ağustos 12, 2015;Pazartesi, Ağustos 17, 2015;Standard Class;SF-1020095;Sarah Foster;Consumer;;Lagos;Lagos;Nigeria;Western Africa;Africa;TEC-MA-5006;Technology;Machines;Konica Inkjet, Durable;93,555;1;0,7;-199,605;11,2;Medium;August;2015
42848;NI-2015-SP1062095-42230;Cuma, Ağustos 14, 2015;Salı, Ağustos 18, 2015;Standard Class;SP-1062095;Stefania Perrino;Corporate;;Lagos;Lagos;Nigeria;Western Africa;Africa;OFF-AR-3459;Office Supplies;Art;BIC Markers, Water Color;8,883;1;0,7;-10,377;1,12;High;August;2015
47317;NI-2015-TB1152095-42223;Cuma, Ağustos 07, 2015;Perşembe, Ağustos 13, 2015;Standard Class;TB-1152095;Tracy Blumstein;Consumer;;Lagos;Lagos;Nigeria;Western Africa;Africa;OFF-SU-4121;Office Supplies;Supplies;Elite Letter Opener, High Speed;16,02;2;0,7;-15;1,24;Medium;August;2015
48898;NI-2015-SF1020095-42228;Çarşamba, Ağustos 12, 2015;Pazartesi, Ağustos 17, 2015;Standard Class;SF-1020095;Sarah Foster;Consumer;;Lagos;Lagos;Nigeria;Western Africa;Africa;OFF-ST-4263;Office Supplies;Storage;Fellowes Folders, Single Width;15,858;2;0,7;-15,342;1,58;Medium;August;2015
46375;NI-2015-ML739595-42237;Cuma, Ağustos 21, 2015;Salı, Ağustos 25, 2015;Standard Class;ML-739595;Marina Lichtenstein;Corporate;;Lagos;Lagos;Nigeria;Western Africa;Africa;OFF-ST-5701;Office Supplies;Storage;Rogers Lockers, Industrial;127,26;2;0,7;-135,78;6,46;High;August;2015
49127;NI-2015-AG30095-42224;Cumartesi, Ağustos 08, 2015;Cuma, Ağustos 14, 2015;Standard Class;AG-30095;Aleksandra Gannaway;Corporate;;Lagos;Lagos;Nigeria;Western Africa;Africa;TEC-MA-5503;Technology;Machines;Okidata Inkjet, Wireless;188,532;2;0,7;-433,668;13,26;Medium;August;2015
49126;NI-2015-AG30095-42224;Cumartesi, Ağustos 08, 2015;Cuma, Ağustos 14, 2015;Standard Class;AG-30095;Aleksandra Gannaway;Corporate;;Lagos;Lagos;Nigeria;Western Africa;Africa;FUR-BO-3629;Furniture;Bookcases;Bush Corner Shelving, Mobile;455,436;12;0,7;-425,124;32,76;Medium;August;2015
49124;NI-2015-HD478595-42241;Salı, Ağustos 25, 2015;Cuma, Ağustos 28, 2015;First Class;HD-478595;Harold Dahlen;Home Office;;Kano;Kano;Nigeria;Western Africa;Africa;OFF-AR-3494;Office Supplies;Art;Binney & Smith Pencil Sharpener, Water Color;32,328;4;0,7;-25,872;3,45;Medium;August;2015
47242;NI-2015-VT1170095-42244;Cuma, Ağustos 28, 2015;Salı, Eylül 01, 2015;Standard Class;VT-1170095;Valerie Takahito;Home Office;;Ilorin;Kwara;Nigeria;Western Africa;Africa;OFF-EN-4926;Office Supplies;Envelopes;Jiffy Peel and Seal, with clear poly window;7,065;1;0,7;-12,015;1,94;High;August;2015
43891;NI-2015-FM429095-42218;Pazar, Ağustos 02, 2015;Çarşamba, Ağustos 05, 2015;First Class;FM-429095;Frank Merwin;Home Office;;Gombe;Gombe;Nigeria;Western Africa;Africa;OFF-AR-3484;Office Supplies;Art;Binney & Smith Highlighters, Water Color;5,931;1;0,7;-5,559;1,2;High;August;2015
45093;NI-2015-MM828095-42227;Salı, Ağustos 11, 2015;Çarşamba, Ağustos 12, 2015;First Class;MM-828095;Muhammed MacIntyre;Corporate;;Benin City;Edo;Nigeria;Western Africa;Africa;OFF-EN-5041;Office Supplies;Envelopes;Kraft Peel and Seal, Recycled;5,787;1;0,7;-12,363;1,82;High;August;2015
45092;NI-2015-MM828095-42227;Salı, Ağustos 11, 2015;Çarşamba, Ağustos 12, 2015;First Class;MM-828095;Muhammed MacIntyre;Corporate;;Benin City;Edo;Nigeria;Western Africa;Africa;OFF-FA-3044;Office Supplies;Fasteners;Advantus Paper Clips, Assorted Sizes;8,37;2;0,7;-6,75;2,55;High;August;2015
48616;NI-2015-JG516095-42235;Çarşamba, Ağustos 19, 2015;Çarşamba, Ağustos 26, 2015;Standard Class;JG-516095;James Galang;Consumer;;Port Harcourt;Rivers;Nigeria;Western Africa;Africa;OFF-BI-3258;Office Supplies;Binders;Avery Binding Machine, Recycled;29,52;2;0,7;-26,58;3,46;Low;August;2015
43890;NI-2015-FM429095-42218;Pazar, Ağustos 02, 2015;Çarşamba, Ağustos 05, 2015;First Class;FM-429095;Frank Merwin;Home Office;;Gombe;Gombe;Nigeria;Western Africa;Africa;OFF-AR-5933;Office Supplies;Art;Sanford Sketch Pad, Water Color;29,196;2;0,7;-22,404;4,97;High;August;2015
48184;NI-2015-CR258095-42224;Cumartesi, Ağustos 08, 2015;Çarşamba, Ağustos 12, 2015;Second Class;CR-258095;Clay Rozendal;Home Office;;Abuja;Abuja Capital Territory;Nigeria;Western Africa;Africa;FUR-FU-4043;Furniture;Furnishings;Eldon Door Stop, Erganomic;29,268;2;0,7;-55,632;7,07;High;August;2015
45094;NI-2015-MM828095-42227;Salı, Ağustos 11, 2015;Çarşamba, Ağustos 12, 2015;First Class;MM-828095;Muhammed MacIntyre;Corporate;;Benin City;Edo;Nigeria;Western Africa;Africa;TEC-PH-5272;Technology;Phones;Motorola Speaker Phone, VoIP;311,688;8;0,7;-685,752;43,85;High;August;2015
11522;IT-2015-IM15070139-42234;Salı, Ağustos 18, 2015;Pazartesi, Ağustos 24, 2015;Standard Class;IM-15070139;Irene Maddox;Consumer;;London;England;United Kingdom;Northern Europe;Europe;OFF-LA-6035;Office Supplies;Labels;Smead File Folder Labels, Adjustable;24,408;4;0,1;-1,152;1,53;Medium;August;2015
14772;ES-2015-PB19150139-42236;Perşembe, Ağustos 20, 2015;Pazartesi, Ağustos 24, 2015;Standard Class;PB-19150139;Philip Brown;Consumer;;London;England;United Kingdom;Northern Europe;Europe;OFF-BI-2913;Office Supplies;Binders;Acco Hole Reinforcements, Durable;14,688;2;0,1;5,988;1,94;Medium;August;2015
11353;ES-2015-JL15235139-42242;Çarşamba, Ağustos 26, 2015;Çarşamba, Eylül 02, 2015;Standard Class;JL-15235139;Janet Lee;Consumer;;London;England;United Kingdom;Northern Europe;Europe;OFF-AR-6107;Office Supplies;Art;Stanley Canvas, Fluorescent;91,314;2;0,1;22,314;8,5;Low;August;2015
11354;ES-2015-JL15235139-42242;Çarşamba, Ağustos 26, 2015;Çarşamba, Eylül 02, 2015;Standard Class;JL-15235139;Janet Lee;Consumer;;London;England;United Kingdom;Northern Europe;Europe;OFF-SU-2980;Office Supplies;Supplies;Acme Letter Opener, Steel;133,245;5;0,1;45,795;12,9;Low;August;2015
11752;ES-2015-SC20440139-42244;Cuma, Ağustos 28, 2015;Pazartesi, Ağustos 31, 2015;Second Class;SC-20440139;Shaun Chance;Corporate;;London;England;United Kingdom;Northern Europe;Europe;OFF-LA-4529;Office Supplies;Labels;Harbour Creations Color Coded Labels, Laser Printer Compatible;34,83;3;0,1;4,23;2,94;Medium;August;2015
15916;IT-2015-JO15550139-42237;Cuma, Ağustos 21, 2015;Cuma, Ağustos 21, 2015;Same Day;JO-15550139;Jesus Ocampo;Home Office;;London;England;United Kingdom;Northern Europe;Europe;OFF-ST-4094;Office Supplies;Storage;Eldon Shelving, Blue;87,156;2;0,1;16,416;10,48;Medium;August;2015
13337;ES-2015-PT19090139-42223;Cuma, Ağustos 07, 2015;Çarşamba, Ağustos 12, 2015;Second Class;PT-19090139;Pete Takahito;Consumer;;London;England;United Kingdom;Northern Europe;Europe;OFF-BI-2900;Office Supplies;Binders;Acco Binding Machine, Durable;283,986;6;0,1;44,046;26;Medium;August;2015
11751;ES-2015-SC20440139-42244;Cuma, Ağustos 28, 2015;Pazartesi, Ağustos 31, 2015;Second Class;SC-20440139;Shaun Chance;Corporate;;London;England;United Kingdom;Northern Europe;Europe;TEC-PH-3817;Technology;Phones;Cisco Speaker Phone, VoIP;249,426;2;0,1;63,726;31,02;Medium;August;2015
18405;ES-2015-FA14230139-42223;Cuma, Ağustos 07, 2015;Perşembe, Ağustos 13, 2015;Standard Class;FA-14230139;Frank Atkinson;Corporate;;London;England;United Kingdom;Northern Europe;Europe;FUR-BO-5941;Furniture;Bookcases;Sauder 3-Shelf Cabinet, Mobile;1218,24;8;0,1;419,52;145,56;Low;August;2015
15915;IT-2015-JO15550139-42237;Cuma, Ağustos 21, 2015;Cuma, Ağustos 21, 2015;Same Day;JO-15550139;Jesus Ocampo;Home Office;;London;England;United Kingdom;Northern Europe;Europe;FUR-FU-3932;Furniture;Furnishings;Deflect-O Door Stop, Black;131,85;5;0,4;-79,2;27,18;Medium;August;2015
12225;IT-2015-ON18715139-42236;Perşembe, Ağustos 20, 2015;Salı, Ağustos 25, 2015;Standard Class;ON-18715139;Odella Nelson;Corporate;;Birmingham;England;United Kingdom;Northern Europe;Europe;OFF-AP-3868;Office Supplies;Appliances;Cuisinart Refrigerator, Black;495,51;2;0,5;-79,29;23,51;Medium;August;2015
17311;ES-2015-MF17665139-42238;Cumartesi, Ağustos 22, 2015;Cuma, Ağustos 28, 2015;Standard Class;MF-17665139;Maureen Fritzler;Corporate;;Nottingham;England;United Kingdom;Northern Europe;Europe;FUR-FU-6253;Furniture;Furnishings;Tenex Frame, Black;153,972;2;0,3;-55,008;8,22;Medium;August;2015
17334;ES-2015-SF20965139-42222;Perşembe, Ağustos 06, 2015;Perşembe, Ağustos 13, 2015;Standard Class;SF-20965139;Sylvia Foulston;Corporate;;Gloucester;England;United Kingdom;Northern Europe;Europe;FUR-FU-4040;Furniture;Furnishings;Eldon Door Stop, Black;175,56;5;0,3;-27,69;9,02;Medium;August;2015
16200;ES-2015-JF15295139-42217;Cumartesi, Ağustos 01, 2015;Perşembe, Ağustos 06, 2015;Second Class;JF-15295139;Jason Fortune-;Consumer;;West Bromwich;England;United Kingdom;Northern Europe;Europe;FUR-FU-3048;Furniture;Furnishings;Advantus Photo Frame, Duo Pack;148,512;4;0,3;16,872;14,52;Medium;August;2015
19420;IT-2015-MG18205139-42242;Çarşamba, Ağustos 26, 2015;Cumartesi, Ağustos 29, 2015;Second Class;MG-18205139;Mitch Gastineau;Corporate;;Wolverhampton;England;United Kingdom;Northern Europe;Europe;FUR-FU-3066;Furniture;Furnishings;Advantus Stacking Tray, Durable;258,426;14;0,3;-11,214;15,76;Medium;August;2015
18025;ES-2015-FH14275139-42229;Perşembe, Ağustos 13, 2015;Perşembe, Ağustos 13, 2015;Same Day;FH-14275139;Frank Hawley;Corporate;;Doncaster;England;United Kingdom;Northern Europe;Europe;FUR-FU-6244;Furniture;Furnishings;Tenex Door Stop, Erganomic;119,028;4;0,3;-23,892;29,89;High;August;2015
19215;ES-2015-EP1391564-42223;Cuma, Ağustos 07, 2015;Perşembe, Ağustos 13, 2015;Standard Class;EP-1391564;Emily Phan;Consumer;;Rome;Lazio;Italy;Southern Europe;Europe;OFF-ST-4263;Office Supplies;Storage;Fellowes Folders, Single Width;15,858;1;0,4;0,258;1,77;Medium;August;2015
16733;IT-2015-DB1291064-42223;Cuma, Ağustos 07, 2015;Salı, Ağustos 11, 2015;Standard Class;DB-1291064;Daniel Byrd;Home Office;;Parma;Emilia-Romagna;Italy;Southern Europe;Europe;OFF-ST-6252;Office Supplies;Storage;Tenex Folders, Wire Frame;26,748;2;0,4;3,528;2,83;Medium;August;2015
14796;IT-2015-CK1220564-42243;Perşembe, Ağustos 27, 2015;Salı, Eylül 01, 2015;Standard Class;CK-1220564;Chloris Kastensmidt;Consumer;;Rome;Lazio;Italy;Southern Europe;Europe;OFF-ST-5686;Office Supplies;Storage;Rogers Box, Blue;86,292;6;0,4;-54,828;3,74;Medium;August;2015
11609;ES-2015-JB1600064-42232;Pazar, Ağustos 16, 2015;Perşembe, Ağustos 20, 2015;Standard Class;JB-1600064;Joy Bell-;Consumer;;Cesena;Emilia-Romagna;Italy;Southern Europe;Europe;OFF-ST-4267;Office Supplies;Storage;Fellowes Lockers, Industrial;498,744;4;0,4;33,144;27,9;Medium;August;2015
11857;IT-2015-SB2018564-42234;Salı, Ağustos 18, 2015;Pazartesi, Ağustos 24, 2015;Standard Class;SB-2018564;Sarah Brown;Consumer;;Pistoia;Tuscany;Italy;Southern Europe;Europe;OFF-ST-5700;Office Supplies;Storage;Rogers Lockers, Blue;634,86;5;0,4;-349,29;38,67;Medium;August;2015
11856;IT-2015-SB2018564-42234;Salı, Ağustos 18, 2015;Pazartesi, Ağustos 24, 2015;Standard Class;SB-2018564;Sarah Brown;Consumer;;Pistoia;Tuscany;Italy;Southern Europe;Europe;TEC-PH-3132;Technology;Phones;Apple Headset, Cordless;45,666;1;0,4;-14,484;1,64;Medium;August;2015
19007;ES-2015-MV1748564-42220;Salı, Ağustos 04, 2015;Pazar, Ağustos 09, 2015;Standard Class;MV-1748564;Mark Van Huff;Consumer;;Turin;Piedmont;Italy;Southern Europe;Europe;TEC-PH-5360;Technology;Phones;Nokia Speaker Phone, with Caller ID;295,56;4;0,4;-157,68;8,39;Medium;August;2015
18243;IT-2015-AG1049564-42241;Salı, Ağustos 25, 2015;Pazar, Ağustos 30, 2015;Second Class;AG-1049564;Andrew Gjertsen;Corporate;;Milan;Lombardy;Italy;Southern Europe;Europe;TEC-PH-5844;Technology;Phones;Samsung Speaker Phone, Full Size;149,436;2;0,4;-39,864;13,48;High;August;2015
16123;IT-2015-SS2014064-42238;Cumartesi, Ağustos 22, 2015;Çarşamba, Ağustos 26, 2015;Second Class;SS-2014064;Saphhira Shifley;Corporate;;Acireale;Sicily;Italy;Southern Europe;Europe;TEC-PH-5349;Technology;Phones;Nokia Office Telephone, with Caller ID;195,39;5;0,4;-117,36;24,26;High;August;2015
13534;IT-2015-VG2179064-42218;Pazar, Ağustos 02, 2015;Cumartesi, Ağustos 08, 2015;Standard Class;VG-2179064;Vivek Gonzalez;Consumer;;Bari;Apulia;Italy;Southern Europe;Europe;TEC-PH-3784;Technology;Phones;Cisco Audio Dock, Cordless;443,808;4;0,4;-199,752;32,7;Low;August;2015
13536;IT-2015-VG2179064-42218;Pazar, Ağustos 02, 2015;Cumartesi, Ağustos 08, 2015;Standard Class;VG-2179064;Vivek Gonzalez;Consumer;;Bari;Apulia;Italy;Southern Europe;Europe;TEC-PH-3807;Technology;Phones;Cisco Smart Phone, with Caller ID;785,088;2;0,4;52,308;103,36;Low;August;2015
16396;IT-2015-LW1699064-42238;Cumartesi, Ağustos 22, 2015;Pazartesi, Ağustos 24, 2015;Second Class;LW-1699064;Lindsay Williams;Corporate;;Perugia;Umbria;Italy;Southern Europe;Europe;TEC-PH-3148;Technology;Phones;Apple Smart Phone, Full Size;765;2;0,4;-153;109,25;High;August;2015
19748;ES-2015-SC2038064-42219;Pazartesi, Ağustos 03, 2015;Perşembe, Ağustos 06, 2015;First Class;SC-2038064;Shahid Collister;Consumer;;Florence;Tuscany;Italy;Southern Europe;Europe;TEC-MA-5515;Technology;Machines;Okidata Receipt Printer, Red;216,108;3;0,4;-82,872;27,71;High;August;2015
12441;IT-2015-TT2146064-42230;Cuma, Ağustos 14, 2015;Salı, Ağustos 18, 2015;Standard Class;TT-2146064;Tonja Turnell;Home Office;;Como;Lombardy;Italy;Southern Europe;Europe;TEC-MA-5008;Technology;Machines;Konica Inkjet, Wireless;1316,448;7;0,4;-526,722;91,97;Medium;August;2015
10680;IT-2015-CS1249064-42242;Çarşamba, Ağustos 26, 2015;Pazar, Ağustos 30, 2015;Standard Class;CS-1249064;Cindy Schnelling;Corporate;;Castellammare di Stabia;Campania;Italy;Southern Europe;Europe;FUR-CH-4525;Furniture;Chairs;Harbour Creations Chairmat, Set of Two;29,7;1;0,6;-34,92;2,88;Medium;August;2015
16395;IT-2015-LW1699064-42238;Cumartesi, Ağustos 22, 2015;Pazartesi, Ağustos 24, 2015;Second Class;LW-1699064;Lindsay Williams;Corporate;;Perugia;Umbria;Italy;Southern Europe;Europe;FUR-CH-5369;Furniture;Chairs;Novimex Bag Chairs, Set of Two;57,852;3;0,6;-52,128;5,83;High;August;2015
18635;ES-2015-RA1991564-42245;Cumartesi, Ağustos 29, 2015;Çarşamba, Eylül 02, 2015;Standard Class;RA-1991564;Russell Applegate;Consumer;;La Spezia;Liguria;Italy;Southern Europe;Europe;FUR-CH-5757;Furniture;Chairs;SAFCO Chairmat, Black;114,78;5;0,6;-157,92;6,51;High;August;2015
19038;IT-2015-EB1397564-42227;Salı, Ağustos 11, 2015;Salı, Ağustos 11, 2015;Same Day;EB-1397564;Erica Bern;Corporate;;Rome;Lazio;Italy;Southern Europe;Europe;FUR-CH-5801;Furniture;Chairs;SAFCO Steel Folding Chair, Black;33,312;1;0,6;-27,498;6,88;High;August;2015
16732;IT-2015-DB1291064-42223;Cuma, Ağustos 07, 2015;Salı, Ağustos 11, 2015;Standard Class;DB-1291064;Daniel Byrd;Home Office;;Parma;Emilia-Romagna;Italy;Southern Europe;Europe;FUR-CH-5807;Furniture;Chairs;SAFCO Swivel Stool, Red;134,352;2;0,6;-33,588;11,48;Medium;August;2015
18081;ES-2015-HA14920120-42218;Pazar, Ağustos 02, 2015;Çarşamba, Ağustos 05, 2015;Second Class;HA-14920120;Helen Andreada;Consumer;;Palma de Mallorca;Balearic Islands;Spain;Southern Europe;Europe;OFF-ST-4253;Office Supplies;Storage;Fellowes Box, Wire Frame;67,5;4;0,1;26,94;2,76;Medium;August;2015
13921;ES-2015-DL13315120-42235;Çarşamba, Ağustos 19, 2015;Pazar, Ağustos 23, 2015;Second Class;DL-13315120;Delfina Latchford;Consumer;;Madrid;Madrid;Spain;Southern Europe;Europe;OFF-ST-5697;Office Supplies;Storage;Rogers Folders, Wire Frame;53,568;2;0,1;0,588;5,92;Medium;August;2015
12573;IT-2015-HJ14875120-42228;Çarşamba, Ağustos 12, 2015;Pazar, Ağustos 16, 2015;Standard Class;HJ-14875120;Heather Jas;Home Office;;Madrid;Madrid;Spain;Southern Europe;Europe;OFF-ST-4063;Office Supplies;Storage;Eldon Folders, Wire Frame;57,78;4;0,1;-0,06;10,2;High;August;2015
14235;ES-2015-SV20785120-42245;Cumartesi, Ağustos 29, 2015;Perşembe, Eylül 03, 2015;Standard Class;SV-20785120;Stewart Visinsky;Consumer;;Elx;Valenciana;Spain;Southern Europe;Europe;OFF-ST-6248;Office Supplies;Storage;Tenex File Cart, Single Width;484,596;4;0,1;199,116;14,62;Medium;August;2015
12575;IT-2015-HJ14875120-42228;Çarşamba, Ağustos 12, 2015;Pazar, Ağustos 16, 2015;Standard Class;HJ-14875120;Heather Jas;Home Office;;Madrid;Madrid;Spain;Southern Europe;Europe;OFF-ST-5696;Office Supplies;Storage;Rogers Folders, Single Width;138,24;5;0,1;-3,21;22,56;High;August;2015
14994;ES-2015-MH17620120-42245;Cumartesi, Ağustos 29, 2015;Cumartesi, Ağustos 29, 2015;Same Day;MH-17620120;Matt Hagelstein;Corporate;;Valladolid;Castile and León;Spain;Southern Europe;Europe;OFF-ST-6273;Office Supplies;Storage;Tenex Shelving, Industrial;148,878;3;0,1;14,868;23,15;High;August;2015
17418;ES-2015-KN16450120-42243;Perşembe, Ağustos 27, 2015;Pazar, Ağustos 30, 2015;First Class;KN-16450120;Kean Nguyen;Corporate;;Ceuta;Ceuta;Spain;Southern Europe;Europe;OFF-ST-6046;Office Supplies;Storage;Smead Lockers, Blue;357,156;2;0,1;27,756;35,3;Medium;August;2015
12574;IT-2015-HJ14875120-42228;Çarşamba, Ağustos 12, 2015;Pazar, Ağustos 16, 2015;Standard Class;HJ-14875120;Heather Jas;Home Office;;Madrid;Madrid;Spain;Southern Europe;Europe;OFF-ST-4267;Office Supplies;Storage;Fellowes Lockers, Industrial;561,087;3;0,1;211,887;71,25;High;August;2015
16559;ES-2015-DD13570120-42225;Pazar, Ağustos 09, 2015;Pazar, Ağustos 16, 2015;Standard Class;DD-13570120;Dorothy Dickinson;Consumer;;Madrid;Madrid;Spain;Southern Europe;Europe;TEC-MA-5567;Technology;Machines;Panasonic Phone, Durable;152,928;2;0,1;61,128;6,04;Low;August;2015
13538;ES-2015-MO17500120-42222;Perşembe, Ağustos 06, 2015;Salı, Ağustos 11, 2015;Standard Class;MO-17500120;Mary O'Rourke;Consumer;;Getafe;Madrid;Spain;Southern Europe;Europe;TEC-MA-4206;Technology;Machines;Epson Printer, Red;467,586;2;0,1;57,126;6,36;Medium;August;2015
19437;ES-2015-BE11410120-42225;Pazar, Ağustos 09, 2015;Pazartesi, Ağustos 10, 2015;First Class;BE-11410120;Bobby Elias;Consumer;;Madrid;Madrid;Spain;Southern Europe;Europe;TEC-PH-3790;Technology;Phones;Cisco Headset, Cordless;164,322;2;0,1;-1,878;25,28;Medium;August;2015
19435;ES-2015-BE11410120-42225;Pazar, Ağustos 09, 2015;Pazartesi, Ağustos 10, 2015;First Class;BE-11410120;Bobby Elias;Consumer;;Madrid;Madrid;Spain;Southern Europe;Europe;TEC-PH-5826;Technology;Phones;Samsung Headset, VoIP;527,688;8;0,1;187,608;28,33;Medium;August;2015
14669;ES-2015-BP11230120-42220;Salı, Ağustos 04, 2015;Perşembe, Ağustos 06, 2015;Second Class;BP-11230120;Benjamin Patterson;Consumer;;Sant Boi de Llobregat;Catalonia;Spain;Southern Europe;Europe;FUR-CH-5753;Furniture;Chairs;SAFCO Bag Chairs, Set of Two;82,704;2;0,2;12,384;5,17;High;August;2015
20141;ES-2015-BS11665120-42231;Cumartesi, Ağustos 15, 2015;Perşembe, Ağustos 20, 2015;Standard Class;BS-11665120;Brian Stugart;Consumer;;Ceuta;Ceuta;Spain;Southern Europe;Europe;FUR-CH-5408;Furniture;Chairs;Novimex Steel Folding Chair, Red;197,352;3;0,2;56,682;11,35;Medium;August;2015
13234;IT-2015-JS15880120-42224;Cumartesi, Ağustos 08, 2015;Perşembe, Ağustos 13, 2015;Standard Class;JS-15880120;John Stevenson;Consumer;;Bilbao;Basque Country;Spain;Southern Europe;Europe;FUR-CH-4656;Furniture;Chairs;Hon Executive Leather Armchair, Red;1102,536;3;0,2;-275,634;122,67;Medium;August;2015
10640;IT-2015-ZC21910104-42243;Perşembe, Ağustos 27, 2015;Perşembe, Eylül 03, 2015;Standard Class;ZC-21910104;Zuschuss Carroll;Consumer;;Lisbon;Lisboa;Portugal;Southern Europe;Europe;OFF-PA-3996;Office Supplies;Paper;Eaton Memo Slips, Premium;34,35;5;0,5;-11,1;1,3;Medium;August;2015
19252;ES-2015-LF17185104-42241;Salı, Ağustos 25, 2015;Cumartesi, Ağustos 29, 2015;Standard Class;LF-17185104;Luke Foster;Consumer;;Lisbon;Lisboa;Portugal;Southern Europe;Europe;OFF-ST-6284;Office Supplies;Storage;Tenex Trays, Wire Frame;79,92;3;0,5;0;5,48;Medium;August;2015
16931;IT-2015-JW15955124-42227;Salı, Ağustos 11, 2015;Pazartesi, Ağustos 17, 2015;Standard Class;JW-15955124;Joni Wasserman;Consumer;;Nacka;Stockholm;Sweden;Northern Europe;Europe;OFF-AR-5912;Office Supplies;Art;Sanford Highlighters, Fluorescent;17,01;2;0,5;-2,73;1,54;Medium;August;2015
19517;IT-2015-CJ12010124-42217;Cumartesi, Ağustos 01, 2015;Cumartesi, Ağustos 01, 2015;Same Day;CJ-12010124;Caroline Jumper;Consumer;;Huddinge;Stockholm;Sweden;Northern Europe;Europe;OFF-LA-5385;Office Supplies;Labels;Novimex File Folder Labels, Laser Printer Compatible;28,875;7;0,5;-17,955;1,73;Medium;August;2015
16936;IT-2015-JW15955124-42227;Salı, Ağustos 11, 2015;Pazartesi, Ağustos 17, 2015;Standard Class;JW-15955124;Joni Wasserman;Consumer;;Nacka;Stockholm;Sweden;Northern Europe;Europe;OFF-EN-4907;Office Supplies;Envelopes;Jiffy Clasp Envelope, Security-Tint;21,84;4;0,5;-14,88;1,92;Medium;August;2015
16934;IT-2015-JW15955124-42227;Salı, Ağustos 11, 2015;Pazartesi, Ağustos 17, 2015;Standard Class;JW-15955124;Joni Wasserman;Consumer;;Nacka;Stockholm;Sweden;Northern Europe;Europe;OFF-BI-2891;Office Supplies;Binders;Acco Binder Covers, Clear;31,95;5;0,5;-4,5;3,29;Medium;August;2015
16937;IT-2015-JW15955124-42227;Salı, Ağustos 11, 2015;Pazartesi, Ağustos 17, 2015;Standard Class;JW-15955124;Joni Wasserman;Consumer;;Nacka;Stockholm;Sweden;Northern Europe;Europe;OFF-ST-6251;Office Supplies;Storage;Tenex Folders, Single Width;46,5;4;0,5;-27,06;3,74;Medium;August;2015
16933;IT-2015-JW15955124-42227;Salı, Ağustos 11, 2015;Pazartesi, Ağustos 17, 2015;Standard Class;JW-15955124;Joni Wasserman;Consumer;;Nacka;Stockholm;Sweden;Northern Europe;Europe;TEC-AC-3384;Technology;Accessories;Belkin Keyboard, Bluetooth;125,82;3;0,5;-62,91;5,62;Medium;August;2015
16929;IT-2015-JW15955124-42227;Salı, Ağustos 11, 2015;Pazartesi, Ağustos 17, 2015;Standard Class;JW-15955124;Joni Wasserman;Consumer;;Nacka;Stockholm;Sweden;Northern Europe;Europe;TEC-PH-3139;Technology;Phones;Apple Office Telephone, Cordless;102,195;3;0,5;-0,045;7,68;Medium;August;2015
16935;IT-2015-JW15955124-42227;Salı, Ağustos 11, 2015;Pazartesi, Ağustos 17, 2015;Standard Class;JW-15955124;Joni Wasserman;Consumer;;Nacka;Stockholm;Sweden;Northern Europe;Europe;OFF-ST-4094;Office Supplies;Storage;Eldon Shelving, Blue;96,84;4;0,5;-44,64;7,99;Medium;August;2015
16932;IT-2015-JW15955124-42227;Salı, Ağustos 11, 2015;Pazartesi, Ağustos 17, 2015;Standard Class;JW-15955124;Joni Wasserman;Consumer;;Nacka;Stockholm;Sweden;Northern Europe;Europe;OFF-SU-3003;Office Supplies;Supplies;Acme Trimmer, Serrated;185,76;9;0,5;-141,21;8,2;Medium;August;2015
12580;IT-2015-BS11665124-42221;Çarşamba, Ağustos 05, 2015;Cumartesi, Ağustos 08, 2015;Second Class;BS-11665124;Brian Stugart;Consumer;;Upplands Väsby;Stockholm;Sweden;Northern Europe;Europe;TEC-PH-5346;Technology;Phones;Nokia Office Telephone, Cordless;67,98;2;0,5;-55,8;10,48;Critical;August;2015
16938;IT-2015-JW15955124-42227;Salı, Ağustos 11, 2015;Pazartesi, Ağustos 17, 2015;Standard Class;JW-15955124;Joni Wasserman;Consumer;;Nacka;Stockholm;Sweden;Northern Europe;Europe;OFF-BI-4817;Office Supplies;Binders;Ibico Binding Machine, Economy;231,39;9;0,5;-189,81;16,46;Medium;August;2015
13050;IT-2015-AC10615124-42224;Cumartesi, Ağustos 08, 2015;Perşembe, Ağustos 13, 2015;Second Class;AC-10615124;Ann Chong;Corporate;;Stockholm;Stockholm;Sweden;Northern Europe;Europe;OFF-ST-5697;Office Supplies;Storage;Rogers Folders, Wire Frame;29,76;2;0,5;-23,22;1,89;Medium;August;2015
14404;IT-2015-SW20755124-42221;Çarşamba, Ağustos 05, 2015;Pazartesi, Ağustos 10, 2015;Standard Class;SW-20755124;Steven Ward;Corporate;;Stockholm;Stockholm;Sweden;Northern Europe;Europe;OFF-BI-4803;Office Supplies;Binders;Ibico 3-Hole Punch, Clear;59,82;4;0,5;-12,06;5,87;Medium;August;2015
19683;IT-2015-DP1300062-42223;Cuma, Ağustos 07, 2015;Çarşamba, Ağustos 12, 2015;Standard Class;DP-1300062;Darren Powers;Consumer;;Dublin;Dublin;Ireland;Northern Europe;Europe;OFF-AR-3460;Office Supplies;Art;BIC Pencil Sharpener, Blue;43,515;3;0,5;-7,875;1,25;Medium;August;2015
11530;IT-2015-JR1570062-42239;Pazar, Ağustos 23, 2015;Pazar, Ağustos 30, 2015;Standard Class;JR-1570062;Jocasta Rupert;Consumer;;Dublin;Dublin;Ireland;Northern Europe;Europe;TEC-AC-4152;Technology;Accessories;Enermax Flash Drive, Erganomic;19,665;1;0,5;-2,385;1,89;Medium;August;2015
19682;IT-2015-DP1300062-42223;Cuma, Ağustos 07, 2015;Çarşamba, Ağustos 12, 2015;Standard Class;DP-1300062;Darren Powers;Consumer;;Dublin;Dublin;Ireland;Northern Europe;Europe;OFF-ST-6275;Office Supplies;Storage;Tenex Shelving, Wire Frame;295,515;11;0,5;-224,895;25,06;Medium;August;2015
14744;ES-2015-CS1195062-42224;Cumartesi, Ağustos 08, 2015;Cuma, Ağustos 14, 2015;Standard Class;CS-1195062;Carlos Soltero;Consumer;;Cork;Cork;Ireland;Northern Europe;Europe;OFF-FA-6194;Office Supplies;Fasteners;Stockwell Push Pins, Assorted Sizes;28,575;5;0,5;-4,125;1,28;Medium;August;2015
13849;ES-2015-NP1868534-42230;Cuma, Ağustos 14, 2015;Salı, Ağustos 18, 2015;Standard Class;NP-1868534;Nora Pelletier;Home Office;;Odense;South Denmark;Denmark;Northern Europe;Europe;OFF-AR-3470;Office Supplies;Art;BIC Sketch Pad, Fluorescent;24,96;1;0,5;-8,49;2,14;High;August;2015
16496;ES-2015-NP1870034-42234;Salı, Ağustos 18, 2015;Pazartesi, Ağustos 24, 2015;Standard Class;NP-1870034;Nora Preis;Consumer;;Copenhagen;Hovedstaden;Denmark;Northern Europe;Europe;TEC-AC-3384;Technology;Accessories;Belkin Keyboard, Bluetooth;83,88;2;0,5;-41,94;3,39;Medium;August;2015
16495;ES-2015-NP1870034-42234;Salı, Ağustos 18, 2015;Pazartesi, Ağustos 24, 2015;Standard Class;NP-1870034;Nora Preis;Consumer;;Copenhagen;Hovedstaden;Denmark;Northern Europe;Europe;TEC-AC-5219;Technology;Accessories;Memorex Mouse, USB;70,95;5;0,5;-44,1;4,09;Medium;August;2015
18375;IT-2015-KD1661562-42237;Cuma, Ağustos 21, 2015;Pazartesi, Ağustos 24, 2015;Second Class;KD-1661562;Ken Dana;Corporate;;Cork;Cork;Ireland;Northern Europe;Europe;FUR-BO-5799;Furniture;Bookcases;Safco Stackable Bookrack, Traditional;148,44;2;0,5;-100,98;47,62;Critical;August;2015
13485;IT-2015-ME18010124-42235;Çarşamba, Ağustos 19, 2015;Cumartesi, Ağustos 22, 2015;First Class;ME-18010124;Michelle Ellison;Corporate;;Gothenburg;Västra Götaland;Sweden;Northern Europe;Europe;OFF-ST-6033;Office Supplies;Storage;Smead File Cart, Single Width;256,86;4;0,5;-251,82;58,82;High;August;2015
14743;ES-2015-CS1195062-42224;Cumartesi, Ağustos 08, 2015;Cuma, Ağustos 14, 2015;Standard Class;CS-1195062;Carlos Soltero;Consumer;;Cork;Cork;Ireland;Northern Europe;Europe;OFF-AP-4504;Office Supplies;Appliances;Hamilton Beach Refrigerator, White;747,405;3;0,5;-269,145;75,44;Medium;August;2015
18374;IT-2015-KD1661562-42237;Cuma, Ağustos 21, 2015;Pazartesi, Ağustos 24, 2015;Second Class;KD-1661562;Ken Dana;Corporate;;Cork;Cork;Ireland;Northern Europe;Europe;FUR-CH-5452;Furniture;Chairs;Office Star Steel Folding Chair, Red;412,695;9;0,5;-313,875;90,14;Critical;August;2015
42237;LH-2015-QJ925575-42243;Perşembe, Ağustos 27, 2015;Perşembe, Eylül 03, 2015;Standard Class;QJ-925575;Quincy Jones;Corporate;;Panevezys;Panevezys;Lithuania;Northern Europe;Europe;OFF-ST-6023;Office Supplies;Storage;Smead Box, Blue;3,231;1;0,7;-7,539;1,24;Low;August;2015
41687;LH-2015-DD357075-42229;Perşembe, Ağustos 13, 2015;Çarşamba, Ağustos 19, 2015;Standard Class;DD-357075;Dorothy Dickinson;Consumer;;Kaunas;Kaunas;Lithuania;Northern Europe;Europe;TEC-MA-4211;Technology;Machines;Epson Receipt Printer, White;69,264;2;0,7;-62,376;2,17;Medium;August;2015
16930;IT-2015-JW15955124-42227;Salı, Ağustos 11, 2015;Pazartesi, Ağustos 17, 2015;Standard Class;JW-15955124;Joni Wasserman;Consumer;;Nacka;Stockholm;Sweden;Northern Europe;Europe;FUR-FU-3048;Furniture;Furnishings;Advantus Photo Frame, Duo Pack;42,432;2;0,6;-23,388;3,62;Medium;August;2015
47833;LH-2015-GP474075-42218;Pazar, Ağustos 02, 2015;Çarşamba, Ağustos 05, 2015;Second Class;GP-474075;Guy Phonely;Corporate;;Vilnius;Vilnius;Lithuania;Northern Europe;Europe;TEC-CO-5999;Technology;Copiers;Sharp Fax Machine, High-Speed;88,155;1;0,7;-144,015;10,03;Medium;August;2015
44144;ZA-2015-LO7170147-42245;Cumartesi, Ağustos 29, 2015;Cuma, Eylül 04, 2015;Standard Class;LO-7170147;Lori Olson;Corporate;;Bulawayo;Bulawayo;Zimbabwe;Eastern Africa;Africa;OFF-BI-4824;Office Supplies;Binders;Ibico Hole Reinforcements, Durable;2,547;1;0,7;-3,573;1,2;Medium;August;2015
44143;ZA-2015-LO7170147-42245;Cumartesi, Ağustos 29, 2015;Cuma, Eylül 04, 2015;Standard Class;LO-7170147;Lori Olson;Corporate;;Bulawayo;Bulawayo;Zimbabwe;Eastern Africa;Africa;OFF-BI-2895;Office Supplies;Binders;Acco Binder, Clear;4,383;1;0,7;-5,427;1,27;Medium;August;2015
45320;TZ-2015-JS5940129-42235;Çarşamba, Ağustos 19, 2015;Pazartesi, Ağustos 24, 2015;Standard Class;JS-5940129;Joni Sundaresam;Home Office;;Dar es Salaam;Dar Es Salaam;Tanzania;Eastern Africa;Africa;OFF-ST-4262;Office Supplies;Storage;Fellowes Folders, Industrial;24,192;1;0,1;3,492;1,22;Medium;August;2015
43075;UG-2015-JC5340136-42227;Salı, Ağustos 11, 2015;Cumartesi, Ağustos 15, 2015;Standard Class;JC-5340136;Jasper Cacioppo;Consumer;;Kampala;Kampala;Uganda;Eastern Africa;Africa;OFF-BI-3249;Office Supplies;Binders;Avery Binder Covers, Recycled;3,429;1;0,7;-3,891;1,32;High;August;2015
43074;UG-2015-JC5340136-42227;Salı, Ağustos 11, 2015;Cumartesi, Ağustos 15, 2015;Standard Class;JC-5340136;Jasper Cacioppo;Consumer;;Kampala;Kampala;Uganda;Eastern Africa;Africa;TEC-PH-5813;Technology;Phones;Samsung Audio Dock, Full Size;50,436;1;0,7;-95,844;7,58;High;August;2015
9431;MX-2015-JF1556582-42243;Perşembe, Ağustos 27, 2015;Salı, Eylül 01, 2015;Standard Class;JF-1556582;Jill Fjeld;Consumer;;Azcapotzalco;Distrito Federal;Mexico;Central America;LATAM;TEC-AC-5887;Technology;Accessories;SanDisk Numeric Keypad, Bluetooth;73,8;2;0;30,96;2,932;Medium;August;2015
16450;ES-2015-CS12355139-42242;Çarşamba, Ağustos 26, 2015;Pazartesi, Ağustos 31, 2015;Standard Class;CS-12355139;Christine Sundaresam;Consumer;;Liverpool;England;United Kingdom;Northern Europe;Europe;TEC-AC-4178;Technology;Accessories;Enermax Numeric Keypad, Bluetooth;114,66;2;0;46,98;9,74;Medium;August;2015
46611;CA-2015-DO364523-42241;Salı, Ağustos 25, 2015;Pazartesi, Ağustos 31, 2015;Standard Class;DO-364523;Doug O'Connell;Consumer;;Calgary;Alberta;Canada;Canada;USCA;TEC-AC-5889;Technology;Accessories;SanDisk Numeric Keypad, USB;106,32;2;0;34,02;6,24;Medium;August;2015
10898;ES-2015-HA14905120-42245;Cumartesi, Ağustos 29, 2015;Çarşamba, Eylül 02, 2015;Standard Class;HA-14905120;Helen Abelman;Consumer;;Barcelona;Catalonia;Spain;Southern Europe;Europe;TEC-AC-5223;Technology;Accessories;Memorex Router, Bluetooth;492,42;2;0;187,08;38,33;Medium;August;2015
13916;ES-2015-ML18040120-42223;Cuma, Ağustos 07, 2015;Çarşamba, Ağustos 12, 2015;Standard Class;ML-18040120;Michelle Lonsdale;Corporate;;Getafe;Madrid;Spain;Southern Europe;Europe;TEC-AC-5867;Technology;Accessories;SanDisk Keyboard, USB;163,38;2;0;13,02;7,28;Medium;August;2015
20176;ES-2015-MR1754548-42218;Pazar, Ağustos 02, 2015;Cuma, Ağustos 07, 2015;Standard Class;MR-1754548;Mathew Reese;Home Office;;Krefeld;North Rhine-Westphalia;Germany;Western Europe;Europe;TEC-AC-5135;Technology;Accessories;Logitech Router, Erganomic;490,26;2;0;88,2;32,73;Medium;August;2015
15840;ES-2015-PB19210139-42222;Perşembe, Ağustos 06, 2015;Çarşamba, Ağustos 12, 2015;Standard Class;PB-19210139;Phillip Breyer;Corporate;;Stoke-on-Trent;England;United Kingdom;Northern Europe;Europe;TEC-AC-3405;Technology;Accessories;Belkin Router, USB;517,92;2;0;243,42;45,74;Medium;August;2015
48838;CA-2015-SC1026023-42224;Cumartesi, Ağustos 08, 2015;Perşembe, Ağustos 13, 2015;Standard Class;SC-1026023;Scott Cohen;Corporate;;Toronto;Ontario;Canada;Canada;USCA;TEC-AC-3402;Technology;Accessories;Belkin Router, Bluetooth;258,75;1;0;10,35;15,03;Medium;August;2015
15839;ES-2015-PB19210139-42222;Perşembe, Ağustos 06, 2015;Çarşamba, Ağustos 12, 2015;Standard Class;PB-19210139;Phillip Breyer;Corporate;;Stoke-on-Trent;England;United Kingdom;Northern Europe;Europe;TEC-AC-4152;Technology;Accessories;Enermax Flash Drive, Erganomic;39,33;1;0;17,28;4,18;Medium;August;2015
45934;SA-2015-GM4440110-42237;Cuma, Ağustos 21, 2015;Çarşamba, Ağustos 26, 2015;Standard Class;GM-4440110;Gary McGarr;Consumer;;Mecca;Makkah;Saudi Arabia;Western Asia;Asia Pacific;TEC-AC-4157;Technology;Accessories;Enermax Keyboard, Programmable;84,96;1;0;36,51;6,99;Medium;August;2015
15785;ES-2015-HJ1487545-42227;Salı, Ağustos 11, 2015;Pazartesi, Ağustos 17, 2015;Standard Class;HJ-1487545;Heather Jas;Home Office;;Rillieux-la-Pape;Auvergne-Rhône-Alpes;France;Western Europe;Europe;TEC-AC-3390;Technology;Accessories;Belkin Memory Card, Programmable;116,31;1;0;34,89;7,06;Medium;August;2015
44043;IV-2015-MS777029-42241;Salı, Ağustos 25, 2015;Cumartesi, Ağustos 29, 2015;Standard Class;MS-777029;Maxwell Schwartz;Consumer;;Bouake;Vallee Du Bandama;Cote d'Ivoire;Western Africa;Africa;TEC-AC-5123;Technology;Accessories;Logitech Memory Card, Programmable;104,88;1;0;42,99;8,22;Medium;August;2015
41466;SF-2015-RS9765117-42224;Cumartesi, Ağustos 08, 2015;Çarşamba, Ağustos 12, 2015;Standard Class;RS-9765117;Roland Schwarz;Corporate;;Port Elizabeth;Eastern Cape;South Africa;Southern Africa;Africa;TEC-AC-5225;Technology;Accessories;Memorex Router, Programmable;247,71;1;0;116,4;14,96;Medium;August;2015
14611;ES-2015-KL1664596-42241;Salı, Ağustos 25, 2015;Pazartesi, Ağustos 31, 2015;Standard Class;KL-1664596;Ken Lonsdale;Consumer;;Oslo;Oslo;Norway;Northern Europe;Europe;TEC-AC-5882;Technology;Accessories;SanDisk Mouse, Programmable;119,43;3;0;46,53;3,43;Medium;August;2015
6745;MX-2015-TB2162551-42234;Salı, Ağustos 18, 2015;Pazar, Ağustos 23, 2015;Standard Class;TB-2162551;Trudy Brown;Consumer;;Chimaltenango;Chimaltenango;Guatemala;Central America;LATAM;TEC-AC-4171;Technology;Accessories;Enermax Mouse, Bluetooth;80,58;3;0;36,24;5,909;Medium;August;2015
44657;IZ-2015-JM525061-42235;Çarşamba, Ağustos 19, 2015;Salı, Ağustos 25, 2015;Standard Class;JM-525061;Janet Martin;Consumer;;Mosul;Ninawa;Iraq;Western Asia;Asia Pacific;TEC-AC-5220;Technology;Accessories;Memorex Numeric Keypad, Bluetooth;180,84;4;0;54,24;12,34;Medium;August;2015
14101;ES-2015-LW16825139-42218;Pazar, Ağustos 02, 2015;Perşembe, Ağustos 06, 2015;Standard Class;LW-16825139;Laurel Workman;Corporate;;Leeds;England;United Kingdom;Northern Europe;Europe;TEC-AC-5202;Technology;Accessories;Memorex Keyboard, USB;286,2;4;0;11,4;27,82;Medium;August;2015
29323;IN-2015-AW1084027-42228;Çarşamba, Ağustos 12, 2015;Pazar, Ağustos 16, 2015;Standard Class;AW-1084027;Anthony Witt;Consumer;;Hechuan;Chongqing;China;Eastern Asia;Asia Pacific;TEC-AC-5872;Technology;Accessories;SanDisk Memory Card, Bluetooth;449,64;4;0;13,44;38,64;Medium;August;2015
29915;IN-2015-AS1013558-42229;Perşembe, Ağustos 13, 2015;Salı, Ağustos 18, 2015;Standard Class;AS-1013558;Adrian Shami;Home Office;;Bilaspur;Uttar Pradesh;India;Southern Asia;Asia Pacific;TEC-AC-4165;Technology;Accessories;Enermax Memory Card, Programmable;579,45;5;0;225,9;32,9;Medium;August;2015
4051;MX-2015-BS1136518-42231;Cumartesi, Ağustos 15, 2015;Cuma, Ağustos 21, 2015;Standard Class;BS-1136518;Bill Shonely;Corporate;;Betim;Minas Gerais;Brazil;South America;LATAM;TEC-AC-5896;Technology;Accessories;SanDisk Router, Programmable;859,5;5;0;266,4;39,07;Medium;August;2015
3918;MX-2015-AB1025531-42229;Perşembe, Ağustos 13, 2015;Perşembe, Ağustos 20, 2015;Standard Class;AB-1025531;Alejandro Ballentine;Home Office;;Holguín;Holguín;Cuba;Caribbean;LATAM;TEC-AC-4154;Technology;Accessories;Enermax Flash Drive, USB;166,92;6;0;19,92;10,882;Medium;August;2015
15945;ES-2015-TP2156564-42224;Cumartesi, Ağustos 08, 2015;Perşembe, Ağustos 13, 2015;Standard Class;TP-2156564;Tracy Poddar;Corporate;;Rome;Lazio;Italy;Southern Europe;Europe;TEC-AC-4154;Technology;Accessories;Enermax Flash Drive, USB;292,11;7;0;113,82;19,67;Medium;August;2015
7043;MX-2015-SH2063582-42234;Salı, Ağustos 18, 2015;Pazartesi, Ağustos 24, 2015;Standard Class;SH-2063582;Stefanie Holloman;Corporate;;Guadalajara;Jalisco;Mexico;Central America;LATAM;TEC-AC-3386;Technology;Accessories;Belkin Keyboard, Programmable;512,28;9;0;86,94;25,825;Medium;August;2015
8515;MX-2015-SH1997582-42225;Pazar, Ağustos 09, 2015;Cuma, Ağustos 14, 2015;Standard Class;SH-1997582;Sally Hughsby;Corporate;;Victoria;Tamaulipas;Mexico;Central America;LATAM;TEC-AC-4156;Technology;Accessories;Enermax Keyboard, Erganomic;325,08;6;0;32,4;28,367;Medium;August;2015
7205;MX-2015-DK1283551-42223;Cuma, Ağustos 07, 2015;Cuma, Ağustos 14, 2015;Standard Class;DK-1283551;Damala Kotsonis;Corporate;;Huehuetenango;Huehuetenango;Guatemala;Central America;LATAM;TEC-AC-4185;Technology;Accessories;Enermax Router, Bluetooth;1033,32;6;0;175,56;54,372;Medium;August;2015
41919;HU-2015-SH997557-42239;Pazar, Ağustos 23, 2015;Cuma, Ağustos 28, 2015;Standard Class;SH-997557;Sally Hughsby;Corporate;;Gyor;Gyor;Hungary;Eastern Europe;Europe;TEC-AC-5226;Technology;Accessories;Memorex Router, USB;3449,88;14;0;275,94;304,75;Medium;August;2015
49327;RW-2015-LW7215109-42237;Cuma, Ağustos 21, 2015;Salı, Ağustos 25, 2015;Standard Class;LW-7215109;Luke Weiss;Consumer;;Kigali;Kigali;Rwanda;Eastern Africa;Africa;TEC-MA-5516;Technology;Machines;Okidata Receipt Printer, White;121,32;1;0;7,26;9,62;Medium;August;2015
48777;SU-2015-CA2265122-42236;Perşembe, Ağustos 20, 2015;Çarşamba, Ağustos 26, 2015;Standard Class;CA-2265122;Christina Anderson;Consumer;;Bur Sudan;Red Sea;Sudan;North Africa;Africa;TEC-MA-6137;Technology;Machines;StarTech Card Printer, Red;321,3;2;0;35,34;18,99;Medium;August;2015
11622;ES-2015-TC21295139-42228;Çarşamba, Ağustos 12, 2015;Pazartesi, Ağustos 17, 2015;Standard Class;TC-21295139;Toby Carlisle;Consumer;;Preston;England;United Kingdom;Northern Europe;Europe;TEC-MA-6145;Technology;Machines;StarTech Phone, White;364,65;5;0;149,4;25,57;Medium;August;2015
10885;ES-2015-IM1507048-42234;Salı, Ağustos 18, 2015;Cumartesi, Ağustos 22, 2015;Standard Class;IM-1507048;Irene Maddox;Consumer;;Nuremberg;Bavaria;Germany;Western Europe;Europe;TEC-MA-4193;Technology;Machines;Epson Card Printer, Durable;1190,49;7;0;404,67;78,93;Medium;August;2015
20179;ES-2015-MR1754548-42218;Pazar, Ağustos 02, 2015;Cuma, Ağustos 07, 2015;Standard Class;MR-1754548;Mathew Reese;Home Office;;Krefeld;North Rhine-Westphalia;Germany;Western Europe;Europe;TEC-MA-5515;Technology;Machines;Okidata Receipt Printer, Red;600,3;5;0;102;15,45;Medium;August;2015
45928;AG-2015-HR48303-42221;Çarşamba, Ağustos 05, 2015;Pazartesi, Ağustos 10, 2015;Standard Class;HR-48303;Harold Ryan;Corporate;;Guelma;Guelma;Algeria;North Africa;Africa;TEC-MA-5503;Technology;Machines;Okidata Inkjet, Wireless;314,22;1;0;3,12;18,61;Medium;August;2015
19755;ES-2015-JD1589514-42227;Salı, Ağustos 11, 2015;Pazar, Ağustos 16, 2015;Standard Class;JD-1589514;Jonathan Doherty;Corporate;;Antwerp;Antwerp;Belgium;Western Europe;Europe;TEC-MA-6146;Technology;Machines;StarTech Phone, Wireless;372,6;5;0;29,7;21,99;Medium;August;2015
11512;ES-2015-BT1130548-42220;Salı, Ağustos 04, 2015;Pazar, Ağustos 09, 2015;Standard Class;BT-1130548;Beth Thompson;Home Office;;Herten;North Rhine-Westphalia;Germany;Western Europe;Europe;TEC-MA-5019;Technology;Machines;Konica Receipt Printer, Red;358,2;3;0;110,97;22,53;Medium;August;2015
41760;AU-2015-CA19658-42242;Çarşamba, Ağustos 26, 2015;Çarşamba, Eylül 02, 2015;Standard Class;CA-19658;Carol Adams;Corporate;;Innsbruck;Tyrol;Austria;Western Europe;Europe;TEC-MA-5013;Technology;Machines;Konica Phone, Wireless;344,76;4;0;68,88;27,14;Medium;August;2015
18069;IT-2015-CH12070125-42228;Çarşamba, Ağustos 12, 2015;Çarşamba, Ağustos 19, 2015;Standard Class;CH-12070125;Cathy Hwang;Home Office;;Zurich;Zürich;Switzerland;Western Europe;Europe;TEC-MA-5006;Technology;Machines;Konica Inkjet, Durable;623,7;2;0;37,38;65,91;Medium;August;2015
27672;IN-2015-AO1081058-42224;Cumartesi, Ağustos 08, 2015;Cumartesi, Ağustos 15, 2015;Standard Class;AO-1081058;Anthony O'Donnell;Corporate;;Agra;Uttar Pradesh;India;Southern Asia;Asia Pacific;TEC-MA-4206;Technology;Machines;Epson Printer, Red;1039,08;4;0;93,48;71,18;Medium;August;2015
24002;IN-2015-CP1234058-42239;Pazar, Ağustos 23, 2015;Cuma, Ağustos 28, 2015;Standard Class;CP-1234058;Christine Phan;Corporate;;Lucknow;Uttar Pradesh;India;Southern Asia;Asia Pacific;TEC-MA-5514;Technology;Machines;Okidata Receipt Printer, Durable;861,21;7;0;60,27;76;Medium;August;2015
41921;HU-2015-SH997557-42239;Pazar, Ağustos 23, 2015;Cuma, Ağustos 28, 2015;Standard Class;SH-997557;Sally Hughsby;Corporate;;Gyor;Gyor;Hungary;Eastern Europe;Europe;TEC-MA-4198;Technology;Machines;Epson Inkjet, White;1221,48;4;0;342;86,59;Medium;August;2015
14100;ES-2015-LW16825139-42218;Pazar, Ağustos 02, 2015;Perşembe, Ağustos 06, 2015;Standard Class;LW-16825139;Laurel Workman;Corporate;;Leeds;England;United Kingdom;Northern Europe;Europe;TEC-MA-5007;Technology;Machines;Konica Inkjet, White;1863,54;6;0;708,12;142,47;Medium;August;2015
48626;PL-2015-BP1185103-42220;Salı, Ağustos 04, 2015;Pazartesi, Ağustos 10, 2015;Standard Class;BP-1185103;Ben Peterman;Corporate;;Jaworzno;Silesia;Poland;Eastern Europe;Europe;TEC-CO-6000;Technology;Copiers;Sharp Fax Machine, Laser;295,65;1;0;26,58;12,1;Medium;August;2015
19377;ES-2015-MK17905120-42222;Perşembe, Ağustos 06, 2015;Çarşamba, Ağustos 12, 2015;Standard Class;MK-17905120;Michael Kennedy;Corporate;;Barcelona;Catalonia;Spain;Southern Europe;Europe;TEC-CO-3601;Technology;Copiers;Brother Ink, High-Speed;727,5;5;0;43,65;67,28;Medium;August;2015
19756;ES-2015-JD1589514-42227;Salı, Ağustos 11, 2015;Pazar, Ağustos 16, 2015;Standard Class;JD-1589514;Jonathan Doherty;Corporate;;Antwerp;Antwerp;Belgium;Western Europe;Europe;TEC-CO-4780;Technology;Copiers;HP Ink, Laser;1158,3;9;0;231,66;71,78;Medium;August;2015
20178;ES-2015-MR1754548-42218;Pazar, Ağustos 02, 2015;Cuma, Ağustos 07, 2015;Standard Class;MR-1754548;Mathew Reese;Home Office;;Krefeld;North Rhine-Westphalia;Germany;Western Europe;Europe;TEC-CO-3683;Technology;Copiers;Canon Fax and Copier, Digital;1336,86;7;0;147;77,97;Medium;August;2015
27662;IN-2015-SH2039527-42234;Salı, Ağustos 18, 2015;Pazar, Ağustos 23, 2015;Standard Class;SH-2039527;Shahid Hopkins;Consumer;;Xi'an;Shaanxi;China;Eastern Asia;Asia Pacific;TEC-CO-3706;Technology;Copiers;Canon Personal Copier, Laser;428,22;3;0;111,33;20,26;Medium;August;2015
27663;IN-2015-SH2039527-42234;Salı, Ağustos 18, 2015;Pazar, Ağustos 23, 2015;Standard Class;SH-2039527;Shahid Hopkins;Consumer;;Xi'an;Shaanxi;China;Eastern Asia;Asia Pacific;TEC-CO-6002;Technology;Copiers;Sharp Ink, Digital;496,2;4;0;64,44;28,43;Medium;August;2015
28492;IN-2015-CC1268558-42228;Çarşamba, Ağustos 12, 2015;Pazar, Ağustos 16, 2015;Standard Class;CC-1268558;Craig Carroll;Consumer;;Visakhapatnam;Andhra Pradesh;India;Southern Asia;Asia Pacific;TEC-CO-3682;Technology;Copiers;Canon Fax and Copier, Color;578,34;3;0;277,56;43,96;Medium;August;2015
51217;GG-2015-SJ1021547-42227;Salı, Ağustos 11, 2015;Pazar, Ağustos 16, 2015;Standard Class;SJ-1021547;Sarah Jordon;Consumer;;K'ut'aisi;Imereti;Georgia;Western Asia;Asia Pacific;TEC-CO-4579;Technology;Copiers;Hewlett Ink, Color;600,48;4;0;84;44,92;Medium;August;2015
20715;IN-2015-SC2038027-42229;Perşembe, Ağustos 13, 2015;Salı, Ağustos 18, 2015;Standard Class;SC-2038027;Shahid Collister;Consumer;;Mianyang;Sichuan;China;Eastern Asia;Asia Pacific;TEC-CO-4766;Technology;Copiers;HP Copy Machine, High-Speed;1218,45;5;0;268,05;112,17;Medium;August;2015
21922;IN-2015-HD1478558-42229;Perşembe, Ağustos 13, 2015;Salı, Ağustos 18, 2015;Standard Class;HD-1478558;Harold Dahlen;Home Office;;Faridabad;Haryana;India;Southern Asia;Asia Pacific;TEC-CO-4771;Technology;Copiers;HP Fax and Copier, High-Speed;342,18;2;0;82,08;29,93;Medium;August;2015
43000;EG-2015-CL270038-42228;Çarşamba, Ağustos 12, 2015;Salı, Ağustos 18, 2015;Standard Class;CL-270038;Craig Leslie;Home Office;;Hurghada;Al Bahr Al Ahmar;Egypt;North Africa;Africa;TEC-CO-4779;Technology;Copiers;HP Ink, High-Speed;126,9;1;0;7,59;10,39;Medium;August;2015
49008;GH-2015-GZ447049-42222;Perşembe, Ağustos 06, 2015;Çarşamba, Ağustos 12, 2015;Standard Class;GZ-447049;Gary Zandusky;Consumer;;Accra;Greater Accra;Ghana;Western Africa;Africa;TEC-CO-6010;Technology;Copiers;Sharp Wireless Fax, Digital;355,56;1;0;14,22;19,82;Medium;August;2015
51021;IZ-2015-RW969061-42243;Perşembe, Ağustos 27, 2015;Çarşamba, Eylül 02, 2015;Standard Class;RW-969061;Robert Waldorf;Consumer;;Basra;Al Basrah;Iraq;Western Asia;Asia Pacific;TEC-PH-3134;Technology;Phones;Apple Headset, VoIP;73,35;1;0;10,26;6,12;Medium;August;2015
27706;IN-2015-PT1909027-42245;Cumartesi, Ağustos 29, 2015;Perşembe, Eylül 03, 2015;Standard Class;PT-1909027;Pete Takahito;Consumer;;Harbin;Heilongjiang;China;Eastern Asia;Asia Pacific;TEC-PH-5829;Technology;Phones;Samsung Office Telephone, Cordless;136,14;2;0;13,56;9,16;Medium;August;2015
28926;IN-2015-CR1273058-42243;Perşembe, Ağustos 27, 2015;Salı, Eylül 01, 2015;Standard Class;CR-1273058;Craig Reiter;Consumer;;Delhi;Delhi;India;Southern Asia;Asia Pacific;TEC-PH-3803;Technology;Phones;Cisco Signal Booster, with Caller ID;455,49;3;0;86,49;9,24;Medium;August;2015
16296;ES-2015-RD1972048-42229;Perşembe, Ağustos 13, 2015;Salı, Ağustos 18, 2015;Standard Class;RD-1972048;Roger Demir;Consumer;;Offenburg;Baden-Württemberg;Germany;Western Europe;Europe;TEC-PH-5263;Technology;Phones;Motorola Signal Booster, Cordless;145,98;1;0;65,67;11,28;Medium;August;2015
9434;MX-2015-JF1556582-42243;Perşembe, Ağustos 27, 2015;Salı, Eylül 01, 2015;Standard Class;JF-1556582;Jill Fjeld;Consumer;;Azcapotzalco;Distrito Federal;Mexico;Central America;LATAM;TEC-PH-5825;Technology;Phones;Samsung Headset, Full Size;198,64;4;0;99,28;14,584;Medium;August;2015
46612;CA-2015-DO364523-42241;Salı, Ağustos 25, 2015;Pazartesi, Ağustos 31, 2015;Standard Class;DO-364523;Doug O'Connell;Consumer;;Calgary;Alberta;Canada;Canada;USCA;TEC-PH-5260;Technology;Phones;Motorola Office Telephone, Full Size;73,05;1;0;23,37;4,53;Medium;August;2015
22186;IN-2015-MS1777058-42218;Pazar, Ağustos 02, 2015;Cuma, Ağustos 07, 2015;Standard Class;MS-1777058;Maxwell Schwartz;Consumer;;Delhi;Delhi;India;Southern Asia;Asia Pacific;TEC-PH-3128;Technology;Phones;Apple Audio Dock, Full Size;336,36;2;0;117,72;20,49;Medium;August;2015
29219;IN-2015-RR1931558-42225;Pazar, Ağustos 09, 2015;Perşembe, Ağustos 13, 2015;Standard Class;RR-1931558;Ralph Ritter;Consumer;;Raipur;Chhattisgarh;India;Southern Asia;Asia Pacific;TEC-PH-5249;Technology;Phones;Motorola Audio Dock, with Caller ID;520,11;3;0;244,44;44;Medium;August;2015
16484;ES-2015-KA1652548-42231;Cumartesi, Ağustos 15, 2015;Çarşamba, Ağustos 19, 2015;Standard Class;KA-1652548;Kelly Andreada;Consumer;;Reutlingen;Baden-Württemberg;Germany;Western Europe;Europe;TEC-PH-3806;Technology;Phones;Cisco Smart Phone, Full Size;3256,95;5;0;716,4;198,27;Medium;August;2015
45807;SA-2015-LC7050110-42236;Perşembe, Ağustos 20, 2015;Salı, Ağustos 25, 2015;Standard Class;LC-7050110;Liz Carlisle;Consumer;;Jeddah;Makkah;Saudi Arabia;Western Asia;Asia Pacific;TEC-PH-3806;Technology;Phones;Cisco Smart Phone, Full Size;5211,12;8;0;1146,24;463,98;Medium;August;2015
45072;IV-2015-ML804029-42237;Cuma, Ağustos 21, 2015;Salı, Ağustos 25, 2015;Standard Class;ML-804029;Michelle Lonsdale;Corporate;;Abidjan;Lagunes;Cote d'Ivoire;Western Africa;Africa;TEC-PH-5341;Technology;Phones;Nokia Headset, VoIP;146,4;2;0;61,44;7,49;Medium;August;2015
3622;MX-2015-MK1790551-42231;Cumartesi, Ağustos 15, 2015;Çarşamba, Ağustos 19, 2015;Standard Class;MK-1790551;Michael Kennedy;Corporate;;Villa Nueva;Guatemala;Guatemala;Central America;LATAM;TEC-PH-3792;Technology;Phones;Cisco Headset, VoIP;295,1;5;0;17,7;12,303;Medium;August;2015
30019;IN-2015-ON1871558-42244;Cuma, Ağustos 28, 2015;Salı, Eylül 01, 2015;Standard Class;ON-1871558;Odella Nelson;Corporate;;Visakhapatnam;Andhra Pradesh;India;Southern Asia;Asia Pacific;TEC-PH-3146;Technology;Phones;Apple Signal Booster, with Caller ID;409,95;3;0;102,42;20,6;Medium;August;2015
9441;MX-2015-MW1823565-42234;Salı, Ağustos 18, 2015;Salı, Ağustos 25, 2015;Standard Class;MW-1823565;Mitch Willingham;Corporate;;Portmore;Saint Catherine;Jamaica;Caribbean;LATAM;TEC-PH-5825;Technology;Phones;Samsung Headset, Full Size;248,3;5;0;124,1;23,533;Medium;August;2015
29164;IN-2015-AS1028527-42231;Cumartesi, Ağustos 15, 2015;Çarşamba, Ağustos 19, 2015;Standard Class;AS-1028527;Alejandro Savely;Corporate;;Guangzhou;Guangdong;China;Eastern Asia;Asia Pacific;TEC-PH-3145;Technology;Phones;Apple Signal Booster, VoIP;957,18;7;0;191,31;55,35;Medium;August;2015
3916;MX-2015-AB1025531-42229;Perşembe, Ağustos 13, 2015;Perşembe, Ağustos 20, 2015;Standard Class;AB-1025531;Alejandro Ballentine;Home Office;;Holguín;Holguín;Cuba;Caribbean;LATAM;TEC-PH-5845;Technology;Phones;Samsung Speaker Phone, VoIP;82,22;1;0;18,08;3,071;Medium;August;2015
49117;SF-2015-MH8115117-42230;Cuma, Ağustos 14, 2015;Salı, Ağustos 18, 2015;Standard Class;MH-8115117;Mick Hernandez;Home Office;;Pretoria;Gauteng;South Africa;Southern Africa;Africa;TEC-PH-5835;Technology;Phones;Samsung Signal Booster, Cordless;139,44;1;0;57,15;11,77;Medium;August;2015
45130;HU-2015-AP72057-42242;Çarşamba, Ağustos 26, 2015;Pazar, Ağustos 30, 2015;Standard Class;AP-72057;Anne Pryor;Home Office;;Balmazujvaros;Hajdu-Bihar;Hungary;Eastern Europe;Europe;TEC-PH-5340;Technology;Phones;Nokia Headset, Full Size;446,4;6;0;8,82;24,92;Medium;August;2015
11509;ES-2015-BT1130548-42220;Salı, Ağustos 04, 2015;Pazar, Ağustos 09, 2015;Standard Class;BT-1130548;Beth Thompson;Home Office;;Herten;North Rhine-Westphalia;Germany;Western Europe;Europe;TEC-PH-5812;Technology;Phones;Samsung Audio Dock, Cordless;848,4;5;0;152,7;52,3;Medium;August;2015
28205;IN-2015-RB1970527-42236;Perşembe, Ağustos 20, 2015;Salı, Ağustos 25, 2015;Standard Class;RB-1970527;Roger Barcio;Home Office;;Jilin;Jilin;China;Eastern Asia;Asia Pacific;TEC-PH-5841;Technology;Phones;Samsung Smart Phone, VoIP;2544,96;4;0;1068,84;119,73;Medium;August;2015
50825;AO-2015-AZ7504-42241;Salı, Ağustos 25, 2015;Pazar, Ağustos 30, 2015;Standard Class;AZ-7504;Annie Zypern;Consumer;;Benguela;Benguela;Angola;Central Africa;Africa;FUR-FU-5734;Furniture;Furnishings;Rubbermaid Light Bulb, Erganomic;34,92;2;0;16,74;3,3;Medium;August;2015
45443;GG-2015-LC714047-42227;Salı, Ağustos 11, 2015;Salı, Ağustos 18, 2015;Standard Class;LC-714047;Logan Currie;Consumer;;Tbilisi;Tbilisi;Georgia;Western Asia;Asia Pacific;FUR-FU-6257;Furniture;Furnishings;Tenex Light Bulb, Black;37,86;2;0;11,34;3,42;Medium;August;2015
44497;TS-2015-EM4065133-42220;Salı, Ağustos 04, 2015;Pazartesi, Ağustos 10, 2015;Standard Class;EM-4065133;Erin Mull;Consumer;;Tunis;Tunis;Tunisia;North Africa;Africa;FUR-FU-3956;Furniture;Furnishings;Deflect-O Stacking Tray, Durable;50,58;2;0;2,52;3,91;Medium;August;2015
6743;MX-2015-TB2162551-42234;Salı, Ağustos 18, 2015;Pazar, Ağustos 23, 2015;Standard Class;TB-2162551;Trudy Brown;Consumer;;Chimaltenango;Chimaltenango;Guatemala;Central America;LATAM;FUR-FU-6237;Furniture;Furnishings;Tenex Clock, Duo Pack;67,08;2;0;25,48;4,262;Medium;August;2015
7206;MX-2015-DK1283551-42223;Cuma, Ağustos 07, 2015;Cuma, Ağustos 14, 2015;Standard Class;DK-1283551;Damala Kotsonis;Corporate;;Huehuetenango;Huehuetenango;Guatemala;Central America;LATAM;FUR-FU-6278;Furniture;Furnishings;Tenex Stacking Tray, Erganomic;31,8;2;0;0,6;2,341;Medium;August;2015
19380;ES-2015-GZ1454545-42229;Perşembe, Ağustos 13, 2015;Çarşamba, Ağustos 19, 2015;Standard Class;GZ-1454545;George Zrebassa;Corporate;;Palaiseau;Ile-de-France;France;Western Europe;Europe;FUR-FU-4075;Furniture;Furnishings;Eldon Light Bulb, Duo Pack;50,52;2;0;20,16;3,53;Medium;August;2015
16799;ES-2015-DG1330048-42242;Çarşamba, Ağustos 26, 2015;Pazar, Ağustos 30, 2015;Standard Class;DG-1330048;Deirdre Greer;Corporate;;Cologne;North Rhine-Westphalia;Germany;Western Europe;Europe;FUR-FU-5736;Furniture;Furnishings;Rubbermaid Photo Frame, Duo Pack;103,62;2;0;37,26;8,16;Medium;August;2015
44660;IZ-2015-JM525061-42235;Çarşamba, Ağustos 19, 2015;Salı, Ağustos 25, 2015;Standard Class;JM-525061;Janet Martin;Consumer;;Mosul;Ninawa;Iraq;Western Asia;Asia Pacific;FUR-FU-5733;Furniture;Furnishings;Rubbermaid Light Bulb, Durable;15,87;1;0;6,33;1,42;Medium;August;2015
46560;SO-2015-SM10905116-42237;Cuma, Ağustos 21, 2015;Salı, Ağustos 25, 2015;Standard Class;SM-10905116;Susan MacKendrick;Consumer;;Mogadishu;Banaadir;Somalia;Eastern Africa;Africa;FUR-FU-3047;Furniture;Furnishings;Advantus Photo Frame, Black;52,98;1;0;0,51;3,42;Medium;August;2015
23029;IN-2015-SC2068027-42235;Çarşamba, Ağustos 19, 2015;Pazartesi, Ağustos 24, 2015;Standard Class;SC-2068027;Steve Carroll;Home Office;;Chengdu;Sichuan;China;Eastern Asia;Asia Pacific;FUR-FU-5720;Furniture;Furnishings;Rubbermaid Clock, Durable;47,19;1;0;16,5;4,4;Medium;August;2015
47516;LY-2015-BK126074-42245;Cumartesi, Ağustos 29, 2015;Cumartesi, Eylül 05, 2015;Standard Class;BK-126074;Berenike Kampe;Consumer;;Misratah;Misratah;Libya;North Africa;Africa;FUR-FU-6278;Furniture;Furnishings;Tenex Stacking Tray, Erganomic;89,04;4;0;39,96;3,25;Medium;August;2015
50338;TO-2015-RA9915131-42230;Cuma, Ağustos 14, 2015;Salı, Ağustos 18, 2015;Standard Class;RA-9915131;Russell Applegate;Consumer;;Lome;Maritime;Togo;Western Africa;Africa;FUR-FU-4041;Furniture;Furnishings;Eldon Door Stop, Duo Pack;200,88;4;0;62,16;8,26;Medium;August;2015
6744;MX-2015-TB2162551-42234;Salı, Ağustos 18, 2015;Pazar, Ağustos 23, 2015;Standard Class;TB-2162551;Trudy Brown;Consumer;;Chimaltenango;Chimaltenango;Guatemala;Central America;LATAM;FUR-FU-4043;Furniture;Furnishings;Eldon Door Stop, Erganomic;162,6;5;0;60,1;11,26;Medium;August;2015
12183;ES-2015-JS1559548-42228;Çarşamba, Ağustos 12, 2015;Pazar, Ağustos 16, 2015;Standard Class;JS-1559548;Jill Stevenson;Corporate;;Bottrop;North Rhine-Westphalia;Germany;Western Europe;Europe;FUR-FU-6258;Furniture;Furnishings;Tenex Light Bulb, Duo Pack;56,97;3;0;6,75;5,46;Medium;August;2015
14797;IT-2015-CK1220564-42243;Perşembe, Ağustos 27, 2015;Salı, Eylül 01, 2015;Standard Class;CK-1220564;Chloris Kastensmidt;Consumer;;Rome;Lazio;Italy;Southern Europe;Europe;FUR-FU-5736;Furniture;Furnishings;Rubbermaid Photo Frame, Duo Pack;155,43;3;0;55,89;12,71;Medium;August;2015
27666;IN-2015-SH2039527-42234;Salı, Ağustos 18, 2015;Pazar, Ağustos 23, 2015;Standard Class;SH-2039527;Shahid Hopkins;Consumer;;Xi'an;Shaanxi;China;Eastern Asia;Asia Pacific;FUR-CH-4523;Furniture;Chairs;Harbour Creations Chairmat, Black;69,57;1;0;7,65;2,98;Medium;August;2015
27664;IN-2015-SH2039527-42234;Salı, Ağustos 18, 2015;Pazar, Ağustos 23, 2015;Standard Class;SH-2039527;Shahid Hopkins;Consumer;;Xi'an;Shaanxi;China;Eastern Asia;Asia Pacific;FUR-CH-5756;Furniture;Chairs;SAFCO Chairmat, Adjustable;186,93;3;0;29,88;14,95;Medium;August;2015
27665;IN-2015-SH2039527-42234;Salı, Ağustos 18, 2015;Pazar, Ağustos 23, 2015;Standard Class;SH-2039527;Shahid Hopkins;Consumer;;Xi'an;Shaanxi;China;Eastern Asia;Asia Pacific;FUR-CH-4699;Furniture;Chairs;Hon Steel Folding Chair, Red;325,68;4;0;123,72;17,28;Medium;August;2015
27707;IN-2015-PT1909027-42245;Cumartesi, Ağustos 29, 2015;Perşembe, Eylül 03, 2015;Standard Class;PT-1909027;Pete Takahito;Consumer;;Harbin;Heilongjiang;China;Eastern Asia;Asia Pacific;FUR-CH-5448;Furniture;Chairs;Office Star Rocking Chair, Red;986,37;7;0;108,36;82,05;Medium;August;2015
25483;IN-2015-JK1609058-42238;Cumartesi, Ağustos 22, 2015;Çarşamba, Ağustos 26, 2015;Standard Class;JK-1609058;Juliana Krohn;Consumer;;Ajmer;Rajasthan;India;Southern Asia;Asia Pacific;FUR-CH-4518;Furniture;Chairs;Harbour Creations Bag Chairs, Adjustable;128,22;2;0;48,72;11,49;Medium;August;2015
25485;IN-2015-JK1609058-42238;Cumartesi, Ağustos 22, 2015;Çarşamba, Ağustos 26, 2015;Standard Class;JK-1609058;Juliana Krohn;Consumer;;Ajmer;Rajasthan;India;Southern Asia;Asia Pacific;FUR-CH-5406;Furniture;Chairs;Novimex Steel Folding Chair, Adjustable;169,44;2;0;33,84;12,29;Medium;August;2015
29218;IN-2015-RR1931558-42225;Pazar, Ağustos 09, 2015;Perşembe, Ağustos 13, 2015;Standard Class;RR-1931558;Ralph Ritter;Consumer;;Raipur;Chhattisgarh;India;Southern Asia;Asia Pacific;FUR-CH-5794;Furniture;Chairs;SAFCO Rocking Chair, Black;397,44;3;0;15,84;26,96;Medium;August;2015
29151;IN-2015-JO1514558-42223;Cuma, Ağustos 07, 2015;Çarşamba, Ağustos 12, 2015;Standard Class;JO-1514558;Jack O'Briant;Corporate;;Kozhikode;Kerala;India;Southern Asia;Asia Pacific;FUR-CH-4545;Furniture;Chairs;Harbour Creations Rocking Chair, Black;289,32;2;0;49,14;29,2;Medium;August;2015
25540;IN-2015-LC1688558-42229;Perşembe, Ağustos 13, 2015;Çarşamba, Ağustos 19, 2015;Standard Class;LC-1688558;Lena Creighton;Consumer;;Guwahati;Assam;India;Southern Asia;Asia Pacific;FUR-CH-4544;Furniture;Chairs;Harbour Creations Rocking Chair, Adjustable;448,74;3;0;44,82;56,78;Medium;August;2015
51219;GG-2015-SJ1021547-42227;Salı, Ağustos 11, 2015;Pazar, Ağustos 16, 2015;Standard Class;SJ-1021547;Sarah Jordon;Consumer;;K'ut'aisi;Imereti;Georgia;Western Asia;Asia Pacific;FUR-CH-4522;Furniture;Chairs;Harbour Creations Chairmat, Adjustable;74,49;1;0;28,29;3,47;Medium;August;2015
44659;IZ-2015-JM525061-42235;Çarşamba, Ağustos 19, 2015;Salı, Ağustos 25, 2015;Standard Class;JM-525061;Janet Martin;Consumer;;Mosul;Ninawa;Iraq;Western Asia;Asia Pacific;FUR-CH-4697;Furniture;Chairs;Hon Steel Folding Chair, Adjustable;83,91;1;0;15,09;7,32;Medium;August;2015
44658;IZ-2015-JM525061-42235;Çarşamba, Ağustos 19, 2015;Salı, Ağustos 25, 2015;Standard Class;JM-525061;Janet Martin;Consumer;;Mosul;Ninawa;Iraq;Western Asia;Asia Pacific;FUR-CH-5802;Furniture;Chairs;SAFCO Steel Folding Chair, Red;171,42;2;0;80,52;7,65;Medium;August;2015
23733;IN-2015-JA1597021-42246;Pazar, Ağustos 30, 2015;Cumartesi, Eylül 05, 2015;Standard Class;JA-1597021;Joseph Airdo;Consumer;;Phnom Penh;Phnom Penh;Cambodia;Southeastern Asia;Asia Pacific;FUR-CH-5413;Furniture;Chairs;Novimex Swivel Stool, Red;1151,22;7;0;287,7;43,74;Medium;August;2015
46972;RO-2015-KF6285107-42223;Cuma, Ağustos 07, 2015;Salı, Ağustos 11, 2015;Standard Class;KF-6285107;Karen Ferguson;Home Office;;Targu Mures;Mures;Romania;Eastern Europe;Europe;FUR-CH-5411;Furniture;Chairs;Novimex Swivel Stool, Adjustable;333,9;2;0;26,7;29,89;Medium;August;2015
25543;IN-2015-LC1688558-42229;Perşembe, Ağustos 13, 2015;Çarşamba, Ağustos 19, 2015;Standard Class;LC-1688558;Lena Creighton;Consumer;;Guwahati;Assam;India;Southern Asia;Asia Pacific;FUR-TA-3755;Furniture;Tables;Chromcraft Coffee Table, Adjustable Height;807,84;3;0;250,38;31,63;Medium;August;2015
48905;SF-2015-CC2685117-42238;Cumartesi, Ağustos 22, 2015;Çarşamba, Ağustos 26, 2015;Standard Class;CC-2685117;Craig Carroll;Consumer;;George;Western Cape;South Africa;Southern Africa;Africa;FUR-TA-3421;Furniture;Tables;Bevis Conference Table, Rectangular;1842,66;2;0;884,46;130,25;Medium;August;2015
48584;IZ-2015-EJ415561-42229;Perşembe, Ağustos 13, 2015;Pazartesi, Ağustos 17, 2015;Standard Class;EJ-415561;Eva Jacobs;Consumer;;Baghdad;Baghdad;Iraq;Western Asia;Asia Pacific;FUR-BO-5973;Furniture;Bookcases;Sauder Stackable Bookrack, Traditional;146,28;1;0;21,93;11,94;Medium;August;2015
20983;IN-2015-IL1510058-42223;Cuma, Ağustos 07, 2015;Çarşamba, Ağustos 12, 2015;Standard Class;IL-1510058;Ivan Liston;Consumer;;Bhilai;Chhattisgarh;India;Southern Asia;Asia Pacific;FUR-BO-3615;Furniture;Bookcases;Bush 3-Shelf Cabinet, Metal;571,32;4;0;251,28;23,86;Medium;August;2015
47517;LY-2015-BK126074-42245;Cumartesi, Ağustos 29, 2015;Cumartesi, Eylül 05, 2015;Standard Class;BK-126074;Berenike Kampe;Consumer;;Misratah;Misratah;Libya;North Africa;Africa;FUR-BO-3630;Furniture;Bookcases;Bush Corner Shelving, Pine;125,34;1;0;60,15;3,97;Medium;August;2015
43439;SF-2015-JD6060117-42229;Perşembe, Ağustos 13, 2015;Pazartesi, Ağustos 17, 2015;Standard Class;JD-6060117;Julia Dunbar;Consumer;;Johannesburg;Gauteng;South Africa;Southern Africa;Africa;FUR-BO-3894;Furniture;Bookcases;Dania Corner Shelving, Mobile;249,18;2;0;72,24;14,1;Medium;August;2015
45298;CG-2015-AM70533-42233;Pazartesi, Ağustos 17, 2015;Cuma, Ağustos 21, 2015;Standard Class;AM-70533;Anne McFarland;Consumer;;Kalemie;Katanga;Democratic Republic of the Congo;Central Africa;Africa;FUR-BO-5961;Furniture;Bookcases;Sauder Floating Shelf Set, Pine;391,86;2;0;90,12;44,22;Medium;August;2015
43041;HR-2015-LH715530-42238;Cumartesi, Ağustos 22, 2015;Çarşamba, Ağustos 26, 2015;Standard Class;LH-715530;Logan Haushalter;Consumer;;Samobor;Zagrebacka;Croatia;Southern Europe;Europe;FUR-BO-3627;Furniture;Bookcases;Bush Classic Bookcase, Traditional;825,36;2;0;338,34;53,55;Medium;August;2015
10899;ES-2015-HA14905120-42245;Cumartesi, Ağustos 29, 2015;Çarşamba, Eylül 02, 2015;Standard Class;HA-14905120;Helen Abelman;Consumer;;Barcelona;Catalonia;Spain;Southern Europe;Europe;FUR-BO-4859;Furniture;Bookcases;Ikea Floating Shelf Set, Traditional;851,7;5;0;51;60,86;Medium;August;2015
8323;MX-2015-BS1166518-42232;Pazar, Ağustos 16, 2015;Cuma, Ağustos 21, 2015;Standard Class;BS-1166518;Brian Stugart;Consumer;;Sapucaia do Sul;Rio Grande do Sul;Brazil;South America;LATAM;FUR-BO-4860;Furniture;Bookcases;Ikea Library with Doors, Metal;725,7;3;0;94,32;62,873;Medium;August;2015
22442;IN-2015-BS1136566-42243;Perşembe, Ağustos 27, 2015;Pazartesi, Ağustos 31, 2015;Standard Class;BS-1136566;Bill Shonely;Corporate;;Asahikawa;Hokkaido;Japan;Eastern Asia;Asia Pacific;FUR-BO-3634;Furniture;Bookcases;Bush Floating Shelf Set, Metal;170,73;1;0;44,37;12,61;Medium;August;2015
4054;MX-2015-BS1136518-42231;Cumartesi, Ağustos 15, 2015;Cuma, Ağustos 21, 2015;Standard Class;BS-1136518;Bill Shonely;Corporate;;Betim;Minas Gerais;Brazil;South America;LATAM;FUR-BO-3894;Furniture;Bookcases;Dania Corner Shelving, Mobile;415,3;5;0;112,1;27,084;Medium;August;2015
19757;ES-2015-JD1589514-42227;Salı, Ağustos 11, 2015;Pazar, Ağustos 16, 2015;Standard Class;JD-1589514;Jonathan Doherty;Corporate;;Antwerp;Antwerp;Belgium;Western Europe;Europe;FUR-BO-5942;Furniture;Bookcases;Sauder 3-Shelf Cabinet, Pine;504,09;3;0;115,92;28,73;Medium;August;2015
15927;ES-2015-NS1864064-42235;Çarşamba, Ağustos 19, 2015;Salı, Ağustos 25, 2015;Standard Class;NS-1864064;Noel Staavos;Corporate;;Verona;Veneto;Italy;Southern Europe;Europe;FUR-BO-5972;Furniture;Bookcases;Sauder Stackable Bookrack, Pine;740,85;5;0;266,7;39,62;Medium;August;2015
45071;IV-2015-ML804029-42237;Cuma, Ağustos 21, 2015;Salı, Ağustos 25, 2015;Standard Class;ML-804029;Michelle Lonsdale;Corporate;;Abidjan;Lagunes;Cote d'Ivoire;Western Africa;Africa;FUR-BO-5761;Furniture;Bookcases;Safco Classic Bookcase, Mobile;881,34;2;0;334,86;56,62;Medium;August;2015
45610;CG-2015-MH811533-42225;Pazar, Ağustos 09, 2015;Cumartesi, Ağustos 15, 2015;Standard Class;MH-811533;Mick Hernandez;Home Office;;Kikwit;Bandundu;Democratic Republic of the Congo;Central Africa;Africa;FUR-BO-5747;Furniture;Bookcases;Safco 3-Shelf Cabinet, Pine;170,19;1;0;27,21;11,26;Medium;August;2015
46974;RO-2015-KF6285107-42223;Cuma, Ağustos 07, 2015;Salı, Ağustos 11, 2015;Standard Class;KF-6285107;Karen Ferguson;Home Office;;Targu Mures;Mures;Romania;Eastern Europe;Europe;FUR-BO-3634;Furniture;Bookcases;Bush Floating Shelf Set, Metal;341,46;2;0;30,72;24,37;Medium;August;2015
46970;RO-2015-KF6285107-42223;Cuma, Ağustos 07, 2015;Salı, Ağustos 11, 2015;Standard Class;KF-6285107;Karen Ferguson;Home Office;;Targu Mures;Mures;Romania;Eastern Europe;Europe;FUR-BO-4859;Furniture;Bookcases;Ikea Floating Shelf Set, Traditional;340,68;2;0;20,4;25,31;Medium;August;2015
16735;IT-2015-DB1291064-42223;Cuma, Ağustos 07, 2015;Salı, Ağustos 11, 2015;Standard Class;DB-1291064;Daniel Byrd;Home Office;;Parma;Emilia-Romagna;Italy;Southern Europe;Europe;FUR-BO-5972;Furniture;Bookcases;Sauder Stackable Bookrack, Pine;592,68;4;0;213,36;40,89;Medium;August;2015
27993;IN-2015-GM144551-42217;Cumartesi, Ağustos 01, 2015;Çarşamba, Ağustos 05, 2015;Standard Class;GM-144551;Gary Mitchum;Home Office;;Kabul;Kabul;Afghanistan;Southern Asia;Asia Pacific;FUR-BO-3626;Furniture;Bookcases;Bush Classic Bookcase, Pine;2070,15;5;0;848,7;185,01;Medium;August;2015
12660;ES-2015-CM1193548-42244;Cuma, Ağustos 28, 2015;Çarşamba, Eylül 02, 2015;Standard Class;CM-1193548;Carlos Meador;Consumer;;Hamm;North Rhine-Westphalia;Germany;Western Europe;Europe;TEC-AC-5881;Technology;Accessories;SanDisk Mouse, Erganomic;108,36;3;0;21,6;11,79;High;August;2015
7681;MX-2015-JK1562518-42246;Pazar, Ağustos 30, 2015;Perşembe, Eylül 03, 2015;Standard Class;JK-1562518;Jim Karlsson;Consumer;;Arcoverde;Pernambuco;Brazil;South America;LATAM;TEC-AC-5199;Technology;Accessories;Memorex Keyboard, Bluetooth;142,68;3;0;32,76;19,201;High;August;2015
18632;ES-2015-RA1991564-42245;Cumartesi, Ağustos 29, 2015;Çarşamba, Eylül 02, 2015;Standard Class;RA-1991564;Russell Applegate;Consumer;;La Spezia;Liguria;Italy;Southern Europe;Europe;TEC-AC-5226;Technology;Accessories;Memorex Router, USB;985,68;4;0;78,84;68,92;High;August;2015
16636;ES-2015-RA1928548-42224;Cumartesi, Ağustos 08, 2015;Çarşamba, Ağustos 12, 2015;Standard Class;RA-1928548;Ralph Arnett;Consumer;;Schwerin;Mecklenburg-Vorpommern;Germany;Western Europe;Europe;TEC-AC-5896;Technology;Accessories;SanDisk Router, Programmable;773,55;3;0;170,1;88,09;High;August;2015
44649;AG-2015-CD27903-42236;Perşembe, Ağustos 20, 2015;Salı, Ağustos 25, 2015;Standard Class;CD-27903;Cynthia Delaney;Home Office;;Oran;Oran;Algeria;North Africa;Africa;TEC-AC-5219;Technology;Accessories;Memorex Mouse, USB;56,76;2;0;10,74;2,77;High;August;2015
44647;AG-2015-CD27903-42236;Perşembe, Ağustos 20, 2015;Salı, Ağustos 25, 2015;Standard Class;CD-27903;Cynthia Delaney;Home Office;;Oran;Oran;Algeria;North Africa;Africa;TEC-AC-5219;Technology;Accessories;Memorex Mouse, USB;56,76;2;0;10,74;5,43;High;August;2015
43689;SF-2015-EH4125117-42244;Cuma, Ağustos 28, 2015;Salı, Eylül 01, 2015;Standard Class;EH-4125117;Eugene Hildebrand;Home Office;;Pretoria;Gauteng;South Africa;Southern Africa;Africa;TEC-AC-5218;Technology;Accessories;Memorex Mouse, Programmable;29,67;1;0;2,07;5,85;High;August;2015
43690;SF-2015-EH4125117-42244;Cuma, Ağustos 28, 2015;Salı, Eylül 01, 2015;Standard Class;EH-4125117;Eugene Hildebrand;Home Office;;Pretoria;Gauteng;South Africa;Southern Africa;Africa;TEC-AC-5880;Technology;Accessories;SanDisk Mouse, Bluetooth;38,31;1;0;4,2;6,31;High;August;2015
2480;MX-2015-YS2188031-42244;Cuma, Ağustos 28, 2015;Salı, Eylül 01, 2015;Standard Class;YS-2188031;Yana Sorensen;Corporate;;San José de las Lajas;Mayabeque;Cuba;Caribbean;LATAM;TEC-AC-5130;Technology;Accessories;Logitech Numeric Keypad, Bluetooth;61,76;2;0;22,84;6,58;High;August;2015
44643;AG-2015-CD27903-42236;Perşembe, Ağustos 20, 2015;Salı, Ağustos 25, 2015;Standard Class;CD-27903;Cynthia Delaney;Home Office;;Oran;Oran;Algeria;North Africa;Africa;TEC-AC-5123;Technology;Accessories;Logitech Memory Card, Programmable;209,76;2;0;85,98;34,8;High;August;2015
2477;MX-2015-YS2188031-42244;Cuma, Ağustos 28, 2015;Salı, Eylül 01, 2015;Standard Class;YS-2188031;Yana Sorensen;Corporate;;San José de las Lajas;Mayabeque;Cuba;Caribbean;LATAM;TEC-AC-5873;Technology;Accessories;SanDisk Memory Card, Erganomic;220,44;3;0;17,58;36,639;High;August;2015
15465;ES-2015-DG133008-42229;Perşembe, Ağustos 13, 2015;Pazartesi, Ağustos 17, 2015;Standard Class;DG-133008;Deirdre Greer;Corporate;;Vienna;Vienna;Austria;Western Europe;Europe;TEC-AC-3402;Technology;Accessories;Belkin Router, Bluetooth;517,5;2;0;20,7;78;High;August;2015
22874;IN-2015-DN1369027-42242;Çarşamba, Ağustos 26, 2015;Pazar, Ağustos 30, 2015;Standard Class;DN-1369027;Duane Noonan;Consumer;;Tangshan;Hebei;China;Eastern Asia;Asia Pacific;TEC-MA-5567;Technology;Machines;Panasonic Phone, Durable;254,88;3;0;40,77;11,98;High;August;2015
28227;IN-2015-SR2042566-42244;Cuma, Ağustos 28, 2015;Salı, Eylül 01, 2015;Standard Class;SR-2042566;Sharelle Roach;Home Office;;Kawasaki;Fukuoka;Japan;Eastern Asia;Asia Pacific;TEC-MA-4196;Technology;Machines;Epson Card Printer, Wireless;849,75;5;0;203,85;100,79;High;August;2015
17032;ES-2015-TC2098048-42242;Çarşamba, Ağustos 26, 2015;Pazar, Ağustos 30, 2015;Standard Class;TC-2098048;Tamara Chand;Corporate;;Mainz;Rhineland-Palatinate;Germany;Western Europe;Europe;TEC-CO-4778;Technology;Copiers;HP Ink, Digital;513,36;4;0;66,72;42,37;High;August;2015
30240;IN-2015-HD1478527-42240;Pazartesi, Ağustos 24, 2015;Cuma, Ağustos 28, 2015;Standard Class;HD-1478527;Harold Dahlen;Home Office;;Jiangmen;Guangdong;China;Eastern Asia;Asia Pacific;TEC-CO-4568;Technology;Copiers;Hewlett Copy Machine, Color;785,61;3;0;157,05;152,87;High;August;2015
17364;ES-2015-CM12235139-42221;Çarşamba, Ağustos 05, 2015;Pazar, Ağustos 09, 2015;Standard Class;CM-12235139;Chris McAfee;Consumer;;Gloucester;England;United Kingdom;Northern Europe;Europe;TEC-PH-3800;Technology;Phones;Cisco Signal Booster, Cordless;1237,44;8;0;74,16;255,92;High;August;2015
44646;AG-2015-CD27903-42236;Perşembe, Ağustos 20, 2015;Salı, Ağustos 25, 2015;Standard Class;CD-27903;Cynthia Delaney;Home Office;;Oran;Oran;Algeria;North Africa;Africa;TEC-PH-5346;Technology;Phones;Nokia Office Telephone, Cordless;67,98;1;0;6,09;13,22;High;August;2015
25505;IN-2015-PN1877558-42228;Çarşamba, Ağustos 12, 2015;Pazartesi, Ağustos 17, 2015;Standard Class;PN-1877558;Parhena Norris;Home Office;;Visakhapatnam;Andhra Pradesh;India;Southern Asia;Asia Pacific;TEC-PH-5264;Technology;Phones;Motorola Signal Booster, Full Size;288,84;2;0;37,5;53,02;High;August;2015
2484;MX-2015-YS2188031-42244;Cuma, Ağustos 28, 2015;Salı, Eylül 01, 2015;Standard Class;YS-2188031;Yana Sorensen;Corporate;;San José de las Lajas;Mayabeque;Cuba;Caribbean;LATAM;TEC-PH-3806;Technology;Phones;Cisco Smart Phone, Full Size;870,24;2;0;295,88;66,911;High;August;2015
9711;MX-2015-CC1210082-42245;Cumartesi, Ağustos 29, 2015;Çarşamba, Eylül 02, 2015;Standard Class;CC-1210082;Chad Cunningham;Home Office;;Coyoacán;Distrito Federal;Mexico;Central America;LATAM;TEC-PH-5268;Technology;Phones;Motorola Smart Phone, Full Size;2142,3;5;0;556,9;363,1;High;August;2015
47784;MA-2015-JF519077-42220;Salı, Ağustos 04, 2015;Cumartesi, Ağustos 08, 2015;Standard Class;JF-519077;Jamie Frazer;Consumer;;Antananarivo;Analamanga;Madagascar;Eastern Africa;Africa;FUR-FU-3933;Furniture;Furnishings;Deflect-O Door Stop, Duo Pack;88,02;2;0;31,68;15,06;High;August;2015
18633;ES-2015-RA1991564-42245;Cumartesi, Ağustos 29, 2015;Çarşamba, Eylül 02, 2015;Standard Class;RA-1991564;Russell Applegate;Consumer;;La Spezia;Liguria;Italy;Southern Europe;Europe;FUR-FU-4043;Furniture;Furnishings;Eldon Door Stop, Erganomic;146,34;3;0;18,99;16,18;High;August;2015
16859;IT-2015-KD1634545-42238;Cumartesi, Ağustos 22, 2015;Çarşamba, Ağustos 26, 2015;Standard Class;KD-1634545;Katherine Ducich;Consumer;;Bagnolet;Ile-de-France;France;Western Europe;Europe;FUR-FU-5728;Furniture;Furnishings;Rubbermaid Frame, Duo Pack;879,6;8;0;96,72;123,42;High;August;2015
17033;ES-2015-TC2098048-42242;Çarşamba, Ağustos 26, 2015;Pazar, Ağustos 30, 2015;Standard Class;TC-2098048;Tamara Chand;Corporate;;Mainz;Rhineland-Palatinate;Germany;Western Europe;Europe;FUR-FU-3029;Furniture;Furnishings;Advantus Door Stop, Durable;126,18;3;0;63,09;14,34;High;August;2015
20107;ES-2015-YC21895120-42238;Cumartesi, Ağustos 22, 2015;Perşembe, Ağustos 27, 2015;Standard Class;YC-21895120;Yoseph Carroll;Corporate;;Madrid;Madrid;Spain;Southern Europe;Europe;FUR-FU-3957;Furniture;Furnishings;Deflect-O Stacking Tray, Erganomic;191,28;8;0;53,52;15,7;High;August;2015
44107;RO-2015-HW4935107-42245;Cumartesi, Ağustos 29, 2015;Çarşamba, Eylül 02, 2015;Standard Class;HW-4935107;Helen Wasserman;Corporate;;Bacau;Bacau;Romania;Eastern Europe;Europe;FUR-FU-3942;Furniture;Furnishings;Deflect-O Frame, Durable;214,14;2;0;87,78;24,74;High;August;2015
50340;UP-2015-DW3480137-42234;Salı, Ağustos 18, 2015;Cumartesi, Ağustos 22, 2015;Standard Class;DW-3480137;Dianna Wilson;Home Office;;Ternopil';Ternopil';Ukraine;Eastern Europe;Europe;FUR-CH-5757;Furniture;Chairs;SAFCO Chairmat, Black;229,56;4;0;11,4;31,14;High;August;2015
47511;UP-2015-ME7320137-42223;Cuma, Ağustos 07, 2015;Salı, Ağustos 11, 2015;Standard Class;ME-7320137;Maria Etezadi;Home Office;;L'viv;L'viv;Ukraine;Eastern Europe;Europe;FUR-CH-5753;Furniture;Chairs;SAFCO Bag Chairs, Set of Two;310,14;6;0;99,18;47,6;High;August;2015
42378;AU-2015-MD78608-42243;Perşembe, Ağustos 27, 2015;Pazartesi, Ağustos 31, 2015;Standard Class;MD-78608;Michael Dominguez;Corporate;;Klagenfurt;Carinthia;Austria;Western Europe;Europe;FUR-CH-4546;Furniture;Chairs;Harbour Creations Rocking Chair, Red;588,36;4;0;29,4;66,7;High;August;2015
49985;IZ-2015-DW348061-42238;Cumartesi, Ağustos 22, 2015;Çarşamba, Ağustos 26, 2015;Standard Class;DW-348061;Dianna Wilson;Home Office;;Arbil;Arbil;Iraq;Western Asia;Asia Pacific;FUR-CH-4703;Furniture;Chairs;Hon Swivel Stool, Red;654,6;4;0;98,16;120,16;High;August;2015
2482;MX-2015-YS2188031-42244;Cuma, Ağustos 28, 2015;Salı, Eylül 01, 2015;Standard Class;YS-2188031;Yana Sorensen;Corporate;;San José de las Lajas;Mayabeque;Cuba;Caribbean;LATAM;FUR-BO-5787;Furniture;Bookcases;Safco Library with Doors, Pine;260,76;1;0;104,3;23,043;High;August;2015
22873;IN-2015-DN1369027-42242;Çarşamba, Ağustos 26, 2015;Pazar, Ağustos 30, 2015;Standard Class;DN-1369027;Duane Noonan;Consumer;;Tangshan;Hebei;China;Eastern Asia;Asia Pacific;FUR-BO-5960;Furniture;Bookcases;Sauder Floating Shelf Set, Mobile;591,3;3;0;218,7;68,71;High;August;2015
18634;ES-2015-RA1991564-42245;Cumartesi, Ağustos 29, 2015;Çarşamba, Eylül 02, 2015;Standard Class;RA-1991564;Russell Applegate;Consumer;;La Spezia;Liguria;Italy;Southern Europe;Europe;FUR-BO-3635;Furniture;Bookcases;Bush Floating Shelf Set, Mobile;1216,53;7;0;304,08;155,61;High;August;2015
43561;IR-2015-PF916560-42234;Salı, Ağustos 18, 2015;Salı, Ağustos 25, 2015;Standard Class;PF-916560;Philip Fox;Consumer;;Borujerd;Lorestan;Iran;Southern Asia;Asia Pacific;TEC-AC-5865;Technology;Accessories;SanDisk Keyboard, Erganomic;158,58;2;0;20,58;14,07;Low;August;2015
4648;MX-2015-JW1595539-42237;Cuma, Ağustos 21, 2015;Perşembe, Ağustos 27, 2015;Standard Class;JW-1595539;Joni Wasserman;Consumer;;San Salvador;San Salvador;El Salvador;Central America;LATAM;FUR-CH-5800;Furniture;Chairs;SAFCO Steel Folding Chair, Adjustable;117,6;2;0;47,04;15,226;Low;August;2015
45958;PL-2015-AR345103-42228;Çarşamba, Ağustos 12, 2015;Çarşamba, Ağustos 19, 2015;Standard Class;AR-345103;Alex Russell;Corporate;;Warsaw;Masovia;Poland;Eastern Europe;Europe;TEC-MA-6143;Technology;Machines;StarTech Phone, Durable;149,28;2;0;11,94;20,36;Low;August;2015
8375;MX-2015-RB1946518-42242;Çarşamba, Ağustos 26, 2015;Salı, Eylül 01, 2015;Standard Class;RB-1946518;Rick Bensley;Home Office;;Nova Serrana;Minas Gerais;Brazil;South America;LATAM;FUR-BO-3629;Furniture;Bookcases;Bush Corner Shelving, Mobile;168,68;2;0;74,2;20,511;Low;August;2015
13535;IT-2015-VG2179064-42218;Pazar, Ağustos 02, 2015;Cumartesi, Ağustos 08, 2015;Standard Class;VG-2179064;Vivek Gonzalez;Consumer;;Bari;Apulia;Italy;Southern Europe;Europe;TEC-CO-3697;Technology;Copiers;Canon Ink, Laser;294,3;2;0;138,3;25,51;Low;August;2015
46360;MO-2015-DM301586-42244;Cuma, Ağustos 28, 2015;Perşembe, Eylül 03, 2015;Standard Class;DM-301586;Darrin Martin;Consumer;;Meknes;Meknès-Tafilalet;Morocco;North Africa;Africa;TEC-MA-5021;Technology;Machines;Konica Receipt Printer, Wireless;244,5;2;0;48,9;33,27;Low;August;2015
16515;ES-2015-EH14125139-42230;Cuma, Ağustos 14, 2015;Perşembe, Ağustos 20, 2015;Standard Class;EH-14125139;Eugene Hildebrand;Home Office;;Cardiff;Wales;United Kingdom;Northern Europe;Europe;TEC-PH-5835;Technology;Phones;Samsung Signal Booster, Cordless;278,88;2;0;114,3;41,29;Low;August;2015
26101;IN-2015-AJ1078058-42245;Cumartesi, Ağustos 29, 2015;Cuma, Eylül 04, 2015;Standard Class;AJ-1078058;Anthony Jacobs;Corporate;;Tirupati;Andhra Pradesh;India;Southern Asia;Asia Pacific;FUR-BO-5951;Furniture;Bookcases;Sauder Classic Bookcase, Traditional;871,98;2;0;322,62;126,02;Low;August;2015
12861;ES-2015-SC20050139-42238;Cumartesi, Ağustos 22, 2015;Cuma, Ağustos 28, 2015;Standard Class;SC-20050139;Sample Company A;Home Office;;Sunderland;England;United Kingdom;Northern Europe;Europe;TEC-AC-5133;Technology;Accessories;Logitech Numeric Keypad, USB;46,53;1;0;19,98;3,28;Low;August;2015
12802;ES-2015-FM14215120-42220;Salı, Ağustos 04, 2015;Pazartesi, Ağustos 10, 2015;Standard Class;FM-14215120;Filia McAdams;Corporate;;Madrid;Madrid;Spain;Southern Europe;Europe;FUR-BO-3647;Furniture;Bookcases;Bush Stackable Bookrack, Pine;124,86;1;0;48,69;15,09;Low;August;2015
47762;SU-2015-BW1200122-42236;Perşembe, Ağustos 20, 2015;Çarşamba, Ağustos 26, 2015;Standard Class;BW-1200122;Ben Wallace;Consumer;;Khartoum;Khartoum;Sudan;North Africa;Africa;TEC-CO-4765;Technology;Copiers;HP Copy Machine, Color;245,13;1;0;83,34;29,44;Low;August;2015
47767;SU-2015-BW1200122-42236;Perşembe, Ağustos 20, 2015;Çarşamba, Ağustos 26, 2015;Standard Class;BW-1200122;Ben Wallace;Consumer;;Khartoum;Khartoum;Sudan;North Africa;Africa;TEC-MA-5502;Technology;Machines;Okidata Inkjet, White;311,25;1;0;40,44;37,93;Low;August;2015
47765;SU-2015-BW1200122-42236;Perşembe, Ağustos 20, 2015;Çarşamba, Ağustos 26, 2015;Standard Class;BW-1200122;Ben Wallace;Consumer;;Khartoum;Khartoum;Sudan;North Africa;Africa;FUR-BO-5951;Furniture;Bookcases;Sauder Classic Bookcase, Traditional;435,99;1;0;178,74;38,36;Low;August;2015
43016;GH-2015-EG390049-42224;Cumartesi, Ağustos 08, 2015;Cumartesi, Ağustos 15, 2015;Standard Class;EG-390049;Emily Grady;Consumer;;Accra;Greater Accra;Ghana;Western Africa;Africa;FUR-CH-5441;Furniture;Chairs;Office Star Executive Leather Armchair, Adjustable;469,92;1;0;51,69;48,37;Low;August;2015
25088;ID-2015-BV1124527-42232;Pazar, Ağustos 16, 2015;Cumartesi, Ağustos 22, 2015;Standard Class;BV-1124527;Benjamin Venier;Corporate;;Xiaogan;Hubei;China;Eastern Asia;Asia Pacific;FUR-CH-5379;Furniture;Chairs;Novimex Executive Leather Armchair, Black;457,95;1;0;13,71;60,27;Low;August;2015
8374;MX-2015-RB1946518-42242;Çarşamba, Ağustos 26, 2015;Salı, Eylül 01, 2015;Standard Class;RB-1946518;Rick Bensley;Home Office;;Nova Serrana;Minas Gerais;Brazil;South America;LATAM;TEC-PH-5813;Technology;Phones;Samsung Audio Dock, Full Size;336,24;3;0;100,86;32,762;Low;August;2015
12860;ES-2015-SC20050139-42238;Cumartesi, Ağustos 22, 2015;Cuma, Ağustos 28, 2015;Standard Class;SC-20050139;Sample Company A;Home Office;;Sunderland;England;United Kingdom;Northern Europe;Europe;FUR-CH-5449;Furniture;Chairs;Office Star Rocking Chair, Set of Two;429,48;3;0;17,1;34,85;Low;August;2015
23331;IN-2015-TT2146058-42222;Perşembe, Ağustos 06, 2015;Çarşamba, Ağustos 12, 2015;Standard Class;TT-2146058;Tonja Turnell;Home Office;;Ludhiana;Punjab;India;Southern Asia;Asia Pacific;TEC-CO-3705;Technology;Copiers;Canon Personal Copier, High-Speed;422,82;3;0;12,6;48,5;Low;August;2015
16514;ES-2015-EH14125139-42230;Cuma, Ağustos 14, 2015;Perşembe, Ağustos 20, 2015;Standard Class;EH-14125139;Eugene Hildebrand;Home Office;;Cardiff;Wales;United Kingdom;Northern Europe;Europe;TEC-MA-4212;Technology;Machines;Epson Receipt Printer, Wireless;351,09;3;0;84,24;60,19;Low;August;2015
27848;IN-2015-NL1831078-42224;Cumartesi, Ağustos 08, 2015;Cuma, Ağustos 14, 2015;Standard Class;NL-1831078;Nancy Lomonaco;Home Office;;Kuantan;Pahang;Malaysia;Southeastern Asia;Asia Pacific;FUR-FU-6236;Furniture;Furnishings;Tenex Clock, Black;251,25;5;0;42,6;32,84;Low;August;2015
17781;IT-2015-KH1669096-42220;Salı, Ağustos 04, 2015;Pazartesi, Ağustos 10, 2015;Standard Class;KH-1669096;Kristen Hastings;Corporate;;Bergen;Hordaland;Norway;Northern Europe;Europe;FUR-CH-4704;Furniture;Chairs;Hon Swivel Stool, Set of Two;1327,2;8;0;318,48;81,18;Low;August;2015
25087;ID-2015-BV1124527-42232;Pazar, Ağustos 16, 2015;Cumartesi, Ağustos 22, 2015;Standard Class;BV-1124527;Benjamin Venier;Corporate;;Xiaogan;Hubei;China;Eastern Asia;Asia Pacific;FUR-CH-4530;Furniture;Chairs;Harbour Creations Executive Leather Armchair, Adjustable;1904,4;4;0;418,92;171,05;Low;August;2015
44161;CG-2015-MH744033-42218;Pazar, Ağustos 02, 2015;Cumartesi, Ağustos 08, 2015;Standard Class;MH-744033;Mark Haberlin;Corporate;;Mbuji-mayi;Kasai-Oriental;Democratic Republic of the Congo;Central Africa;Africa;FUR-BO-5763;Furniture;Bookcases;Safco Classic Bookcase, Traditional;1752,6;4;0;455,64;228,7;Low;August;2015
47760;SU-2015-BW1200122-42236;Perşembe, Ağustos 20, 2015;Çarşamba, Ağustos 26, 2015;Standard Class;BW-1200122;Ben Wallace;Consumer;;Khartoum;Khartoum;Sudan;North Africa;Africa;TEC-AC-5880;Technology;Accessories;SanDisk Mouse, Bluetooth;153,24;4;0;16,8;19,43;Low;August;2015
47763;SU-2015-BW1200122-42236;Perşembe, Ağustos 20, 2015;Çarşamba, Ağustos 26, 2015;Standard Class;BW-1200122;Ben Wallace;Consumer;;Khartoum;Khartoum;Sudan;North Africa;Africa;TEC-AC-5200;Technology;Accessories;Memorex Keyboard, Erganomic;414,9;6;0;8,28;22,05;Low;August;2015
25085;ID-2015-BV1124527-42232;Pazar, Ağustos 16, 2015;Cumartesi, Ağustos 22, 2015;Standard Class;BV-1124527;Benjamin Venier;Corporate;;Xiaogan;Hubei;China;Eastern Asia;Asia Pacific;TEC-AC-4173;Technology;Accessories;Enermax Mouse, Programmable;208,95;5;0;91,8;23,11;Low;August;2015
44160;CG-2015-MH744033-42218;Pazar, Ağustos 02, 2015;Cumartesi, Ağustos 08, 2015;Standard Class;MH-744033;Mark Haberlin;Corporate;;Mbuji-mayi;Kasai-Oriental;Democratic Republic of the Congo;Central Africa;Africa;TEC-PH-3792;Technology;Phones;Cisco Headset, VoIP;354,12;4;0;14,16;36,27;Low;August;2015
111;MX-2015-SC2068082-42231;Cumartesi, Ağustos 15, 2015;Cumartesi, Ağustos 22, 2015;Standard Class;SC-2068082;Steve Carroll;Home Office;;Tijuana;Baja California;Mexico;Central America;LATAM;TEC-PH-3143;Technology;Phones;Apple Signal Booster, Cordless;465;5;0;27,9;55,555;Low;August;2015
23330;IN-2015-TT2146058-42222;Perşembe, Ağustos 06, 2015;Çarşamba, Ağustos 12, 2015;Standard Class;TT-2146058;Tonja Turnell;Home Office;;Ludhiana;Punjab;India;Southern Asia;Asia Pacific;TEC-PH-5831;Technology;Phones;Samsung Office Telephone, VoIP;326,55;5;0;146,85;55,81;Low;August;2015
17210;ES-2015-JC15385120-42230;Cuma, Ağustos 14, 2015;Perşembe, Ağustos 20, 2015;Standard Class;JC-15385120;Jenna Caffey;Consumer;;Chiclana de la Frontera;Andalusía;Spain;Southern Europe;Europe;TEC-CO-6011;Technology;Copiers;Sharp Wireless Fax, High-Speed;2124,72;6;0;233,64;104,46;Low;August;2015
49065;MO-2015-RB933086-42220;Salı, Ağustos 04, 2015;Pazar, Ağustos 09, 2015;Second Class;RB-933086;Randy Bradley;Consumer;;Casablanca;Grand Casablanca;Morocco;North Africa;Africa;FUR-TA-3766;Furniture;Tables;Chromcraft Conference Table, with Bottom Storage;1745,34;2;0;122,16;92,66;Medium;August;2015
16022;ES-2015-ME17320139-42227;Salı, Ağustos 11, 2015;Cuma, Ağustos 14, 2015;First Class;ME-17320139;Maria Etezadi;Home Office;;Stoke-on-Trent;England;United Kingdom;Northern Europe;Europe;FUR-TA-5055;Furniture;Tables;Lesro Computer Table, Fully Assembled;856,68;2;0;274,08;259,34;Critical;August;2015
22078;IN-2015-MT1781511-42222;Perşembe, Ağustos 06, 2015;Pazartesi, Ağustos 10, 2015;Second Class;MT-1781511;Meg Tillman;Consumer;;Dhaka;Dhaka;Bangladesh;Southern Asia;Asia Pacific;FUR-BO-3646;Furniture;Bookcases;Bush Stackable Bookrack, Mobile;988,08;8;0;276,48;39,46;Medium;August;2015
20660;IN-2015-CS1217511-42238;Cumartesi, Ağustos 22, 2015;Pazartesi, Ağustos 24, 2015;First Class;CS-1217511;Charles Sheldon;Corporate;;Dhaka;Dhaka;Bangladesh;Southern Asia;Asia Pacific;FUR-BO-3624;Furniture;Bookcases;Bush Classic Bookcase, Metal;1236,42;3;0;531,63;50,03;Medium;August;2015
11433;ES-2015-AA10315139-42220;Salı, Ağustos 04, 2015;Cuma, Ağustos 07, 2015;Second Class;AA-10315139;Alex Avila;Consumer;;Garforth;England;United Kingdom;Northern Europe;Europe;FUR-BO-3634;Furniture;Bookcases;Bush Floating Shelf Set, Metal;512,19;3;0;46,08;62,19;High;August;2015
15851;ES-2015-SJ20215120-42238;Cumartesi, Ağustos 22, 2015;Çarşamba, Ağustos 26, 2015;Second Class;SJ-20215120;Sarah Jordon;Consumer;;Burgos;Castile and León;Spain;Southern Europe;Europe;FUR-BO-4848;Furniture;Bookcases;Ikea Classic Bookcase, Metal;1233,63;3;0;234,36;72,73;Medium;August;2015
5670;MX-2015-SW2075528-42224;Cumartesi, Ağustos 08, 2015;Pazartesi, Ağustos 10, 2015;Second Class;SW-2075528;Steven Ward;Corporate;;Ibagué;Tolima;Colombia;South America;LATAM;FUR-BO-5943;Furniture;Bookcases;Sauder 3-Shelf Cabinet, Traditional;555,6;5;0;177,7;109,969;Critical;August;2015
47465;CG-2015-GZ447033-42220;Salı, Ağustos 04, 2015;Pazar, Ağustos 09, 2015;Second Class;GZ-447033;Gary Zandusky;Consumer;;Lubumbashi;Katanga;Democratic Republic of the Congo;Central Africa;Africa;FUR-BO-5962;Furniture;Bookcases;Sauder Floating Shelf Set, Traditional;1167,48;6;0;431,82;110,7;Medium;August;2015
16359;ES-2015-MC18100120-42246;Pazar, Ağustos 30, 2015;Salı, Eylül 01, 2015;Second Class;MC-18100120;Mick Crebagga;Consumer;;Elx;Valenciana;Spain;Southern Europe;Europe;FUR-BO-3905;Furniture;Bookcases;Dania Stackable Bookrack, Mobile;729,54;6;0;320,94;135,88;High;August;2015
51284;RS-2015-CR2625108-42230;Cuma, Ağustos 14, 2015;Pazar, Ağustos 16, 2015;Second Class;CR-2625108;Corey Roper;Home Office;;Astrakhan';Astrakhan';Russia;Eastern Europe;Europe;FUR-BO-5950;Furniture;Bookcases;Sauder Classic Bookcase, Pine;3498,72;8;0;594,72;410,05;Medium;August;2015
48287;CA-2015-RB970523-42220;Salı, Ağustos 04, 2015;Salı, Ağustos 04, 2015;Same Day;RB-970523;Roger Barcio;Home Office;;Montréal;Quebec;Canada;Canada;USCA;FUR-BO-5973;Furniture;Bookcases;Sauder Stackable Bookrack, Traditional;146,28;1;0;21,93;37,2;Critical;August;2015
44679;RO-2015-CS2355107-42233;Pazartesi, Ağustos 17, 2015;Çarşamba, Ağustos 19, 2015;First Class;CS-2355107;Christine Sundaresam;Consumer;;Piatra-Neamt;Neamt;Romania;Eastern Europe;Europe;FUR-BO-3887;Furniture;Bookcases;Dania 3-Shelf Cabinet, Pine;142,8;1;0;12,84;17,08;Medium;August;2015
50383;PL-2015-GA4515103-42242;Çarşamba, Ağustos 26, 2015;Cuma, Ağustos 28, 2015;First Class;GA-4515103;George Ashbrook;Consumer;;Sosnowiec;Silesia;Poland;Eastern Europe;Europe;FUR-BO-5769;Furniture;Bookcases;Safco Corner Shelving, Mobile;151,98;1;0;66,87;19,08;Medium;August;2015
24478;IN-2015-MM1828058-42222;Perşembe, Ağustos 06, 2015;Cuma, Ağustos 07, 2015;First Class;MM-1828058;Muhammed MacIntyre;Corporate;;Bihar Sharif;Bihar;India;Southern Asia;Asia Pacific;FUR-BO-3898;Furniture;Bookcases;Dania Floating Shelf Set, Mobile;171,87;1;0;63,57;32,96;Medium;August;2015
46260;UP-2015-CM2655137-42222;Perşembe, Ağustos 06, 2015;Cuma, Ağustos 07, 2015;First Class;CM-2655137;Corinna Mitchell;Home Office;;L'viv;L'viv;Ukraine;Eastern Europe;Europe;FUR-BO-5948;Furniture;Bookcases;Sauder Classic Bookcase, Metal;435,45;1;0;65,31;34,82;High;August;2015
30525;IN-2015-EH1412592-42217;Cumartesi, Ağustos 01, 2015;Pazar, Ağustos 02, 2015;First Class;EH-1412592;Eugene Hildebrand;Home Office;;Tauranga;Bay of Plenty;New Zealand;Oceania;Asia Pacific;FUR-BO-3640;Furniture;Bookcases;Bush Library with Doors, Mobile;366,84;1;0;157,74;43,98;Medium;August;2015
50280;IZ-2015-JR567061-42241;Salı, Ağustos 25, 2015;Salı, Ağustos 25, 2015;Same Day;JR-567061;Jim Radford;Consumer;;Baghdad;Baghdad;Iraq;Western Asia;Asia Pacific;FUR-BO-5786;Furniture;Bookcases;Safco Library with Doors, Mobile;392,31;1;0;19,59;76,32;High;August;2015
43475;MW-2015-TS1143085-42220;Salı, Ağustos 04, 2015;Pazar, Ağustos 09, 2015;Second Class;TS-1143085;Tom Stivers;Corporate;;Podgorica;Podgorica;Montenegro;Southern Europe;Europe;FUR-BO-4855;Furniture;Bookcases;Ikea Corner Shelving, Traditional;246,12;2;0;93,48;18,15;Medium;August;2015
17245;ES-2015-MG17650125-42232;Pazar, Ağustos 16, 2015;Salı, Ağustos 18, 2015;First Class;MG-17650125;Matthew Grinstein;Home Office;;Berne;Bern;Switzerland;Western Europe;Europe;FUR-BO-3617;Furniture;Bookcases;Bush 3-Shelf Cabinet, Pine;289,44;2;0;23,1;49,27;High;August;2015
21380;IN-2015-DB1361558-42224;Cumartesi, Ağustos 08, 2015;Cumartesi, Ağustos 08, 2015;Same Day;DB-1361558;Doug Bickford;Consumer;;Agra;Uttar Pradesh;India;Southern Asia;Asia Pacific;FUR-BO-3886;Furniture;Bookcases;Dania 3-Shelf Cabinet, Mobile;287,94;2;0;0;55,6;High;August;2015
47773;MO-2015-EM420086-42218;Pazar, Ağustos 02, 2015;Pazar, Ağustos 02, 2015;Same Day;EM-420086;Evan Minnotte;Home Office;;Sale;Rabat-Salé-Zemmour-Zaer;Morocco;North Africa;Africa;FUR-BO-4848;Furniture;Bookcases;Ikea Classic Bookcase, Metal;822,42;2;0;156,24;190,03;High;August;2015
27142;IN-2015-TC2098058-42237;Cuma, Ağustos 21, 2015;Cuma, Ağustos 21, 2015;Same Day;TC-2098058;Tamara Chand;Corporate;;Guntur;Andhra Pradesh;India;Southern Asia;Asia Pacific;FUR-FU-4077;Furniture;Furnishings;Eldon Light Bulb, Erganomic;47,64;2;0;19,5;12,22;High;August;2015
21378;IN-2015-DB1361558-42224;Cumartesi, Ağustos 08, 2015;Cumartesi, Ağustos 08, 2015;Same Day;DB-1361558;Doug Bickford;Consumer;;Agra;Uttar Pradesh;India;Southern Asia;Asia Pacific;FUR-FU-6256;Furniture;Furnishings;Tenex Frame, Erganomic;217,2;2;0;32,58;37,55;High;August;2015
48660;SF-2015-MM7260117-42238;Cumartesi, Ağustos 22, 2015;Cumartesi, Ağustos 22, 2015;Same Day;MM-7260117;Magdelene Morse;Consumer;;Pretoria;Gauteng;South Africa;Southern Africa;Africa;FUR-FU-3946;Furniture;Furnishings;Deflect-O Light Bulb, Black;18,99;1;0;6,81;3,21;Medium;August;2015
44003;SA-2015-JH5985110-42217;Cumartesi, Ağustos 01, 2015;Pazartesi, Ağustos 03, 2015;Second Class;JH-5985110;Joseph Holt;Consumer;;Riyadh;Ar Riyad;Saudi Arabia;Western Asia;Asia Pacific;FUR-FU-6278;Furniture;Furnishings;Tenex Stacking Tray, Erganomic;22,26;1;0;9,99;6,54;Critical;August;2015
43406;EG-2015-SM1095038-42244;Cuma, Ağustos 28, 2015;Pazartesi, Ağustos 31, 2015;Second Class;SM-1095038;Suzanne McNair;Corporate;;Cairo;Al Qahirah;Egypt;North Africa;Africa;FUR-FU-4035;Furniture;Furnishings;Eldon Clock, Duo Pack;56,58;1;0;24,87;9,1;High;August;2015
22079;IN-2015-MT1781511-42222;Perşembe, Ağustos 06, 2015;Pazartesi, Ağustos 10, 2015;Second Class;MT-1781511;Meg Tillman;Consumer;;Dhaka;Dhaka;Bangladesh;Southern Asia;Asia Pacific;FUR-FU-3048;Furniture;Furnishings;Advantus Photo Frame, Duo Pack;159,12;3;0;60,39;4,71;Medium;August;2015
44759;RS-2015-EM4200108-42218;Pazar, Ağustos 02, 2015;Çarşamba, Ağustos 05, 2015;Second Class;EM-4200108;Evan Minnotte;Home Office;;Budënnovsk;Stavropol';Russia;Eastern Europe;Europe;FUR-FU-5725;Furniture;Furnishings;Rubbermaid Door Stop, Durable;163,32;4;0;21,12;16,16;High;August;2015
11948;ES-2015-CC1261048-42232;Pazar, Ağustos 16, 2015;Çarşamba, Ağustos 19, 2015;Second Class;CC-1261048;Corey Catlett;Corporate;;Recklinghausen;North Rhine-Westphalia;Germany;Western Europe;Europe;FUR-FU-5724;Furniture;Furnishings;Rubbermaid Door Stop, Duo Pack;175,44;4;0;12,24;16,95;Medium;August;2015
26063;IN-2015-AG1052511-42235;Çarşamba, Ağustos 19, 2015;Cumartesi, Ağustos 22, 2015;First Class;AG-1052511;Andy Gerbode;Corporate;;Chittagong;Chittagong;Bangladesh;Southern Asia;Asia Pacific;FUR-FU-4040;Furniture;Furnishings;Eldon Door Stop, Black;200,64;4;0;38,04;26,68;Medium;August;2015
18047;ES-2015-AR1051045-42234;Salı, Ağustos 18, 2015;Salı, Ağustos 18, 2015;Same Day;AR-1051045;Andrew Roberts;Consumer;;Bagneux;Ile-de-France;France;Western Europe;Europe;FUR-FU-5729;Furniture;Furnishings;Rubbermaid Frame, Durable;427,68;4;0;106,92;73,29;High;August;2015
25639;IN-2015-EB1370578-42217;Cumartesi, Ağustos 01, 2015;Çarşamba, Ağustos 05, 2015;Second Class;EB-1370578;Ed Braxton;Corporate;;Tawau;Sabah;Malaysia;Southeastern Asia;Asia Pacific;FUR-FU-3039;Furniture;Furnishings;Advantus Light Bulb, Erganomic;168,21;9;0;65,34;17,11;Medium;August;2015
5497;MX-2015-PB1910528-42231;Cumartesi, Ağustos 15, 2015;Salı, Ağustos 18, 2015;Second Class;PB-1910528;Peter Bühler;Consumer;;Medellín;Antioquia;Colombia;South America;LATAM;FUR-FU-3934;Furniture;Furnishings;Deflect-O Door Stop, Durable;136,6;5;0;61,4;26,727;High;August;2015
28857;IN-2015-DW1319558-42236;Perşembe, Ağustos 20, 2015;Cumartesi, Ağustos 22, 2015;First Class;DW-1319558;David Wiener;Corporate;;Bhiwandi;Maharashtra;India;Southern Asia;Asia Pacific;FUR-FU-6269;Furniture;Furnishings;Tenex Photo Frame, Duo Pack;311,4;6;0;111,96;36,17;High;August;2015
26931;IN-2015-SC2002027-42243;Perşembe, Ağustos 27, 2015;Cumartesi, Ağustos 29, 2015;First Class;SC-2002027;Sam Craven;Consumer;;Nanning;Guangxi;China;Eastern Asia;Asia Pacific;FUR-FU-3935;Furniture;Furnishings;Deflect-O Door Stop, Erganomic;255,42;6;0;119,88;75,64;High;August;2015
15127;ES-2015-KA1652564-42236;Perşembe, Ağustos 20, 2015;Perşembe, Ağustos 20, 2015;Same Day;KA-1652564;Kelly Andreada;Consumer;;Milan;Lombardy;Italy;Southern Europe;Europe;FUR-FU-4067;Furniture;Furnishings;Eldon Frame, Erganomic;689,22;6;0;96,48;106,19;High;August;2015
24341;IN-2015-AP1091527-42244;Cuma, Ağustos 28, 2015;Cumartesi, Ağustos 29, 2015;First Class;AP-1091527;Arthur Prichep;Consumer;;Shouguang;Shandong;China;Eastern Asia;Asia Pacific;FUR-CH-5380;Furniture;Chairs;Novimex Executive Leather Armchair, Red;2761,2;6;0;110,34;644,75;High;August;2015
43776;AJ-2015-GG46509-42246;Pazar, Ağustos 30, 2015;Cuma, Eylül 04, 2015;Second Class;GG-46509;Greg Guthrie;Corporate;;Baku;Baki;Azerbaijan;Western Asia;Asia Pacific;FUR-CH-4629;Furniture;Chairs;Hon Bag Chairs, Set of Two;47,4;1;0;5,67;2,16;Medium;August;2015
50282;IZ-2015-JR567061-42241;Salı, Ağustos 25, 2015;Salı, Ağustos 25, 2015;Same Day;JR-567061;Jim Radford;Consumer;;Baghdad;Baghdad;Iraq;Western Asia;Asia Pacific;FUR-CH-5407;Furniture;Chairs;Novimex Steel Folding Chair, Black;79,8;1;0;13,56;28,04;High;August;2015
20662;IN-2015-CS1217511-42238;Cumartesi, Ağustos 22, 2015;Pazartesi, Ağustos 24, 2015;First Class;CS-1217511;Charles Sheldon;Corporate;;Dhaka;Dhaka;Bangladesh;Southern Asia;Asia Pacific;FUR-CH-4545;Furniture;Chairs;Harbour Creations Rocking Chair, Black;1012,62;7;0;171,99;61,82;Medium;August;2015
29692;IN-2015-EB1417058-42238;Cumartesi, Ağustos 22, 2015;Pazartesi, Ağustos 24, 2015;Second Class;EB-1417058;Evan Bailliet;Consumer;;Allahabad;Uttar Pradesh;India;Southern Asia;Asia Pacific;FUR-CH-5447;Furniture;Chairs;Office Star Rocking Chair, Black;553,92;4;0;199,32;72,93;High;August;2015
4366;MX-2015-LB1679539-42244;Cuma, Ağustos 28, 2015;Pazartesi, Ağustos 31, 2015;Second Class;LB-1679539;Laurel Beltran;Home Office;;San Salvador;San Salvador;El Salvador;Central America;LATAM;FUR-CH-5438;Furniture;Chairs;Office Star Chairmat, Black;211,3;5;0;105,6;49,74;Critical;August;2015
20251;ES-2015-MG17875139-42244;Cuma, Ağustos 28, 2015;Pazar, Ağustos 30, 2015;Second Class;MG-17875139;Michael Grace;Home Office;;Preston;England;United Kingdom;Northern Europe;Europe;FUR-CH-4631;Furniture;Chairs;Hon Chairmat, Black;212,4;4;0;8,4;31,06;High;August;2015
44017;SF-2015-LO7170117-42228;Çarşamba, Ağustos 12, 2015;Cuma, Ağustos 14, 2015;Second Class;LO-7170117;Lori Olson;Corporate;;Cape Town;Western Cape;South Africa;Southern Africa;Africa;FUR-CH-4561;Furniture;Chairs;Harbour Creations Swivel Stool, Adjustable;182,61;1;0;51,12;36,42;High;August;2015
17123;ES-2015-BP11050139-42235;Çarşamba, Ağustos 19, 2015;Pazartesi, Ağustos 24, 2015;Second Class;BP-11050139;Barry Pond;Corporate;;Stockport;England;United Kingdom;Northern Europe;Europe;FUR-CH-5796;Furniture;Chairs;SAFCO Rocking Chair, Set of Two;274,32;2;0;0;43,23;High;August;2015
11068;ES-2015-JW1607545-42224;Cumartesi, Ağustos 08, 2015;Salı, Ağustos 11, 2015;First Class;JW-1607545;Julia West;Consumer;;Paris;Ile-de-France;France;Western Europe;Europe;TEC-AC-4188;Technology;Accessories;Enermax Router, USB;1809,78;7;0;325,71;2,38;Medium;August;2015
41603;SF-2015-RD9900117-42218;Pazar, Ağustos 02, 2015;Salı, Ağustos 04, 2015;Second Class;RD-9900117;Ruben Dartt;Consumer;;Port Elizabeth;Eastern Cape;South Africa;Southern Africa;Africa;TEC-AC-5860;Technology;Accessories;SanDisk Flash Drive, Bluetooth;39,54;1;0;18,18;3,04;High;August;2015
47468;CG-2015-GZ447033-42220;Salı, Ağustos 04, 2015;Pazar, Ağustos 09, 2015;Second Class;GZ-447033;Gary Zandusky;Consumer;;Lubumbashi;Katanga;Democratic Republic of the Congo;Central Africa;Africa;TEC-AC-5863;Technology;Accessories;SanDisk Flash Drive, USB;39,75;1;0;1,59;3,77;Medium;August;2015
11067;ES-2015-JW1607545-42224;Cumartesi, Ağustos 08, 2015;Salı, Ağustos 11, 2015;First Class;JW-1607545;Julia West;Consumer;;Paris;Ile-de-France;France;Western Europe;Europe;TEC-AC-5202;Technology;Accessories;Memorex Keyboard, USB;143,1;2;0;5,7;30,35;Medium;August;2015
17326;ES-2015-SH2039545-42239;Pazar, Ağustos 23, 2015;Pazar, Ağustos 23, 2015;Same Day;SH-2039545;Shahid Hopkins;Consumer;;Salon-de-Provence;Provence-Alpes-Côte d'Azur;France;Western Europe;Europe;TEC-AC-5124;Technology;Accessories;Logitech Memory Card, USB;207,18;2;0;33,12;39,02;High;August;2015
48645;TZ-2015-CS1950129-42234;Salı, Ağustos 18, 2015;Cuma, Ağustos 21, 2015;First Class;CS-1950129;Carlos Soltero;Consumer;;Tanga;Tanga;Tanzania;Eastern Africa;Africa;TEC-AC-3405;Technology;Accessories;Belkin Router, USB;517,92;2;0;243,42;42,79;Medium;August;2015
5493;MX-2015-PB1910528-42231;Cumartesi, Ağustos 15, 2015;Salı, Ağustos 18, 2015;Second Class;PB-1910528;Peter Bühler;Consumer;;Medellín;Antioquia;Colombia;South America;LATAM;TEC-AC-3403;Technology;Accessories;Belkin Router, Erganomic;513,12;3;0;0;55,446;High;August;2015
24245;IN-2015-RC1996027-42227;Salı, Ağustos 11, 2015;Salı, Ağustos 11, 2015;Same Day;RC-1996027;Ryan Crowe;Consumer;;Wenzhou;Zhejiang;China;Eastern Asia;Asia Pacific;TEC-AC-5895;Technology;Accessories;SanDisk Router, Erganomic;254,16;1;0;40,65;57,07;Medium;August;2015
21278;IN-2015-JO1528058-42242;Çarşamba, Ağustos 26, 2015;Cuma, Ağustos 28, 2015;Second Class;JO-1528058;Jas O'Carroll;Consumer;;Kalyan;Maharashtra;India;Southern Asia;Asia Pacific;TEC-AC-5122;Technology;Accessories;Logitech Memory Card, Erganomic;607,14;6;0;36,36;93,82;High;August;2015
45474;IR-2015-AR57060-42217;Cumartesi, Ağustos 01, 2015;Pazartesi, Ağustos 03, 2015;Second Class;AR-57060;Anemone Ratner;Consumer;;Shiraz;Fars;Iran;Southern Asia;Asia Pacific;TEC-AC-5894;Technology;Accessories;SanDisk Router, Bluetooth;512,7;2;0;199,92;98,53;Critical;August;2015
11378;ES-2015-JW1595545-42228;Çarşamba, Ağustos 12, 2015;Cuma, Ağustos 14, 2015;Second Class;JW-1595545;Joni Wasserman;Consumer;;Annecy;Auvergne-Rhône-Alpes;France;Western Europe;Europe;TEC-AC-3397;Technology;Accessories;Belkin Numeric Keypad, Erganomic;414,75;7;0;8,19;106,87;High;August;2015
5496;MX-2015-PB1910528-42231;Cumartesi, Ağustos 15, 2015;Salı, Ağustos 18, 2015;Second Class;PB-1910528;Peter Bühler;Consumer;;Medellín;Antioquia;Colombia;South America;LATAM;TEC-AC-5136;Technology;Accessories;Logitech Router, Programmable;1161,16;7;0;452,76;162,574;High;August;2015
10787;ES-2015-SK1999045-42222;Perşembe, Ağustos 06, 2015;Cuma, Ağustos 07, 2015;First Class;SK-1999045;Sally Knutson;Consumer;;Levallois-Perret;Ile-de-France;France;Western Europe;Europe;TEC-AC-5896;Technology;Accessories;SanDisk Router, Programmable;1547,1;6;0;340,2;280,54;Critical;August;2015
20064;ES-2015-MH1811545-42237;Cuma, Ağustos 21, 2015;Cumartesi, Ağustos 22, 2015;First Class;MH-1811545;Mick Hernandez;Home Office;;Bagnolet;Ile-de-France;France;Western Europe;Europe;TEC-AC-5881;Technology;Accessories;SanDisk Mouse, Erganomic;36,12;1;0;7,2;6,17;High;August;2015
48550;AO-2015-BE14554-42223;Cuma, Ağustos 07, 2015;Pazartesi, Ağustos 10, 2015;Second Class;BE-14554;Brad Eason;Home Office;;Huambo;Huambo;Angola;Central Africa;Africa;TEC-AC-5206;Technology;Accessories;Memorex Memory Card, USB;102,48;1;0;24,57;11,36;Medium;August;2015
27523;IN-2015-CC1210058-42237;Cuma, Ağustos 21, 2015;Pazar, Ağustos 23, 2015;Second Class;CC-1210058;Chad Cunningham;Home Office;;Bhubaneswar;Odisha;India;Southern Asia;Asia Pacific;TEC-AC-5867;Technology;Accessories;SanDisk Keyboard, USB;163,38;2;0;45,72;21,21;High;August;2015
49621;IZ-2015-BF127561-42241;Salı, Ağustos 25, 2015;Perşembe, Ağustos 27, 2015;First Class;BF-127561;Beth Fritzler;Corporate;;Baghdad;Baghdad;Iraq;Western Asia;Asia Pacific;TEC-AC-3405;Technology;Accessories;Belkin Router, USB;258,96;1;0;121,71;13,8;Medium;August;2015
18023;ES-2015-FH14275139-42229;Perşembe, Ağustos 13, 2015;Perşembe, Ağustos 13, 2015;Same Day;FH-14275139;Frank Hawley;Corporate;;Doncaster;England;United Kingdom;Northern Europe;Europe;TEC-AC-4165;Technology;Accessories;Enermax Memory Card, Programmable;811,23;7;0;153,93;163,05;High;August;2015
11947;ES-2015-CC1261048-42232;Pazar, Ağustos 16, 2015;Çarşamba, Ağustos 19, 2015;Second Class;CC-1261048;Corey Catlett;Corporate;;Recklinghausen;North Rhine-Westphalia;Germany;Western Europe;Europe;TEC-AC-5102;Technology;Accessories;Logitech Flash Drive, USB;61,44;2;0;18,42;5,4;Medium;August;2015
10521;ES-2015-MS1798048-42227;Salı, Ağustos 11, 2015;Pazar, Ağustos 16, 2015;Second Class;MS-1798048;Michael Stewart;Corporate;;Munster;Lower Saxony;Germany;Western Europe;Europe;TEC-AC-4152;Technology;Accessories;Enermax Flash Drive, Erganomic;117,99;3;0;51,84;6,41;Medium;August;2015
25638;IN-2015-EB1370578-42217;Cumartesi, Ağustos 01, 2015;Çarşamba, Ağustos 05, 2015;Second Class;EB-1370578;Ed Braxton;Corporate;;Tawau;Sabah;Malaysia;Southeastern Asia;Asia Pacific;TEC-AC-5195;Technology;Accessories;Memorex Flash Drive, Programmable;92,7;3;0;22,23;8,75;Medium;August;2015
25637;IN-2015-EB1370578-42217;Cumartesi, Ağustos 01, 2015;Çarşamba, Ağustos 05, 2015;Second Class;EB-1370578;Ed Braxton;Corporate;;Tawau;Sabah;Malaysia;Southeastern Asia;Asia Pacific;TEC-AC-5126;Technology;Accessories;Logitech Mouse, Bluetooth;87,84;3;0;12,24;9,78;Medium;August;2015
41724;CG-2015-JR621033-42223;Cuma, Ağustos 07, 2015;Pazartesi, Ağustos 10, 2015;Second Class;JR-621033;Justin Ritter;Corporate;;Kinshasa;Kinshasa;Democratic Republic of the Congo;Central Africa;Africa;TEC-AC-3396;Technology;Accessories;Belkin Numeric Keypad, Bluetooth;115,92;2;0;35,88;32,59;Critical;August;2015
1061;MX-2015-JF1519026-42222;Perşembe, Ağustos 06, 2015;Cumartesi, Ağustos 08, 2015;Second Class;JF-1519026;Jamie Frazer;Consumer;;Punta Arenas;Magallanes y Antártica Chilena;Chile;South America;LATAM;TEC-PH-3791;Technology;Phones;Cisco Headset, Full Size;239,28;4;0;86,08;18,957;High;August;2015
42054;CG-2015-GH442533-42242;Çarşamba, Ağustos 26, 2015;Cumartesi, Ağustos 29, 2015;Second Class;GH-442533;Gary Hwang;Consumer;;Kinshasa;Kinshasa;Democratic Republic of the Congo;Central Africa;Africa;TEC-PH-3806;Technology;Phones;Cisco Smart Phone, Full Size;652,68;1;0;169,68;27,26;Medium;August;2015
11434;ES-2015-AA10315139-42220;Salı, Ağustos 04, 2015;Cuma, Ağustos 07, 2015;Second Class;AA-10315139;Alex Avila;Consumer;;Garforth;England;United Kingdom;Northern Europe;Europe;TEC-PH-3153;Technology;Phones;Apple Speaker Phone, with Caller ID;369,9;3;0;92,43;45,45;High;August;2015
1062;MX-2015-JF1519026-42222;Perşembe, Ağustos 06, 2015;Cumartesi, Ağustos 08, 2015;Second Class;JF-1519026;Jamie Frazer;Consumer;;Punta Arenas;Magallanes y Antártica Chilena;Chile;South America;LATAM;TEC-PH-5249;Technology;Phones;Motorola Audio Dock, with Caller ID;577,9;5;0;167,5;57,177;High;August;2015
11430;ES-2015-AA10315139-42220;Salı, Ağustos 04, 2015;Cuma, Ağustos 07, 2015;Second Class;AA-10315139;Alex Avila;Consumer;;Garforth;England;United Kingdom;Northern Europe;Europe;TEC-PH-5358;Technology;Phones;Nokia Speaker Phone, Full Size;622,2;5;0;124,35;84,81;High;August;2015
11429;ES-2015-AA10315139-42220;Salı, Ağustos 04, 2015;Cuma, Ağustos 07, 2015;Second Class;AA-10315139;Alex Avila;Consumer;;Garforth;England;United Kingdom;Northern Europe;Europe;TEC-PH-5813;Technology;Phones;Samsung Audio Dock, Full Size;504,36;3;0;65,52;91,34;High;August;2015
21010;IN-2015-AF1088558-42222;Perşembe, Ağustos 06, 2015;Pazar, Ağustos 09, 2015;Second Class;AF-1088558;Art Foster;Consumer;;Salem;Tamil Nadu;India;Southern Asia;Asia Pacific;TEC-PH-3148;Technology;Phones;Apple Smart Phone, Full Size;2550;4;0;280,44;326,32;High;August;2015
48549;AO-2015-BE14554-42223;Cuma, Ağustos 07, 2015;Pazartesi, Ağustos 10, 2015;Second Class;BE-14554;Brad Eason;Home Office;;Huambo;Huambo;Angola;Central Africa;Africa;TEC-PH-3130;Technology;Phones;Apple Audio Dock, with Caller ID;166,89;1;0;25,02;1,95;Medium;August;2015
42264;CA-2015-JK612023-42229;Perşembe, Ağustos 13, 2015;Salı, Ağustos 18, 2015;Second Class;JK-612023;Julie Kriz;Home Office;;Montréal;Quebec;Canada;Canada;USCA;TEC-PH-3128;Technology;Phones;Apple Audio Dock, Full Size;168,18;1;0;15,12;6,41;Medium;August;2015
42262;CA-2015-JK612023-42229;Perşembe, Ağustos 13, 2015;Salı, Ağustos 18, 2015;Second Class;JK-612023;Julie Kriz;Home Office;;Montréal;Quebec;Canada;Canada;USCA;TEC-PH-3802;Technology;Phones;Cisco Signal Booster, VoIP;607,68;4;0;36,36;48,87;Medium;August;2015
7082;MX-2015-TB2119082-42221;Çarşamba, Ağustos 05, 2015;Pazar, Ağustos 09, 2015;Second Class;TB-2119082;Thomas Brumley;Home Office;;Acámbaro;Guanajuato;Mexico;Central America;LATAM;TEC-PH-5261;Technology;Phones;Motorola Office Telephone, VoIP;191,6;4;0;13,36;13,174;Medium;August;2015
27522;IN-2015-CC1210058-42237;Cuma, Ağustos 21, 2015;Pazar, Ağustos 23, 2015;Second Class;CC-1210058;Chad Cunningham;Home Office;;Bhubaneswar;Odisha;India;Southern Asia;Asia Pacific;TEC-PH-5338;Technology;Phones;Nokia Audio Dock, with Caller ID;833,7;5;0;316,8;70,84;High;August;2015
20249;ES-2015-MG17875139-42244;Cuma, Ağustos 28, 2015;Pazar, Ağustos 30, 2015;Second Class;MG-17875139;Michael Grace;Home Office;;Preston;England;United Kingdom;Northern Europe;Europe;TEC-PH-3785;Technology;Phones;Cisco Audio Dock, Full Size;1100,16;6;0;164,88;109,11;High;August;2015
11950;ES-2015-CC1261048-42232;Pazar, Ağustos 16, 2015;Çarşamba, Ağustos 19, 2015;Second Class;CC-1261048;Corey Catlett;Corporate;;Recklinghausen;North Rhine-Westphalia;Germany;Western Europe;Europe;TEC-PH-3806;Technology;Phones;Cisco Smart Phone, Full Size;1954,17;3;0;429,84;20,7;Medium;August;2015
10522;ES-2015-MS1798048-42227;Salı, Ağustos 11, 2015;Pazar, Ağustos 16, 2015;Second Class;MS-1798048;Michael Stewart;Corporate;;Munster;Lower Saxony;Germany;Western Europe;Europe;TEC-PH-5839;Technology;Phones;Samsung Smart Phone, Cordless;4473;7;0;313,11;604,4;Medium;August;2015
13969;ES-2015-JE1574548-42244;Cuma, Ağustos 28, 2015;Pazar, Ağustos 30, 2015;First Class;JE-1574548;Joel Eaton;Consumer;;Cologne;North Rhine-Westphalia;Germany;Western Europe;Europe;TEC-PH-5341;Technology;Phones;Nokia Headset, VoIP;73,2;1;0;30,72;18,13;Medium;August;2015
46413;IR-2015-BD172560-42221;Çarşamba, Ağustos 05, 2015;Cumartesi, Ağustos 08, 2015;First Class;BD-172560;Bruce Degenhardt;Consumer;;Shiraz;Fars;Iran;Southern Asia;Asia Pacific;TEC-PH-5263;Technology;Phones;Motorola Signal Booster, Cordless;145,98;1;0;65,67;53,79;Critical;August;2015
49877;UP-2015-LH7155137-42242;Çarşamba, Ağustos 26, 2015;Cuma, Ağustos 28, 2015;First Class;LH-7155137;Logan Haushalter;Consumer;;Sumy;Sumy;Ukraine;Eastern Europe;Europe;TEC-PH-5846;Technology;Phones;Samsung Speaker Phone, with Caller ID;246,48;2;0;14,76;99,98;Critical;August;2015
11413;ES-2015-PT1909048-42223;Cuma, Ağustos 07, 2015;Pazartesi, Ağustos 10, 2015;First Class;PT-1909048;Pete Takahito;Consumer;;Aschaffenburg;Bavaria;Germany;Western Europe;Europe;TEC-PH-5271;Technology;Phones;Motorola Speaker Phone, Full Size;655,35;5;0;72;108,11;Medium;August;2015
47426;CA-2015-MA799523-42231;Cumartesi, Ağustos 15, 2015;Pazar, Ağustos 16, 2015;First Class;MA-799523;Michelle Arnett;Home Office;;Vaughan;Ontario;Canada;Canada;USCA;TEC-PH-5832;Technology;Phones;Samsung Office Telephone, with Caller ID;130,44;2;0;30;1,81;Medium;August;2015
373;MX-2015-TP2156582-42236;Perşembe, Ağustos 20, 2015;Pazar, Ağustos 23, 2015;First Class;TP-2156582;Tracy Poddar;Corporate;;Saltillo;Coahuila;Mexico;Central America;LATAM;TEC-PH-5337;Technology;Phones;Nokia Audio Dock, VoIP;111,22;1;0;1,1;21,725;Medium;August;2015
15540;ES-2015-DW1319548-42236;Perşembe, Ağustos 20, 2015;Cumartesi, Ağustos 22, 2015;First Class;DW-1319548;David Wiener;Corporate;;Langenfeld;North Rhine-Westphalia;Germany;Western Europe;Europe;TEC-PH-5340;Technology;Phones;Nokia Headset, Full Size;223,2;3;0;4,41;23,69;Medium;August;2015
45397;ZA-2015-LR7035146-42228;Çarşamba, Ağustos 12, 2015;Çarşamba, Ağustos 12, 2015;Same Day;LR-7035146;Lisa Ryan;Corporate;;Lusaka;Lusaka;Zambia;Eastern Africa;Africa;TEC-PH-3792;Technology;Phones;Cisco Headset, VoIP;88,53;1;0;3,54;17,01;High;August;2015
6087;MX-2015-JK1562539-42245;Cumartesi, Ağustos 29, 2015;Cumartesi, Ağustos 29, 2015;Same Day;JK-1562539;Jim Karlsson;Consumer;;Mejicanos;San Salvador;El Salvador;Central America;LATAM;TEC-PH-3791;Technology;Phones;Cisco Headset, Full Size;299,1;5;0;107,6;52,51;High;August;2015
25549;IN-2015-GM1445527-42227;Salı, Ağustos 11, 2015;Salı, Ağustos 11, 2015;Same Day;GM-1445527;Gary Mitchum;Home Office;;Yuci;Shanxi;China;Eastern Asia;Asia Pacific;TEC-PH-5270;Technology;Phones;Motorola Speaker Phone, Cordless;397,89;3;0;19,89;90,95;High;August;2015
24720;IN-2015-TS2134066-42236;Perşembe, Ağustos 20, 2015;Pazar, Ağustos 23, 2015;Second Class;TS-2134066;Toby Swindell;Consumer;;Tokyo;Tokyo;Japan;Eastern Asia;Asia Pacific;TEC-CO-5993;Technology;Copiers;Sharp Fax and Copier, Color;340,08;2;0;33,96;49,87;Critical;August;2015
25550;IN-2015-GM1445527-42227;Salı, Ağustos 11, 2015;Salı, Ağustos 11, 2015;Same Day;GM-1445527;Gary Mitchum;Home Office;;Yuci;Shanxi;China;Eastern Asia;Asia Pacific;TEC-CO-4765;Technology;Copiers;HP Copy Machine, Color;725,67;3;0;355,5;79,42;High;August;2015
45644;IZ-2015-PF916561-42244;Cuma, Ağustos 28, 2015;Pazartesi, Ağustos 31, 2015;Second Class;PF-916561;Philip Fox;Consumer;;Arbil;Arbil;Iraq;Western Asia;Asia Pacific;TEC-CO-4766;Technology;Copiers;HP Copy Machine, High-Speed;243,69;1;0;41,4;81,82;Critical;August;2015
29337;IN-2015-CM1211527-42235;Çarşamba, Ağustos 19, 2015;Cumartesi, Ağustos 22, 2015;First Class;CM-1211527;Chad McGuire;Consumer;;Heze;Shandong;China;Eastern Asia;Asia Pacific;TEC-CO-4766;Technology;Copiers;HP Copy Machine, High-Speed;487,38;2;0;107,22;101,98;Critical;August;2015
24342;IN-2015-AP1091527-42244;Cuma, Ağustos 28, 2015;Cumartesi, Ağustos 29, 2015;First Class;AP-1091527;Arthur Prichep;Consumer;;Shouguang;Shandong;China;Eastern Asia;Asia Pacific;TEC-CO-4591;Technology;Copiers;Hewlett Wireless Fax, Digital;759,66;2;0;311,46;207,21;High;August;2015
43549;UP-2015-CC2220137-42235;Çarşamba, Ağustos 19, 2015;Cumartesi, Ağustos 22, 2015;Second Class;CC-2220137;Chris Cortes;Consumer;;Kharkiv;Kharkiv;Ukraine;Eastern Europe;Europe;TEC-CO-4769;Technology;Copiers;HP Fax and Copier, Color;174,33;1;0;71,46;8;Medium;August;2015
44760;RS-2015-EM4200108-42218;Pazar, Ağustos 02, 2015;Çarşamba, Ağustos 05, 2015;Second Class;EM-4200108;Evan Minnotte;Home Office;;Budënnovsk;Stavropol';Russia;Eastern Europe;Europe;TEC-CO-5995;Technology;Copiers;Sharp Fax and Copier, High-Speed;333,6;2;0;40,02;49,63;High;August;2015
12653;ES-2015-BG11740139-42238;Cumartesi, Ağustos 22, 2015;Salı, Ağustos 25, 2015;Second Class;BG-11740139;Bruce Geld;Consumer;;Cardiff;Wales;United Kingdom;Northern Europe;Europe;TEC-CO-4767;Technology;Copiers;HP Copy Machine, Laser;1216,65;5;0;608,25;55,67;Medium;August;2015
18649;ES-2015-JB15400139-42241;Salı, Ağustos 25, 2015;Cuma, Ağustos 28, 2015;Second Class;JB-15400139;Jennifer Braxton;Corporate;;Dewsbury;England;United Kingdom;Northern Europe;Europe;TEC-CO-4577;Technology;Copiers;Hewlett Fax Machine, High-Speed;954,36;3;0;95,4;73,57;Medium;August;2015
10361;IT-2015-JL1585048-42230;Cuma, Ağustos 14, 2015;Pazar, Ağustos 16, 2015;Second Class;JL-1585048;John Lucas;Consumer;;Stuttgart;Baden-Württemberg;Germany;Western Europe;Europe;TEC-CO-3710;Technology;Copiers;Canon Wireless Fax, Laser;757,32;2;0;371,04;200,65;Critical;August;2015
18026;ES-2015-FH14275139-42229;Perşembe, Ağustos 13, 2015;Perşembe, Ağustos 13, 2015;Same Day;FH-14275139;Frank Hawley;Corporate;;Doncaster;England;United Kingdom;Northern Europe;Europe;TEC-CO-4792;Technology;Copiers;HP Wireless Fax, Laser;720,42;2;0;43,2;75,07;High;August;2015
13340;ES-2015-RW1954096-42222;Perşembe, Ağustos 06, 2015;Perşembe, Ağustos 06, 2015;Same Day;RW-1954096;Rick Wilson;Corporate;;Kristiansand;Vest-Agder;Norway;Northern Europe;Europe;TEC-CO-3596;Technology;Copiers;Brother Fax Machine, Digital;1590,9;5;0;508,95;243,57;Medium;August;2015
46294;SF-2015-CP2085117-42227;Salı, Ağustos 11, 2015;Perşembe, Ağustos 13, 2015;Second Class;CP-2085117;Cathy Prescott;Corporate;;Cape Town;Western Cape;South Africa;Southern Africa;Africa;TEC-CO-5995;Technology;Copiers;Sharp Fax and Copier, High-Speed;333,6;2;0;40,02;11,53;Medium;August;2015
43207;MO-2015-TT1126586-42230;Cuma, Ağustos 14, 2015;Pazar, Ağustos 16, 2015;Second Class;TT-1126586;Tim Taslimi;Corporate;;Marrakech;Marrakech-Tensift-El Haouz;Morocco;North Africa;Africa;TEC-CO-4579;Technology;Copiers;Hewlett Ink, Color;600,48;4;0;84;38,41;High;August;2015
49093;SF-2015-JL5175117-42245;Cumartesi, Ağustos 29, 2015;Pazartesi, Ağustos 31, 2015;Second Class;JL-5175117;James Lanier;Home Office;;Pretoria;Gauteng;South Africa;Southern Africa;Africa;TEC-CO-3596;Technology;Copiers;Brother Fax Machine, Digital;636,36;2;0;203,58;91,93;Medium;August;2015
46798;HR-2015-PB910530-42229;Perşembe, Ağustos 13, 2015;Cumartesi, Ağustos 15, 2015;First Class;PB-910530;Peter Bühler;Consumer;;Zagreb;Grad Zagreb;Croatia;Southern Europe;Europe;TEC-MA-5018;Technology;Machines;Konica Receipt Printer, Durable;244,74;2;0;70,92;13,3;Medium;August;2015
27303;IN-2015-NR1855027-42239;Pazar, Ağustos 23, 2015;Çarşamba, Ağustos 26, 2015;First Class;NR-1855027;Nick Radford;Consumer;;Shantou;Guangdong;China;Eastern Asia;Asia Pacific;TEC-MA-4199;Technology;Machines;Epson Inkjet, Wireless;616,44;2;0;265,02;169,09;High;August;2015
48548;AO-2015-BE14554-42223;Cuma, Ağustos 07, 2015;Pazartesi, Ağustos 10, 2015;Second Class;BE-14554;Brad Eason;Home Office;;Huambo;Huambo;Angola;Central Africa;Africa;TEC-MA-4194;Technology;Machines;Epson Card Printer, Red;668,4;4;0;300,72;61,64;Medium;August;2015
4320;MX-2015-DK1298518-42217;Cumartesi, Ağustos 01, 2015;Pazar, Ağustos 02, 2015;First Class;DK-1298518;Darren Koutras;Consumer;;Conselheiro Lafaiete;Minas Gerais;Brazil;South America;LATAM;TEC-MA-4206;Technology;Machines;Epson Printer, Red;865,9;5;0;129,8;188,395;High;August;2015
41913;CG-2015-DK337533-42228;Çarşamba, Ağustos 12, 2015;Cumartesi, Ağustos 15, 2015;Second Class;DK-337533;Dennis Kane;Consumer;;Kinshasa;Kinshasa;Democratic Republic of the Congo;Central Africa;Africa;TEC-MA-6149;Technology;Machines;StarTech Printer, White;1018,32;4;0;183,24;255,69;Critical;August;2015
16897;ES-2015-TM21490139-42223;Cuma, Ağustos 07, 2015;Pazartesi, Ağustos 10, 2015;First Class;TM-21490139;Tony Molinari;Consumer;;Harrow;England;United Kingdom;Northern Europe;Europe;OFF-EN-4435;Office Supplies;Envelopes;GlobeWeis Clasp Envelope, Recycled;26,1;3;0;6,75;1,18;Medium;August;2015
16201;ES-2015-JF15295139-42217;Cumartesi, Ağustos 01, 2015;Perşembe, Ağustos 06, 2015;Second Class;JF-15295139;Jason Fortune-;Consumer;;West Bromwich;England;United Kingdom;Northern Europe;Europe;OFF-LA-5399;Office Supplies;Labels;Novimex Round Labels, Adjustable;8,34;2;0;2,28;1,9;Medium;August;2015
12689;ES-2015-PB19150139-42221;Çarşamba, Ağustos 05, 2015;Pazar, Ağustos 09, 2015;Second Class;PB-19150139;Philip Brown;Consumer;;Redditch;England;United Kingdom;Northern Europe;Europe;OFF-BI-6400;Office Supplies;Binders;Wilson Jones Hole Reinforcements, Recycled;9,78;2;0;2,34;1,93;Medium;August;2015
20091;ES-2015-MH17455139-42230;Cuma, Ağustos 14, 2015;Salı, Ağustos 18, 2015;Second Class;MH-17455139;Mark Hamilton;Consumer;;Bedford;England;United Kingdom;Northern Europe;Europe;OFF-AR-3531;Office Supplies;Art;Boston Highlighters, Blue;37,74;2;0;9,42;2,64;Medium;August;2015
12688;ES-2015-PB19150139-42221;Çarşamba, Ağustos 05, 2015;Pazar, Ağustos 09, 2015;Second Class;PB-19150139;Philip Brown;Consumer;;Redditch;England;United Kingdom;Northern Europe;Europe;OFF-ST-4263;Office Supplies;Storage;Fellowes Folders, Single Width;52,86;2;0;21,66;3,05;Medium;August;2015
11431;ES-2015-AA10315139-42220;Salı, Ağustos 04, 2015;Cuma, Ağustos 07, 2015;Second Class;AA-10315139;Alex Avila;Consumer;;Garforth;England;United Kingdom;Northern Europe;Europe;OFF-ST-6249;Office Supplies;Storage;Tenex Folders, Blue;23,22;1;0;7,65;4,18;High;August;2015
14489;ES-2015-TC21295139-42238;Cumartesi, Ağustos 22, 2015;Pazartesi, Ağustos 24, 2015;Second Class;TC-21295139;Toby Carlisle;Consumer;;Maidenhead;England;United Kingdom;Northern Europe;Europe;OFF-FA-5481;Office Supplies;Fasteners;OIC Staples, Assorted Sizes;17,58;2;0;6,66;4,64;Critical;August;2015
11427;ES-2015-AA10315139-42220;Salı, Ağustos 04, 2015;Cuma, Ağustos 07, 2015;Second Class;AA-10315139;Alex Avila;Consumer;;Garforth;England;United Kingdom;Northern Europe;Europe;OFF-AR-3494;Office Supplies;Art;Binney & Smith Pencil Sharpener, Water Color;53,88;2;0;24,78;5,15;High;August;2015
11432;ES-2015-AA10315139-42220;Salı, Ağustos 04, 2015;Cuma, Ağustos 07, 2015;Second Class;AA-10315139;Alex Avila;Consumer;;Garforth;England;United Kingdom;Northern Europe;Europe;OFF-BI-3717;Office Supplies;Binders;Cardinal Binder Covers, Durable;94,5;7;0;30,24;5,29;High;August;2015
12146;ES-2015-RE19405139-42241;Salı, Ağustos 25, 2015;Perşembe, Ağustos 27, 2015;First Class;RE-19405139;Ricardo Emerson;Consumer;;Southend-on-Sea;England;United Kingdom;Northern Europe;Europe;OFF-LA-6045;Office Supplies;Labels;Smead Legal Exhibit Labels, Laser Printer Compatible;77,7;7;0;4,62;10,08;Critical;August;2015
11426;ES-2015-RB19435139-42239;Pazar, Ağustos 23, 2015;Çarşamba, Ağustos 26, 2015;First Class;RB-19435139;Richard Bierner;Consumer;;Nottingham;England;United Kingdom;Northern Europe;Europe;OFF-LA-3298;Office Supplies;Labels;Avery Legal Exhibit Labels, Adjustable;46,2;5;0;14,25;13;Critical;August;2015
14488;ES-2015-TC21295139-42238;Cumartesi, Ağustos 22, 2015;Pazartesi, Ağustos 24, 2015;Second Class;TC-21295139;Toby Carlisle;Consumer;;Maidenhead;England;United Kingdom;Northern Europe;Europe;OFF-AR-3459;Office Supplies;Art;BIC Markers, Water Color;118,44;4;0;41,4;20,37;Critical;August;2015
12687;ES-2015-PB19150139-42221;Çarşamba, Ağustos 05, 2015;Pazar, Ağustos 09, 2015;Second Class;PB-19150139;Philip Brown;Consumer;;Redditch;England;United Kingdom;Northern Europe;Europe;OFF-AR-5905;Office Supplies;Art;Sanford Canvas, Water Color;214,8;4;0;0;26,81;Medium;August;2015
15410;ES-2015-SF20200139-42229;Perşembe, Ağustos 13, 2015;Cumartesi, Ağustos 15, 2015;First Class;SF-20200139;Sarah Foster;Consumer;;Wigan;England;United Kingdom;Northern Europe;Europe;OFF-AR-6117;Office Supplies;Art;Stanley Markers, Water Color;126,9;5;0;41,85;28,67;Critical;August;2015
11428;ES-2015-AA10315139-42220;Salı, Ağustos 04, 2015;Cuma, Ağustos 07, 2015;Second Class;AA-10315139;Alex Avila;Consumer;;Garforth;England;United Kingdom;Northern Europe;Europe;OFF-ST-6049;Office Supplies;Storage;Smead Lockers, Wire Frame;394,98;2;0;35,52;44,36;High;August;2015
14041;ES-2015-SS20590139-42220;Salı, Ağustos 04, 2015;Cuma, Ağustos 07, 2015;First Class;SS-20590139;Sonia Sunley;Consumer;;Stoke-on-Trent;England;United Kingdom;Northern Europe;Europe;OFF-AR-3552;Office Supplies;Art;Boston Sketch Pad, Blue;340,2;7;0;146,16;68,67;Medium;August;2015
14039;ES-2015-SS20590139-42220;Salı, Ağustos 04, 2015;Cuma, Ağustos 07, 2015;First Class;SS-20590139;Sonia Sunley;Consumer;;Stoke-on-Trent;England;United Kingdom;Northern Europe;Europe;OFF-AP-4733;Office Supplies;Appliances;Hoover Microwave, White;1533,9;5;0;414,15;83,64;Medium;August;2015
14040;ES-2015-SS20590139-42220;Salı, Ağustos 04, 2015;Cuma, Ağustos 07, 2015;First Class;SS-20590139;Sonia Sunley;Consumer;;Stoke-on-Trent;England;United Kingdom;Northern Europe;Europe;OFF-ST-6262;Office Supplies;Storage;Tenex Lockers, Industrial;613,89;3;0;171,81;112,4;Medium;August;2015
20250;ES-2015-MG17875139-42244;Cuma, Ağustos 28, 2015;Pazar, Ağustos 30, 2015;Second Class;MG-17875139;Michael Grace;Home Office;;Preston;England;United Kingdom;Northern Europe;Europe;OFF-ST-4096;Office Supplies;Storage;Eldon Shelving, Single Width;242,25;5;0;0;25,58;High;August;2015
14592;ES-2015-KF16285139-42227;Salı, Ağustos 11, 2015;Çarşamba, Ağustos 12, 2015;First Class;KF-16285139;Karen Ferguson;Home Office;;Brighton;England;United Kingdom;Northern Europe;Europe;OFF-BI-3722;Office Supplies;Binders;Cardinal Binder, Economy;110,64;8;0;40,8;3,01;Medium;August;2015
16021;ES-2015-ME17320139-42227;Salı, Ağustos 11, 2015;Cuma, Ağustos 14, 2015;First Class;ME-17320139;Maria Etezadi;Home Office;;Stoke-on-Trent;England;United Kingdom;Northern Europe;Europe;OFF-FA-3070;Office Supplies;Fasteners;Advantus Staples, Bulk Pack;21,72;2;0;8,64;6,81;Critical;August;2015
14860;ES-2015-SD20485139-42228;Çarşamba, Ağustos 12, 2015;Perşembe, Ağustos 13, 2015;First Class;SD-20485139;Shirley Daniels;Home Office;;Bristol;England;United Kingdom;Northern Europe;Europe;OFF-SU-2978;Office Supplies;Supplies;Acme Letter Opener, High Speed;90,63;3;0;6,3;7,68;Medium;August;2015
18024;ES-2015-FH14275139-42229;Perşembe, Ağustos 13, 2015;Perşembe, Ağustos 13, 2015;Same Day;FH-14275139;Frank Hawley;Corporate;;Doncaster;England;United Kingdom;Northern Europe;Europe;OFF-ST-4264;Office Supplies;Storage;Fellowes Folders, Wire Frame;229,23;9;0;59,4;34,35;High;August;2015
12352;IT-2015-ND1846096-42223;Cuma, Ağustos 07, 2015;Pazartesi, Ağustos 10, 2015;Second Class;ND-1846096;Neil Ducich;Corporate;;Drammen;Buskerud;Norway;Northern Europe;Europe;OFF-BI-4813;Office Supplies;Binders;Ibico Binder, Economy;15,48;1;0;4,32;1,57;High;August;2015
12654;ES-2015-BG11740139-42238;Cumartesi, Ağustos 22, 2015;Salı, Ağustos 25, 2015;Second Class;BG-11740139;Bruce Geld;Consumer;;Cardiff;Wales;United Kingdom;Northern Europe;Europe;OFF-BI-4828;Office Supplies;Binders;Ibico Index Tab, Clear;17,82;2;0;3,18;1,96;Medium;August;2015
12652;ES-2015-BG11740139-42238;Cumartesi, Ağustos 22, 2015;Salı, Ağustos 25, 2015;Second Class;BG-11740139;Bruce Geld;Consumer;;Cardiff;Wales;United Kingdom;Northern Europe;Europe;OFF-ST-4061;Office Supplies;Storage;Eldon Folders, Industrial;104,76;6;0;3,06;4,85;Medium;August;2015
12351;IT-2015-ND1846096-42223;Cuma, Ağustos 07, 2015;Pazartesi, Ağustos 10, 2015;Second Class;ND-1846096;Neil Ducich;Corporate;;Drammen;Buskerud;Norway;Northern Europe;Europe;OFF-BI-4807;Office Supplies;Binders;Ibico Binder Covers, Clear;26,22;2;0;1,8;5,14;High;August;2015
13146;ES-2015-GT14635139-42219;Pazartesi, Ağustos 03, 2015;Perşembe, Ağustos 06, 2015;Second Class;GT-14635139;Grant Thornton;Corporate;;Paisley;Scotland;United Kingdom;Northern Europe;Europe;OFF-ST-6040;Office Supplies;Storage;Smead Folders, Single Width;105,12;6;0;32,58;7,43;Medium;August;2015
19958;ES-2015-MA17995139-42247;Pazartesi, Ağustos 31, 2015;Perşembe, Eylül 03, 2015;First Class;MA-17995139;Michelle Arnett;Home Office;;Briton Ferry;Wales;United Kingdom;Northern Europe;Europe;OFF-BI-4824;Office Supplies;Binders;Ibico Hole Reinforcements, Durable;50,94;6;0;14,22;16,48;High;August;2015
13339;ES-2015-RW1954096-42222;Perşembe, Ağustos 06, 2015;Perşembe, Ağustos 06, 2015;Same Day;RW-1954096;Rick Wilson;Corporate;;Kristiansand;Vest-Agder;Norway;Northern Europe;Europe;OFF-EN-3099;Office Supplies;Envelopes;Ames Interoffice Envelope, with clear poly window;194,64;4;0;62,28;38,36;Medium;August;2015
12353;IT-2015-ND1846096-42223;Cuma, Ağustos 07, 2015;Pazartesi, Ağustos 10, 2015;Second Class;ND-1846096;Neil Ducich;Corporate;;Drammen;Buskerud;Norway;Northern Europe;Europe;OFF-ST-4079;Office Supplies;Storage;Eldon Lockers, Industrial;595,17;3;0;291,6;77,94;High;August;2015
51283;RS-2015-CR2625108-42230;Cuma, Ağustos 14, 2015;Pazar, Ağustos 16, 2015;Second Class;CR-2625108;Corey Roper;Home Office;;Astrakhan';Astrakhan';Russia;Eastern Europe;Europe;OFF-SU-4306;Office Supplies;Supplies;Fiskars Box Cutter, Steel;34,92;1;0;11,16;1,27;Medium;August;2015
51282;RS-2015-CR2625108-42230;Cuma, Ağustos 14, 2015;Pazar, Ağustos 16, 2015;Second Class;CR-2625108;Corey Roper;Home Office;;Astrakhan';Astrakhan';Russia;Eastern Europe;Europe;OFF-ST-5712;Office Supplies;Storage;Rogers Trays, Wire Frame;60,75;1;0;29,76;5,37;Medium;August;2015
44758;RS-2015-EM4200108-42218;Pazar, Ağustos 02, 2015;Çarşamba, Ağustos 05, 2015;Second Class;EM-4200108;Evan Minnotte;Home Office;;Budënnovsk;Stavropol';Russia;Eastern Europe;Europe;OFF-SU-4325;Office Supplies;Supplies;Fiskars Trimmer, Easy Grip;87,84;2;0;32,46;13,06;High;August;2015
45649;RS-2015-PB9150108-42227;Salı, Ağustos 11, 2015;Cuma, Ağustos 14, 2015;First Class;PB-9150108;Philip Brown;Consumer;;Ufa;Bashkortostan;Russia;Eastern Europe;Europe;OFF-ST-5709;Office Supplies;Storage;Rogers Trays, Blue;246,72;4;0;73,92;34,84;Medium;August;2015
43550;UP-2015-CC2220137-42235;Çarşamba, Ağustos 19, 2015;Cumartesi, Ağustos 22, 2015;Second Class;CC-2220137;Chris Cortes;Consumer;;Kharkiv;Kharkiv;Ukraine;Eastern Europe;Europe;OFF-ST-6038;Office Supplies;Storage;Smead Folders, Blue;17,49;1;0;2,07;1,41;Medium;August;2015
43940;UP-2015-ST10530137-42243;Perşembe, Ağustos 27, 2015;Cumartesi, Ağustos 29, 2015;Second Class;ST-10530137;Shui Tom;Consumer;;Kremenchuk;Poltava;Ukraine;Eastern Europe;Europe;OFF-FA-2958;Office Supplies;Fasteners;Accos Staples, Metal;11,07;1;0;2,19;1,46;High;August;2015
49879;UP-2015-LH7155137-42242;Çarşamba, Ağustos 26, 2015;Cuma, Ağustos 28, 2015;First Class;LH-7155137;Logan Haushalter;Consumer;;Sumy;Sumy;Ukraine;Eastern Europe;Europe;OFF-LA-4694;Office Supplies;Labels;Hon Shipping Labels, Adjustable;9,27;1;0;3,24;2,03;Critical;August;2015
43939;UP-2015-ST10530137-42243;Perşembe, Ağustos 27, 2015;Cumartesi, Ağustos 29, 2015;Second Class;ST-10530137;Shui Tom;Consumer;;Kremenchuk;Poltava;Ukraine;Eastern Europe;Europe;OFF-BI-3722;Office Supplies;Binders;Cardinal Binder, Economy;55,32;4;0;20,4;5,99;High;August;2015
43551;UP-2015-CC2220137-42235;Çarşamba, Ağustos 19, 2015;Cumartesi, Ağustos 22, 2015;Second Class;CC-2220137;Chris Cortes;Consumer;;Kharkiv;Kharkiv;Ukraine;Eastern Europe;Europe;OFF-AR-3552;Office Supplies;Art;Boston Sketch Pad, Blue;194,4;4;0;83,52;13,6;Medium;August;2015
46166;UP-2015-AZ750137-42221;Çarşamba, Ağustos 05, 2015;Cumartesi, Ağustos 08, 2015;Second Class;AZ-750137;Annie Zypern;Consumer;;Dnipropetrovs'k;Dnipropetrovs'k;Ukraine;Eastern Europe;Europe;OFF-PA-5886;Office Supplies;Paper;SanDisk Note Cards, Premium;62,46;2;0;25,56;14,3;Critical;August;2015
49878;UP-2015-LH7155137-42242;Çarşamba, Ağustos 26, 2015;Cuma, Ağustos 28, 2015;First Class;LH-7155137;Logan Haushalter;Consumer;;Sumy;Sumy;Ukraine;Eastern Europe;Europe;OFF-ST-4260;Office Supplies;Storage;Fellowes File Cart, Wire Frame;272,76;2;0;57,24;58,27;Critical;August;2015
47031;PL-2015-JF5415103-42229;Perşembe, Ağustos 13, 2015;Cumartesi, Ağustos 15, 2015;First Class;JF-5415103;Jennifer Ferguson;Consumer;;Kalisz;Greater Poland;Poland;Eastern Europe;Europe;OFF-SU-2993;Office Supplies;Supplies;Acme Shears, Easy Grip;51,54;1;0;10,8;9,06;High;August;2015
46102;RO-2015-NH8610107-42227;Salı, Ağustos 11, 2015;Salı, Ağustos 11, 2015;Same Day;NH-8610107;Nicole Hansen;Corporate;;Sibiu;Sibiu;Romania;Eastern Europe;Europe;OFF-BI-3712;Office Supplies;Binders;Cardinal 3-Hole Punch, Clear;113,04;4;0;23,64;2,09;High;August;2015
43331;RO-2015-LR7035107-42224;Cumartesi, Ağustos 08, 2015;Cumartesi, Ağustos 08, 2015;Same Day;LR-7035107;Lisa Ryan;Corporate;;Timisoara;Timis;Romania;Eastern Europe;Europe;OFF-BI-3715;Office Supplies;Binders;Cardinal 3-Hole Punch, Recycled;29,16;1;0;8,43;2,72;Medium;August;2015
50865;BO-2015-TW1102513-42224;Cumartesi, Ağustos 08, 2015;Pazar, Ağustos 09, 2015;First Class;TW-1102513;Tamara Willingham;Home Office;;Homyel';Homyel';Belarus;Eastern Europe;Europe;OFF-AR-6122;Office Supplies;Art;Stanley Pens, Easy-Erase;10,32;1;0;4,53;3,16;High;August;2015
43330;RO-2015-LR7035107-42224;Cumartesi, Ağustos 08, 2015;Cumartesi, Ağustos 08, 2015;Same Day;LR-7035107;Lisa Ryan;Corporate;;Timisoara;Timis;Romania;Eastern Europe;Europe;OFF-BI-3253;Office Supplies;Binders;Avery Binder, Economy;25,8;2;0;10,02;3,4;Medium;August;2015
46103;RO-2015-NH8610107-42227;Salı, Ağustos 11, 2015;Salı, Ağustos 11, 2015;Same Day;NH-8610107;Nicole Hansen;Corporate;;Sibiu;Sibiu;Romania;Eastern Europe;Europe;OFF-PA-4463;Office Supplies;Paper;Green Bar Cards & Envelopes, Premium;96,78;2;0;30;12,28;High;August;2015
43332;RO-2015-LR7035107-42224;Cumartesi, Ağustos 08, 2015;Cumartesi, Ağustos 08, 2015;Same Day;LR-7035107;Lisa Ryan;Corporate;;Timisoara;Timis;Romania;Eastern Europe;Europe;OFF-ST-6261;Office Supplies;Storage;Tenex Lockers, Blue;204,15;1;0;53,07;26,93;Medium;August;2015
45133;BU-2015-BD162019-42225;Pazar, Ağustos 09, 2015;Çarşamba, Ağustos 12, 2015;First Class;BD-162019;Brian DeCherney;Consumer;;Sofia;Sofiya-Grad;Bulgaria;Eastern Europe;Europe;OFF-SU-6183;Office Supplies;Supplies;Stiletto Trimmer, Steel;168,6;4;0;57,24;37,15;High;August;2015
45134;BU-2015-BD162019-42225;Pazar, Ağustos 09, 2015;Çarşamba, Ağustos 12, 2015;First Class;BD-162019;Brian DeCherney;Consumer;;Sofia;Sofiya-Grad;Bulgaria;Eastern Europe;Europe;OFF-ST-5712;Office Supplies;Storage;Rogers Trays, Wire Frame;364,5;6;0;178,56;37,49;High;August;2015
46374;HR-2015-PO885030-42242;Çarşamba, Ağustos 26, 2015;Pazar, Ağustos 30, 2015;Second Class;PO-885030;Patrick O'Brill;Consumer;;Zagreb;Grad Zagreb;Croatia;Southern Europe;Europe;OFF-AR-6128;Office Supplies;Art;Stanley Sketch Pad, Water Color;47,61;1;0;9,03;12,15;High;August;2015
43474;MW-2015-TS1143085-42220;Salı, Ağustos 04, 2015;Pazar, Ağustos 09, 2015;Second Class;TS-1143085;Tom Stivers;Corporate;;Podgorica;Podgorica;Montenegro;Southern Europe;Europe;OFF-ST-4057;Office Supplies;Storage;Eldon File Cart, Single Width;513,48;4;0;220,68;61,53;Medium;August;2015
43473;MW-2015-TS1143085-42220;Salı, Ağustos 04, 2015;Pazar, Ağustos 09, 2015;Second Class;TS-1143085;Tom Stivers;Corporate;;Podgorica;Podgorica;Montenegro;Southern Europe;Europe;OFF-AP-3874;Office Supplies;Appliances;Cuisinart Stove, Silver;3234,24;6;0;970,2;295,74;Medium;August;2015
11105;ES-2015-TT21460120-42241;Salı, Ağustos 25, 2015;Cuma, Ağustos 28, 2015;Second Class;TT-21460120;Tonja Turnell;Home Office;;Valencia;Valenciana;Spain;Southern Europe;Europe;OFF-AR-6121;Office Supplies;Art;Stanley Pens, Blue;10,05;1;0;4,92;1,59;Medium;August;2015
18080;ES-2015-HA14920120-42218;Pazar, Ağustos 02, 2015;Çarşamba, Ağustos 05, 2015;Second Class;HA-14920120;Helen Andreada;Consumer;;Palma de Mallorca;Balearic Islands;Spain;Southern Europe;Europe;OFF-FA-2958;Office Supplies;Fasteners;Accos Staples, Metal;66,42;6;0;13,14;3,78;Medium;August;2015
13922;ES-2015-DL13315120-42235;Çarşamba, Ağustos 19, 2015;Pazar, Ağustos 23, 2015;Second Class;DL-13315120;Delfina Latchford;Consumer;;Madrid;Madrid;Spain;Southern Europe;Europe;OFF-BI-6405;Office Supplies;Binders;Wilson Jones Index Tab, Recycled;40,86;6;0;11,34;5,23;Medium;August;2015
14995;ES-2015-MH17620120-42245;Cumartesi, Ağustos 29, 2015;Cumartesi, Ağustos 29, 2015;Same Day;MH-17620120;Matt Hagelstein;Corporate;;Valladolid;Castile and León;Spain;Southern Europe;Europe;OFF-BI-6404;Office Supplies;Binders;Wilson Jones Index Tab, Economy;25,8;4;0;6,6;5,74;High;August;2015
14996;ES-2015-MH17620120-42245;Cumartesi, Ağustos 29, 2015;Cumartesi, Ağustos 29, 2015;Same Day;MH-17620120;Matt Hagelstein;Corporate;;Valladolid;Castile and León;Spain;Southern Europe;Europe;OFF-AR-3495;Office Supplies;Art;Binney & Smith Pens, Blue;47,76;4;0;20,04;6,33;High;August;2015
16358;ES-2015-MC18100120-42246;Pazar, Ağustos 30, 2015;Salı, Eylül 01, 2015;Second Class;MC-18100120;Mick Crebagga;Consumer;;Elx;Valenciana;Spain;Southern Europe;Europe;OFF-AR-3477;Office Supplies;Art;Binney & Smith Canvas, Fluorescent;105,24;2;0;19,98;14,1;High;August;2015
15852;ES-2015-SJ20215120-42238;Cumartesi, Ağustos 22, 2015;Çarşamba, Ağustos 26, 2015;Second Class;SJ-20215120;Sarah Jordon;Consumer;;Burgos;Castile and León;Spain;Southern Europe;Europe;OFF-BI-6371;Office Supplies;Binders;Wilson Jones 3-Hole Punch, Economy;83,97;3;0;27,63;14,7;Medium;August;2015
13923;ES-2015-DL13315120-42235;Çarşamba, Ağustos 19, 2015;Pazar, Ağustos 23, 2015;Second Class;DL-13315120;Delfina Latchford;Consumer;;Madrid;Madrid;Spain;Southern Europe;Europe;OFF-BI-6385;Office Supplies;Binders;Wilson Jones Binding Machine, Recycled;345,24;7;0;37,8;20,93;Medium;August;2015
19436;ES-2015-BE11410120-42225;Pazar, Ağustos 09, 2015;Pazartesi, Ağustos 10, 2015;First Class;BE-11410120;Bobby Elias;Consumer;;Madrid;Madrid;Spain;Southern Europe;Europe;OFF-AP-4733;Office Supplies;Appliances;Hoover Microwave, White;306,78;1;0;82,83;21,03;Medium;August;2015
16836;ES-2015-BP11095120-42231;Cumartesi, Ağustos 15, 2015;Pazar, Ağustos 16, 2015;First Class;BP-11095120;Bart Pistole;Corporate;;Madrid;Madrid;Spain;Southern Europe;Europe;OFF-PA-5848;Office Supplies;Paper;SanDisk Cards & Envelopes, Multicolor;99,66;2;0;6,96;24,18;High;August;2015
15853;ES-2015-SJ20215120-42238;Cumartesi, Ağustos 22, 2015;Çarşamba, Ağustos 26, 2015;Second Class;SJ-20215120;Sarah Jordon;Consumer;;Burgos;Castile and León;Spain;Southern Europe;Europe;OFF-SU-4132;Office Supplies;Supplies;Elite Shears, High Speed;329,07;7;0;62,37;24,32;Medium;August;2015
18079;ES-2015-HA14920120-42218;Pazar, Ağustos 02, 2015;Çarşamba, Ağustos 05, 2015;Second Class;HA-14920120;Helen Andreada;Consumer;;Palma de Mallorca;Balearic Islands;Spain;Southern Europe;Europe;OFF-AP-3572;Office Supplies;Appliances;Breville Microwave, Silver;604,92;2;0;217,74;58,65;Medium;August;2015
20021;ES-2015-HM1498064-42245;Cumartesi, Ağustos 29, 2015;Salı, Eylül 01, 2015;Second Class;HM-1498064;Henry MacAllister;Consumer;;Rome;Lazio;Italy;Southern Europe;Europe;OFF-BI-2891;Office Supplies;Binders;Acco Binder Covers, Clear;25,56;2;0;10,98;1,36;High;August;2015
20022;ES-2015-HM1498064-42245;Cumartesi, Ağustos 29, 2015;Salı, Eylül 01, 2015;Second Class;HM-1498064;Henry MacAllister;Consumer;;Rome;Lazio;Italy;Southern Europe;Europe;OFF-AR-5902;Office Supplies;Art;Sanford Canvas, Blue;101,04;2;0;29,28;8,94;High;August;2015
19747;ES-2015-SC2038064-42219;Pazartesi, Ağustos 03, 2015;Perşembe, Ağustos 06, 2015;First Class;SC-2038064;Shahid Collister;Consumer;;Florence;Tuscany;Italy;Southern Europe;Europe;OFF-BI-6371;Office Supplies;Binders;Wilson Jones 3-Hole Punch, Economy;55,98;2;0;18,42;11,82;High;August;2015
16397;IT-2015-LW1699064-42238;Cumartesi, Ağustos 22, 2015;Pazartesi, Ağustos 24, 2015;Second Class;LW-1699064;Lindsay Williams;Corporate;;Perugia;Umbria;Italy;Southern Europe;Europe;OFF-PA-4477;Office Supplies;Paper;Green Bar Message Books, Recycled;118,5;5;0;42,6;12,8;High;August;2015
13158;ES-2015-MS1777064-42237;Cuma, Ağustos 21, 2015;Pazartesi, Ağustos 24, 2015;First Class;MS-1777064;Maxwell Schwartz;Consumer;;Rome;Lazio;Italy;Southern Europe;Europe;OFF-AR-3457;Office Supplies;Art;BIC Markers, Easy-Erase;80,1;3;0;22,41;16,28;High;August;2015
17921;ES-2015-LH1690064-42231;Cumartesi, Ağustos 15, 2015;Cumartesi, Ağustos 15, 2015;Same Day;LH-1690064;Lena Hernandez;Consumer;;Trieste;Friuli-Venezia Giulia;Italy;Southern Europe;Europe;OFF-SU-2990;Office Supplies;Supplies;Acme Scissors, Serrated;110,7;5;0;6,6;26,52;High;August;2015
18244;IT-2015-AG1049564-42241;Salı, Ağustos 25, 2015;Pazar, Ağustos 30, 2015;Second Class;AG-1049564;Andrew Gjertsen;Corporate;;Milan;Lombardy;Italy;Southern Europe;Europe;OFF-SU-4995;Office Supplies;Supplies;Kleencut Trimmer, Serrated;190,65;5;0;51,45;38,53;High;August;2015
14937;ES-2015-DV1304545-42221;Çarşamba, Ağustos 05, 2015;Cuma, Ağustos 07, 2015;Second Class;DV-1304545;Darrin Van Huff;Corporate;;Conflans-Sainte-Honorine;Ile-de-France;France;Western Europe;Europe;OFF-EN-3093;Office Supplies;Envelopes;Ames Clasp Envelope, Set of 50;21,6;3;0;9,72;2,33;Medium;August;2015
10315;ES-2015-BF1127545-42230;Cuma, Ağustos 14, 2015;Pazar, Ağustos 16, 2015;First Class;BF-1127545;Beth Fritzler;Corporate;;Thiais;Ile-de-France;France;Western Europe;Europe;OFF-BI-2915;Office Supplies;Binders;Acco Hole Reinforcements, Recycled;14,04;2;0;7,02;2,89;Medium;August;2015
18768;IT-2015-ME1801045-42222;Perşembe, Ağustos 06, 2015;Cumartesi, Ağustos 08, 2015;Second Class;ME-1801045;Michelle Ellison;Corporate;;Paris;Ile-de-France;France;Western Europe;Europe;OFF-BI-2898;Office Supplies;Binders;Acco Binder, Recycled;31,02;2;0;0,9;3,38;Medium;August;2015
11045;ES-2015-RS1942045-42242;Çarşamba, Ağustos 26, 2015;Cumartesi, Ağustos 29, 2015;First Class;RS-1942045;Ricardo Sperren;Corporate;;Neuilly-sur-Seine;Ile-de-France;France;Western Europe;Europe;OFF-BI-3727;Office Supplies;Binders;Cardinal Binding Machine, Recycled;150,39;3;0;31,5;3,53;Medium;August;2015
16400;ES-2015-CS1240045-42228;Çarşamba, Ağustos 12, 2015;Cuma, Ağustos 14, 2015;Second Class;CS-1240045;Christopher Schild;Home Office;;Cormeilles-en-Parisis;Ile-de-France;France;Western Europe;Europe;OFF-BI-2895;Office Supplies;Binders;Acco Binder, Clear;43,83;3;0;14,4;3,63;Medium;August;2015
19319;ES-2015-JM1558045-42237;Cuma, Ağustos 21, 2015;Cuma, Ağustos 21, 2015;Same Day;JM-1558045;Jill Matthias;Consumer;;Paris;Ile-de-France;France;Western Europe;Europe;OFF-BI-6378;Office Supplies;Binders;Wilson Jones Binder, Clear;24,96;2;0;1,98;4,89;High;August;2015
16402;ES-2015-CS1240045-42228;Çarşamba, Ağustos 12, 2015;Cuma, Ağustos 14, 2015;Second Class;CS-1240045;Christopher Schild;Home Office;;Cormeilles-en-Parisis;Ile-de-France;France;Western Europe;Europe;OFF-AR-3526;Office Supplies;Art;Boston Canvas, Easy-Erase;107,82;2;0;24,78;9,86;Medium;August;2015
11066;ES-2015-JW1607545-42224;Cumartesi, Ağustos 08, 2015;Salı, Ağustos 11, 2015;First Class;JW-1607545;Julia West;Consumer;;Paris;Ile-de-France;France;Western Europe;Europe;OFF-FA-5478;Office Supplies;Fasteners;OIC Rubber Bands, Metal;103,14;6;0;39,06;10,1;Medium;August;2015
18045;ES-2015-AR1051045-42234;Salı, Ağustos 18, 2015;Salı, Ağustos 18, 2015;Same Day;AR-1051045;Andrew Roberts;Consumer;;Bagneux;Ile-de-France;France;Western Europe;Europe;OFF-BI-3189;Office Supplies;Binders;Avery 3-Hole Punch, Recycled;84,69;3;0;0;10,37;High;August;2015
16399;ES-2015-CS1240045-42228;Çarşamba, Ağustos 12, 2015;Cuma, Ağustos 14, 2015;Second Class;CS-1240045;Christopher Schild;Home Office;;Cormeilles-en-Parisis;Ile-de-France;France;Western Europe;Europe;OFF-SU-4118;Office Supplies;Supplies;Elite Box Cutter, Serrated;157,95;5;0;31,5;11,5;Medium;August;2015
18016;IT-2015-JS1603045-42229;Perşembe, Ağustos 13, 2015;Pazar, Ağustos 16, 2015;Second Class;JS-1603045;Joy Smith;Consumer;;Argenteuil;Ile-de-France;France;Western Europe;Europe;OFF-AR-3498;Office Supplies;Art;Binney & Smith Pens, Water Color;60,48;4;0;21,72;15,3;Critical;August;2015
16401;ES-2015-CS1240045-42228;Çarşamba, Ağustos 12, 2015;Cuma, Ağustos 14, 2015;Second Class;CS-1240045;Christopher Schild;Home Office;;Cormeilles-en-Parisis;Ile-de-France;France;Western Europe;Europe;OFF-AR-3476;Office Supplies;Art;Binney & Smith Canvas, Easy-Erase;154,89;3;0;26,28;23,23;Medium;August;2015
20082;ES-2015-IM1507045-42234;Salı, Ağustos 18, 2015;Cuma, Ağustos 21, 2015;Second Class;IM-1507045;Irene Maddox;Consumer;;Meudon;Ile-de-France;France;Western Europe;Europe;OFF-SU-4309;Office Supplies;Supplies;Fiskars Letter Opener, High Speed;191,31;7;0;7,56;46,54;Critical;August;2015
20065;ES-2015-MH1811545-42237;Cuma, Ağustos 21, 2015;Cumartesi, Ağustos 22, 2015;First Class;MH-1811545;Mick Hernandez;Home Office;;Bagnolet;Ile-de-France;France;Western Europe;Europe;OFF-AR-3478;Office Supplies;Art;Binney & Smith Canvas, Water Color;327,24;6;0;156,96;74,96;High;August;2015
17524;ES-2015-PB1915045-42218;Pazar, Ağustos 02, 2015;Çarşamba, Ağustos 05, 2015;First Class;PB-1915045;Philip Brown;Consumer;;Cagnes-sur-Mer;Provence-Alpes-Côte d'Azur;France;Western Europe;Europe;OFF-BI-4828;Office Supplies;Binders;Ibico Index Tab, Clear;17,82;2;0;3,18;1,41;Medium;August;2015
20111;ES-2015-MO1780045-42234;Salı, Ağustos 18, 2015;Pazar, Ağustos 23, 2015;Second Class;MO-1780045;Meg O'Connel;Home Office;;Aix-en-Provence;Provence-Alpes-Côte d'Azur;France;Western Europe;Europe;OFF-BI-2915;Office Supplies;Binders;Acco Hole Reinforcements, Recycled;42,12;6;0;21,06;2,05;Medium;August;2015
10835;ES-2015-BF1102045-42235;Çarşamba, Ağustos 19, 2015;Çarşamba, Ağustos 19, 2015;Same Day;BF-1102045;Barry Französisch;Corporate;;Grasse;Provence-Alpes-Côte d'Azur;France;Western Europe;Europe;OFF-EN-3097;Office Supplies;Envelopes;Ames Interoffice Envelope, Security-Tint;95,04;2;0;46,56;6,03;High;August;2015
17325;ES-2015-SH2039545-42239;Pazar, Ağustos 23, 2015;Pazar, Ağustos 23, 2015;Same Day;SH-2039545;Shahid Hopkins;Consumer;;Salon-de-Provence;Provence-Alpes-Côte d'Azur;France;Western Europe;Europe;OFF-BI-3255;Office Supplies;Binders;Avery Binding Machine, Clear;289,8;6;0;34,74;7,67;High;August;2015
18698;ES-2015-SU2066545-42243;Perşembe, Ağustos 27, 2015;Salı, Eylül 01, 2015;Second Class;SU-2066545;Stephanie Ulpright;Home Office;;Marseille;Provence-Alpes-Côte d'Azur;France;Western Europe;Europe;OFF-BI-3721;Office Supplies;Binders;Cardinal Binder, Durable;91,98;6;0;4,5;7,68;Medium;August;2015
20110;ES-2015-MO1780045-42234;Salı, Ağustos 18, 2015;Pazar, Ağustos 23, 2015;Second Class;MO-1780045;Meg O'Connel;Home Office;;Aix-en-Provence;Provence-Alpes-Côte d'Azur;France;Western Europe;Europe;OFF-EN-3669;Office Supplies;Envelopes;Cameo Manila Envelope, Recycled;77,4;3;0;33,21;9,12;Medium;August;2015
17526;ES-2015-PB1915045-42218;Pazar, Ağustos 02, 2015;Çarşamba, Ağustos 05, 2015;First Class;PB-1915045;Philip Brown;Consumer;;Cagnes-sur-Mer;Provence-Alpes-Côte d'Azur;France;Western Europe;Europe;OFF-PA-4482;Office Supplies;Paper;Green Bar Parchment Paper, Multicolor;108,54;6;0;34,56;11,76;Medium;August;2015
17525;ES-2015-PB1915045-42218;Pazar, Ağustos 02, 2015;Çarşamba, Ağustos 05, 2015;First Class;PB-1915045;Philip Brown;Consumer;;Cagnes-sur-Mer;Provence-Alpes-Côte d'Azur;France;Western Europe;Europe;OFF-AR-5931;Office Supplies;Art;Sanford Sketch Pad, Easy-Erase;137,25;3;0;63,09;19,84;Medium;August;2015
14651;IT-2015-AS1024045-42229;Perşembe, Ağustos 13, 2015;Pazartesi, Ağustos 17, 2015;Second Class;AS-1024045;Alan Shonely;Consumer;;Pamiers;Languedoc-Roussillon-Midi-Pyrénées;France;Western Europe;Europe;OFF-LA-3315;Office Supplies;Labels;Avery Round Labels, Adjustable;15,12;3;0;2,52;1,26;Medium;August;2015
11376;ES-2015-JW1595545-42228;Çarşamba, Ağustos 12, 2015;Cuma, Ağustos 14, 2015;Second Class;JW-1595545;Joni Wasserman;Consumer;;Annecy;Auvergne-Rhône-Alpes;France;Western Europe;Europe;OFF-FA-5464;Office Supplies;Fasteners;OIC Clamps, Bulk Pack;59,31;3;0;29,61;2,19;High;August;2015
12029;ES-2015-AH1003045-42220;Salı, Ağustos 04, 2015;Cuma, Ağustos 07, 2015;First Class;AH-1003045;Aaron Hawkins;Corporate;;Strasbourg;Alsace-Champagne-Ardenne-Lorraine;France;Western Europe;Europe;OFF-LA-6044;Office Supplies;Labels;Smead Legal Exhibit Labels, Alphabetical;10,92;1;0;1,2;2,92;Critical;August;2015
20131;ES-2015-BS1180045-42235;Çarşamba, Ağustos 19, 2015;Cuma, Ağustos 21, 2015;First Class;BS-1180045;Bryan Spruell;Home Office;;Lunel;Languedoc-Roussillon-Midi-Pyrénées;France;Western Europe;Europe;OFF-PA-4148;Office Supplies;Paper;Enermax Computer Printout Paper, Multicolor;29,88;1;0;0,87;5,01;Medium;August;2015
11377;ES-2015-JW1595545-42228;Çarşamba, Ağustos 12, 2015;Cuma, Ağustos 14, 2015;Second Class;JW-1595545;Joni Wasserman;Consumer;;Annecy;Auvergne-Rhône-Alpes;France;Western Europe;Europe;OFF-AR-3545;Office Supplies;Art;Boston Pencil Sharpener, Water Color;64,26;2;0;32,1;5,31;High;August;2015
20132;ES-2015-BS1180045-42235;Çarşamba, Ağustos 19, 2015;Cuma, Ağustos 21, 2015;First Class;BS-1180045;Bryan Spruell;Home Office;;Lunel;Languedoc-Roussillon-Midi-Pyrénées;France;Western Europe;Europe;OFF-FA-2940;Office Supplies;Fasteners;Accos Clamps, 12 Pack;56,43;3;0;9;5,32;Medium;August;2015
18382;ES-2015-JW1595545-42245;Cumartesi, Ağustos 29, 2015;Perşembe, Eylül 03, 2015;Second Class;JW-1595545;Joni Wasserman;Consumer;;Creil;Nord-Pas-de-Calais-Picardie;France;Western Europe;Europe;OFF-PA-4170;Office Supplies;Paper;Enermax Message Books, Recycled;89,64;4;0;39,36;5,71;Medium;August;2015
14652;IT-2015-AS1024045-42229;Perşembe, Ağustos 13, 2015;Pazartesi, Ağustos 17, 2015;Second Class;AS-1024045;Alan Shonely;Consumer;;Pamiers;Languedoc-Roussillon-Midi-Pyrénées;France;Western Europe;Europe;OFF-LA-4638;Office Supplies;Labels;Hon Color Coded Labels, Adjustable;53,55;5;0;8,55;6,58;Medium;August;2015
20130;ES-2015-BS1180045-42235;Çarşamba, Ağustos 19, 2015;Cuma, Ağustos 21, 2015;First Class;BS-1180045;Bryan Spruell;Home Office;;Lunel;Languedoc-Roussillon-Midi-Pyrénées;France;Western Europe;Europe;OFF-LA-6044;Office Supplies;Labels;Smead Legal Exhibit Labels, Alphabetical;76,44;7;0;8,4;7,87;Medium;August;2015
20129;ES-2015-BS1180045-42235;Çarşamba, Ağustos 19, 2015;Cuma, Ağustos 21, 2015;First Class;BS-1180045;Bryan Spruell;Home Office;;Lunel;Languedoc-Roussillon-Midi-Pyrénées;France;Western Europe;Europe;OFF-AR-6117;Office Supplies;Art;Stanley Markers, Water Color;76,14;3;0;25,11;9,49;Medium;August;2015
12054;IT-2015-LF1718545-42246;Pazar, Ağustos 30, 2015;Salı, Eylül 01, 2015;First Class;LF-1718545;Luke Foster;Consumer;;La Roche-sur-Yon;Pays de la Loire;France;Western Europe;Europe;OFF-AR-3496;Office Supplies;Art;Binney & Smith Pens, Easy-Erase;48,84;4;0;0;13,12;High;August;2015
20133;ES-2015-BS1180045-42235;Çarşamba, Ağustos 19, 2015;Cuma, Ağustos 21, 2015;First Class;BS-1180045;Bryan Spruell;Home Office;;Lunel;Languedoc-Roussillon-Midi-Pyrénées;France;Western Europe;Europe;OFF-SU-6167;Office Supplies;Supplies;Stiletto Letter Opener, Steel;75,24;3;0;9;13,41;Medium;August;2015
13731;ES-2015-VM2183545-42225;Pazar, Ağustos 09, 2015;Salı, Ağustos 11, 2015;First Class;VM-2183545;Vivian Mathis;Consumer;;Vichy;Auvergne;France;Western Europe;Europe;OFF-FA-6200;Office Supplies;Fasteners;Stockwell Rubber Bands, Metal;81,3;5;0;40,65;28,05;Critical;August;2015
11375;ES-2015-JW1595545-42228;Çarşamba, Ağustos 12, 2015;Cuma, Ağustos 14, 2015;Second Class;JW-1595545;Joni Wasserman;Consumer;;Annecy;Auvergne-Rhône-Alpes;France;Western Europe;Europe;OFF-BI-6372;Office Supplies;Binders;Wilson Jones 3-Hole Punch, Recycled;226,8;8;0;67,92;30,01;High;August;2015
10719;ES-2015-MY1829548-42228;Çarşamba, Ağustos 12, 2015;Cumartesi, Ağustos 15, 2015;First Class;MY-1829548;Muhammed Yedwab;Corporate;;Essen;North Rhine-Westphalia;Germany;Western Europe;Europe;OFF-LA-6036;Office Supplies;Labels;Smead File Folder Labels, Alphabetical;8,7;1;0;3,99;1,95;Medium;August;2015
10720;ES-2015-MY1829548-42228;Çarşamba, Ağustos 12, 2015;Cumartesi, Ağustos 15, 2015;First Class;MY-1829548;Muhammed Yedwab;Corporate;;Essen;North Rhine-Westphalia;Germany;Western Europe;Europe;OFF-BI-6377;Office Supplies;Binders;Wilson Jones Binder Covers, Recycled;23,1;2;0;5,52;2,97;Medium;August;2015
15539;ES-2015-DW1319548-42236;Perşembe, Ağustos 20, 2015;Cumartesi, Ağustos 22, 2015;First Class;DW-1319548;David Wiener;Corporate;;Langenfeld;North Rhine-Westphalia;Germany;Western Europe;Europe;OFF-BI-6402;Office Supplies;Binders;Wilson Jones Index Tab, Clear;17,73;3;0;1,53;3,26;Medium;August;2015
12234;ES-2015-JH1591048-42234;Salı, Ağustos 18, 2015;Salı, Ağustos 18, 2015;Same Day;JH-1591048;Jonathan Howell;Consumer;;Borken;North Rhine-Westphalia;Germany;Western Europe;Europe;OFF-AR-3526;Office Supplies;Art;Boston Canvas, Easy-Erase;53,91;1;0;12,39;9,43;High;August;2015
11949;ES-2015-CC1261048-42232;Pazar, Ağustos 16, 2015;Çarşamba, Ağustos 19, 2015;Second Class;CC-1261048;Corey Catlett;Corporate;;Recklinghausen;North Rhine-Westphalia;Germany;Western Europe;Europe;OFF-BI-3187;Office Supplies;Binders;Avery 3-Hole Punch, Durable;88,11;3;0;30,78;9,93;Medium;August;2015
16483;IT-2015-MC1757548-42230;Cuma, Ağustos 14, 2015;Pazartesi, Ağustos 17, 2015;Second Class;MC-1757548;Matt Collins;Consumer;;Bottrop;North Rhine-Westphalia;Germany;Western Europe;Europe;OFF-LA-3298;Office Supplies;Labels;Avery Legal Exhibit Labels, Adjustable;73,92;8;0;22,8;10,59;High;August;2015
11946;ES-2015-CC1261048-42232;Pazar, Ağustos 16, 2015;Çarşamba, Ağustos 19, 2015;Second Class;CC-1261048;Corey Catlett;Corporate;;Recklinghausen;North Rhine-Westphalia;Germany;Western Europe;Europe;OFF-AR-3528;Office Supplies;Art;Boston Canvas, Water Color;284,1;5;0;42,6;38,76;Medium;August;2015
18102;ES-2015-MC1727548-42244;Cuma, Ağustos 28, 2015;Salı, Eylül 01, 2015;Second Class;MC-1727548;Marc Crier;Consumer;;Ludwigsburg;Baden-Württemberg;Germany;Western Europe;Europe;OFF-AR-3466;Office Supplies;Art;BIC Pens, Fluorescent;15,54;1;0;5,1;1,16;Medium;August;2015
19618;IT-2015-SN2071048-42243;Perşembe, Ağustos 27, 2015;Salı, Eylül 01, 2015;Second Class;SN-2071048;Steve Nguyen;Home Office;;Zwickau;Saxony;Germany;Western Europe;Europe;OFF-AR-3532;Office Supplies;Art;Boston Highlighters, Easy-Erase;38,28;2;0;8,4;1,97;Medium;August;2015
13317;ES-2015-GG1465048-42245;Cumartesi, Ağustos 29, 2015;Pazartesi, Ağustos 31, 2015;First Class;GG-1465048;Greg Guthrie;Corporate;;Friedberg;Hesse;Germany;Western Europe;Europe;OFF-BI-3290;Office Supplies;Binders;Avery Hole Reinforcements, Durable;17,73;3;0;6,3;2,29;Medium;August;2015
11867;IT-2015-MA1756048-42241;Salı, Ağustos 25, 2015;Çarşamba, Ağustos 26, 2015;First Class;MA-1756048;Matt Abelman;Home Office;;Worms;Rhineland-Palatinate;Germany;Western Europe;Europe;OFF-AR-3547;Office Supplies;Art;Boston Pens, Easy-Erase;28,98;2;0;9,54;2,77;Medium;August;2015
18100;ES-2015-MC1727548-42244;Cuma, Ağustos 28, 2015;Salı, Eylül 01, 2015;Second Class;MC-1727548;Marc Crier;Consumer;;Ludwigsburg;Baden-Württemberg;Germany;Western Europe;Europe;OFF-FA-6193;Office Supplies;Fasteners;Stockwell Push Pins, 12 Pack;26,82;2;0;2,1;3,12;Medium;August;2015
11153;ES-2015-KW1657048-42245;Cumartesi, Ağustos 29, 2015;Pazar, Ağustos 30, 2015;First Class;KW-1657048;Kelly Williams;Consumer;;Kiel;Schleswig-Holstein;Germany;Western Europe;Europe;OFF-BI-4812;Office Supplies;Binders;Ibico Binder, Durable;33,96;2;0;0,96;3,52;Medium;August;2015
11154;ES-2015-KW1657048-42245;Cumartesi, Ağustos 29, 2015;Pazar, Ağustos 30, 2015;First Class;KW-1657048;Kelly Williams;Consumer;;Kiel;Schleswig-Holstein;Germany;Western Europe;Europe;OFF-SU-4994;Office Supplies;Supplies;Kleencut Trimmer, High Speed;207,15;5;0;55,8;6,3;Medium;August;2015
18101;ES-2015-MC1727548-42244;Cuma, Ağustos 28, 2015;Salı, Eylül 01, 2015;Second Class;MC-1727548;Marc Crier;Consumer;;Ludwigsburg;Baden-Württemberg;Germany;Western Europe;Europe;OFF-FA-2955;Office Supplies;Fasteners;Accos Staples, 12 Pack;51,9;5;0;10,8;7,65;Medium;August;2015
12002;ES-2015-MC1784548-42234;Salı, Ağustos 18, 2015;Perşembe, Ağustos 20, 2015;Second Class;MC-1784548;Michael Chen;Consumer;;Mainz;Rhineland-Palatinate;Germany;Western Europe;Europe;OFF-AR-3545;Office Supplies;Art;Boston Pencil Sharpener, Water Color;146,1;5;0;18,9;8,99;High;August;2015
10360;IT-2015-JL1585048-42230;Cuma, Ağustos 14, 2015;Pazar, Ağustos 16, 2015;Second Class;JL-1585048;John Lucas;Consumer;;Stuttgart;Baden-Württemberg;Germany;Western Europe;Europe;OFF-SU-6165;Office Supplies;Supplies;Stiletto Letter Opener, Easy Grip;150;5;0;28,5;19,51;Critical;August;2015
19411;ES-2015-AH101208-42230;Cuma, Ağustos 14, 2015;Pazar, Ağustos 16, 2015;First Class;AH-101208;Adrian Hane;Home Office;;Vienna;Vienna;Austria;Western Europe;Europe;OFF-PA-4461;Office Supplies;Paper;Green Bar Cards & Envelopes, 8.5 x 11;52,53;1;0;9,45;7,42;Medium;August;2015
17588;ES-2015-CM127158-42227;Salı, Ağustos 11, 2015;Çarşamba, Ağustos 12, 2015;First Class;CM-127158;Craig Molinari;Corporate;;Vienna;Vienna;Austria;Western Europe;Europe;OFF-AR-3502;Office Supplies;Art;Binney & Smith Sketch Pad, Water Color;49,5;1;0;16,32;9,53;High;August;2015
19410;ES-2015-AH101208-42230;Cuma, Ağustos 14, 2015;Pazar, Ağustos 16, 2015;First Class;AH-101208;Adrian Hane;Home Office;;Vienna;Vienna;Austria;Western Europe;Europe;OFF-ST-4057;Office Supplies;Storage;Eldon File Cart, Single Width;256,74;2;0;110,34;13,7;Medium;August;2015
17587;ES-2015-CM127158-42227;Salı, Ağustos 11, 2015;Çarşamba, Ağustos 12, 2015;First Class;CM-127158;Craig Molinari;Corporate;;Vienna;Vienna;Austria;Western Europe;Europe;OFF-AR-3468;Office Supplies;Art;BIC Sketch Pad, Blue;97,32;2;0;17,46;15,98;High;August;2015
17247;ES-2015-MG17650125-42232;Pazar, Ağustos 16, 2015;Salı, Ağustos 18, 2015;First Class;MG-17650125;Matthew Grinstein;Home Office;;Berne;Bern;Switzerland;Western Europe;Europe;OFF-BI-3289;Office Supplies;Binders;Avery Hole Reinforcements, Clear;11,61;3;0;1,08;1,88;High;August;2015
17248;ES-2015-MG17650125-42232;Pazar, Ağustos 16, 2015;Salı, Ağustos 18, 2015;First Class;MG-17650125;Matthew Grinstein;Home Office;;Berne;Bern;Switzerland;Western Europe;Europe;OFF-PA-5871;Office Supplies;Paper;SanDisk Memo Slips, Recycled;33,78;2;0;13,8;4,6;High;August;2015
15029;ES-2015-KC16540125-42229;Perşembe, Ağustos 13, 2015;Perşembe, Ağustos 13, 2015;Same Day;KC-16540125;Kelly Collister;Consumer;;Geneva;Geneva;Switzerland;Western Europe;Europe;OFF-BI-3716;Office Supplies;Binders;Cardinal Binder Covers, Clear;34,38;3;0;8,91;9,42;Medium;August;2015
17246;ES-2015-MG17650125-42232;Pazar, Ağustos 16, 2015;Salı, Ağustos 18, 2015;First Class;MG-17650125;Matthew Grinstein;Home Office;;Berne;Bern;Switzerland;Western Europe;Europe;OFF-SU-2994;Office Supplies;Supplies;Acme Shears, High Speed;299,52;6;0;149,76;54,61;High;August;2015
980;MX-2015-BN1147093-42222;Perşembe, Ağustos 06, 2015;Pazar, Ağustos 09, 2015;First Class;BN-1147093;Brad Norvell;Corporate;;Managua;Managua;Nicaragua;Central America;LATAM;OFF-EN-5033;Office Supplies;Envelopes;Kraft Mailers, Recycled;24,3;1;0;12,14;1,449;Medium;August;2015
9963;MX-2015-AR1040593-42225;Pazar, Ağustos 09, 2015;Cuma, Ağustos 14, 2015;Second Class;AR-1040593;Allen Rosenblatt;Corporate;;Managua;Managua;Nicaragua;Central America;LATAM;OFF-FA-6189;Office Supplies;Fasteners;Stockwell Paper Clips, Assorted Sizes;27,78;3;0;7,5;2,803;High;August;2015
6620;MX-2015-JB1540093-42222;Perşembe, Ağustos 06, 2015;Pazar, Ağustos 09, 2015;Second Class;JB-1540093;Jennifer Braxton;Corporate;;Masaya;Masaya;Nicaragua;Central America;LATAM;OFF-PA-4168;Office Supplies;Paper;Enermax Message Books, Multicolor;31,88;2;0;7,96;1,947;Medium;August;2015
6619;MX-2015-JB1540093-42222;Perşembe, Ağustos 06, 2015;Pazar, Ağustos 09, 2015;Second Class;JB-1540093;Jennifer Braxton;Corporate;;Masaya;Masaya;Nicaragua;Central America;LATAM;OFF-SU-4135;Office Supplies;Supplies;Elite Trimmer, Easy Grip;57,72;2;0;14,4;5,315;Medium;August;2015
1021;MX-2015-TC2129539-42228;Çarşamba, Ağustos 12, 2015;Pazar, Ağustos 16, 2015;Second Class;TC-2129539;Toby Carlisle;Consumer;;San Salvador;San Salvador;El Salvador;Central America;LATAM;OFF-PA-4468;Office Supplies;Paper;Green Bar Computer Printout Paper, Premium;59,52;3;0;0,54;1,12;Medium;August;2015
5149;MX-2015-MG1765039-42218;Pazar, Ağustos 02, 2015;Çarşamba, Ağustos 05, 2015;First Class;MG-1765039;Matthew Grinstein;Home Office;;Ilopango;San Salvador;El Salvador;Central America;LATAM;OFF-LA-3317;Office Supplies;Labels;Avery Round Labels, Laser Printer Compatible;19,04;4;0;8,72;3,994;Medium;August;2015
6090;MX-2015-JK1562539-42245;Cumartesi, Ağustos 29, 2015;Cumartesi, Ağustos 29, 2015;Same Day;JK-1562539;Jim Karlsson;Consumer;;Mejicanos;San Salvador;El Salvador;Central America;LATAM;OFF-PA-6616;Office Supplies;Paper;Xerox Message Books, Recycled;27,04;2;0;10,24;4,694;High;August;2015
7864;MX-2015-CC1255039-42223;Cuma, Ağustos 07, 2015;Pazartesi, Ağustos 10, 2015;Second Class;CC-1255039;Clay Cheatham;Consumer;;Mejicanos;San Salvador;El Salvador;Central America;LATAM;OFF-ST-4294;Office Supplies;Storage;Fellowes Trays, Industrial;38,58;1;0;8,1;5,712;High;August;2015
1020;MX-2015-TC2129539-42228;Çarşamba, Ağustos 12, 2015;Pazar, Ağustos 16, 2015;Second Class;TC-2129539;Toby Carlisle;Consumer;;San Salvador;San Salvador;El Salvador;Central America;LATAM;OFF-SU-6167;Office Supplies;Supplies;Stiletto Letter Opener, Steel;50,16;3;0;21,54;6,202;Medium;August;2015
6088;MX-2015-JK1562539-42245;Cumartesi, Ağustos 29, 2015;Cumartesi, Ağustos 29, 2015;Same Day;JK-1562539;Jim Karlsson;Consumer;;Mejicanos;San Salvador;El Salvador;Central America;LATAM;OFF-LA-3260;Office Supplies;Labels;Avery Color Coded Labels, 5000 Label Set;45,6;5;0;16,8;7,483;High;August;2015
1019;MX-2015-TC2129539-42228;Çarşamba, Ağustos 12, 2015;Pazar, Ağustos 16, 2015;Second Class;TC-2129539;Toby Carlisle;Consumer;;San Salvador;San Salvador;El Salvador;Central America;LATAM;OFF-BI-6385;Office Supplies;Binders;Wilson Jones Binding Machine, Recycled;131,52;4;0;9,2;8,333;Medium;August;2015
1022;MX-2015-TC2129539-42228;Çarşamba, Ağustos 12, 2015;Pazar, Ağustos 16, 2015;Second Class;TC-2129539;Toby Carlisle;Consumer;;San Salvador;San Salvador;El Salvador;Central America;LATAM;OFF-EN-5035;Office Supplies;Envelopes;Kraft Mailers, Set of 50;125,5;5;0;36,3;17,229;Medium;August;2015
6089;MX-2015-JK1562539-42245;Cumartesi, Ağustos 29, 2015;Cumartesi, Ağustos 29, 2015;Same Day;JK-1562539;Jim Karlsson;Consumer;;Mejicanos;San Salvador;El Salvador;Central America;LATAM;OFF-AP-3872;Office Supplies;Appliances;Cuisinart Stove, Black;1075,44;3;0;182,82;199,794;High;August;2015
5052;MX-2015-MC1727582-42227;Salı, Ağustos 11, 2015;Perşembe, Ağustos 13, 2015;First Class;MC-1727582;Marc Crier;Consumer;;Mexico City;Distrito Federal;Mexico;Central America;LATAM;OFF-AP-3565;Office Supplies;Appliances;Breville Blender, White;121,32;2;0;16,96;27,444;Medium;August;2015
5166;MX-2015-AS1024082-42225;Pazar, Ağustos 09, 2015;Cuma, Ağustos 14, 2015;Second Class;AS-1024082;Alan Shonely;Consumer;;Los Mochis;Sinaloa;Mexico;Central America;LATAM;OFF-ST-6281;Office Supplies;Storage;Tenex Trays, Blue;180,7;5;0;16,2;20,626;Medium;August;2015
371;MX-2015-TP2156582-42236;Perşembe, Ağustos 20, 2015;Pazar, Ağustos 23, 2015;First Class;TP-2156582;Tracy Poddar;Corporate;;Saltillo;Coahuila;Mexico;Central America;LATAM;OFF-SU-4116;Office Supplies;Supplies;Elite Box Cutter, Easy Grip;73,02;3;0;14,58;13,881;Medium;August;2015
7080;MX-2015-TB2119082-42221;Çarşamba, Ağustos 05, 2015;Pazar, Ağustos 09, 2015;Second Class;TB-2119082;Thomas Brumley;Home Office;;Acámbaro;Guanajuato;Mexico;Central America;LATAM;OFF-SU-4979;Office Supplies;Supplies;Kleencut Letter Opener, High Speed;158,76;9;0;10,98;10,428;Medium;August;2015
776;MX-2015-SD2048582-42242;Çarşamba, Ağustos 26, 2015;Cuma, Ağustos 28, 2015;First Class;SD-2048582;Shirley Daniels;Home Office;;Hermosillo;Sonora;Mexico;Central America;LATAM;OFF-AP-4490;Office Supplies;Appliances;Hamilton Beach Blender, Black;234,9;5;0;49,3;60,34;Critical;August;2015
20894;IN-2015-JL1550527-42235;Çarşamba, Ağustos 19, 2015;Cumartesi, Ağustos 22, 2015;Second Class;JL-1550527;Jeremy Lonsdale;Consumer;;Lianyuan;Hunan;China;Eastern Asia;Asia Pacific;OFF-PA-5891;Office Supplies;Paper;SanDisk Parchment Paper, Multicolor;54,36;3;0;20,07;6,42;High;August;2015
29336;IN-2015-CM1211527-42235;Çarşamba, Ağustos 19, 2015;Cumartesi, Ağustos 22, 2015;First Class;CM-1211527;Chad McGuire;Consumer;;Heze;Shandong;China;Eastern Asia;Asia Pacific;OFF-PA-4177;Office Supplies;Paper;Enermax Note Cards, Premium;85,5;3;0;34,2;16,42;Critical;August;2015
28128;IN-2015-CM1193527-42244;Cuma, Ağustos 28, 2015;Pazartesi, Ağustos 31, 2015;First Class;CM-1193527;Carlos Meador;Consumer;;Shanghai;Shanghai;China;Eastern Asia;Asia Pacific;OFF-AP-3578;Office Supplies;Appliances;Breville Stove, Black;1682,91;3;0;487,98;358,51;Medium;August;2015
27135;IN-2015-JH1582027-42218;Pazar, Ağustos 02, 2015;Cuma, Ağustos 07, 2015;Second Class;JH-1582027;John Huston;Consumer;;Chongqing;Chongqing;China;Eastern Asia;Asia Pacific;OFF-BI-3737;Office Supplies;Binders;Cardinal Index Tab, Clear;13,44;2;0;6;1,66;Medium;August;2015
27134;IN-2015-JH1582027-42218;Pazar, Ağustos 02, 2015;Cuma, Ağustos 07, 2015;Second Class;JH-1582027;John Huston;Consumer;;Chongqing;Chongqing;China;Eastern Asia;Asia Pacific;OFF-BI-6400;Office Supplies;Binders;Wilson Jones Hole Reinforcements, Recycled;9,78;2;0;3,42;1,66;Medium;August;2015
24340;IN-2015-AP1091527-42244;Cuma, Ağustos 28, 2015;Cumartesi, Ağustos 29, 2015;First Class;AP-1091527;Arthur Prichep;Consumer;;Shouguang;Shandong;China;Eastern Asia;Asia Pacific;OFF-LA-3320;Office Supplies;Labels;Avery Shipping Labels, 5000 Label Set;24,48;2;0;8,76;3,27;High;August;2015
26287;IN-2015-DG1330027-42230;Cuma, Ağustos 14, 2015;Pazar, Ağustos 16, 2015;Second Class;DG-1330027;Deirdre Greer;Corporate;;Suzhou;Gansu;China;Eastern Asia;Asia Pacific;OFF-LA-6035;Office Supplies;Labels;Smead File Folder Labels, Adjustable;27,12;4;0;13,2;4,68;High;August;2015
23472;IN-2015-CK1220527-42245;Cumartesi, Ağustos 29, 2015;Pazartesi, Ağustos 31, 2015;First Class;CK-1220527;Chloris Kastensmidt;Consumer;;Beijing;Beijing;China;Eastern Asia;Asia Pacific;OFF-PA-5848;Office Supplies;Paper;SanDisk Cards & Envelopes, Multicolor;49,83;1;0;3,48;4,99;Medium;August;2015
27531;IN-2015-SU2066527-42242;Çarşamba, Ağustos 26, 2015;Çarşamba, Ağustos 26, 2015;Same Day;SU-2066527;Stephanie Ulpright;Home Office;;Yiyang;Hunan;China;Eastern Asia;Asia Pacific;OFF-LA-3322;Office Supplies;Labels;Avery Shipping Labels, Alphabetical;70,02;6;0;27,9;6,55;Medium;August;2015
29951;IN-2015-BT1148527-42225;Pazar, Ağustos 09, 2015;Çarşamba, Ağustos 12, 2015;First Class;BT-1148527;Brad Thomas;Home Office;;Xinghua;Jiangsu;China;Eastern Asia;Asia Pacific;OFF-ST-6272;Office Supplies;Storage;Tenex Shelving, Blue;218,64;4;0;0;11,96;High;August;2015
24244;IN-2015-RC1996027-42227;Salı, Ağustos 11, 2015;Salı, Ağustos 11, 2015;Same Day;RC-1996027;Ryan Crowe;Consumer;;Wenzhou;Zhejiang;China;Eastern Asia;Asia Pacific;OFF-ST-6264;Office Supplies;Storage;Tenex Lockers, Wire Frame;812,88;4;0;357,6;26,69;Medium;August;2015
29952;IN-2015-BT1148527-42225;Pazar, Ağustos 09, 2015;Çarşamba, Ağustos 12, 2015;First Class;BT-1148527;Brad Thomas;Home Office;;Xinghua;Jiangsu;China;Eastern Asia;Asia Pacific;OFF-BI-4805;Office Supplies;Binders;Ibico 3-Hole Punch, Economy;152,25;5;0;74,55;31,34;High;August;2015
21011;IN-2015-AF1088558-42222;Perşembe, Ağustos 06, 2015;Pazar, Ağustos 09, 2015;Second Class;AF-1088558;Art Foster;Consumer;;Salem;Tamil Nadu;India;Southern Asia;Asia Pacific;OFF-AR-6121;Office Supplies;Art;Stanley Pens, Blue;30,15;3;0;13,5;1,87;High;August;2015
21012;IN-2015-AF1088558-42222;Perşembe, Ağustos 06, 2015;Pazar, Ağustos 09, 2015;Second Class;AF-1088558;Art Foster;Consumer;;Salem;Tamil Nadu;India;Southern Asia;Asia Pacific;OFF-EN-5022;Office Supplies;Envelopes;Kraft Business Envelopes, Recycled;45,72;3;0;6,39;6,19;High;August;2015
29691;IN-2015-EB1417058-42238;Cumartesi, Ağustos 22, 2015;Pazartesi, Ağustos 24, 2015;Second Class;EB-1417058;Evan Bailliet;Consumer;;Allahabad;Uttar Pradesh;India;Southern Asia;Asia Pacific;OFF-AR-5925;Office Supplies;Art;Sanford Pens, Easy-Erase;56,85;5;0;10,8;9,01;High;August;2015
27159;IN-2015-MV1819058-42236;Perşembe, Ağustos 20, 2015;Pazartesi, Ağustos 24, 2015;Second Class;MV-1819058;Mike Vittorini;Consumer;;Delhi;Delhi;India;Southern Asia;Asia Pacific;OFF-AP-4743;Office Supplies;Appliances;Hoover Stove, Red;3410,82;6;0;136,26;12,64;Medium;August;2015
27160;IN-2015-MV1819058-42236;Perşembe, Ağustos 20, 2015;Pazartesi, Ağustos 24, 2015;Second Class;MV-1819058;Mike Vittorini;Consumer;;Delhi;Delhi;India;Southern Asia;Asia Pacific;OFF-ST-5695;Office Supplies;Storage;Rogers Folders, Industrial;155,85;5;0;4,65;21,78;Medium;August;2015
21013;IN-2015-AF1088558-42222;Perşembe, Ağustos 06, 2015;Pazar, Ağustos 09, 2015;Second Class;AF-1088558;Art Foster;Consumer;;Salem;Tamil Nadu;India;Southern Asia;Asia Pacific;OFF-ST-6273;Office Supplies;Storage;Tenex Shelving, Industrial;220,56;4;0;68,28;26,61;High;August;2015
25916;IN-2015-LF1718558-42234;Salı, Ağustos 18, 2015;Perşembe, Ağustos 20, 2015;First Class;LF-1718558;Luke Foster;Consumer;;Panihati;West Bengal;India;Southern Asia;Asia Pacific;OFF-LA-4639;Office Supplies;Labels;Hon Color Coded Labels, Alphabetical;88,41;7;0;0;26,93;Critical;August;2015
25917;IN-2015-LF1718558-42234;Salı, Ağustos 18, 2015;Perşembe, Ağustos 20, 2015;First Class;LF-1718558;Luke Foster;Consumer;;Panihati;West Bengal;India;Southern Asia;Asia Pacific;OFF-SU-6173;Office Supplies;Supplies;Stiletto Scissors, High Speed;94,44;4;0;1,8;34,8;Critical;August;2015
21379;IN-2015-DB1361558-42224;Cumartesi, Ağustos 08, 2015;Cumartesi, Ağustos 08, 2015;Same Day;DB-1361558;Doug Bickford;Consumer;;Agra;Uttar Pradesh;India;Southern Asia;Asia Pacific;OFF-PA-4482;Office Supplies;Paper;Green Bar Parchment Paper, Multicolor;54,27;3;0;17,28;4,22;High;August;2015
25051;IN-2015-JK1532558-42235;Çarşamba, Ağustos 19, 2015;Çarşamba, Ağustos 19, 2015;Same Day;JK-1532558;Jason Klamczynski;Corporate;;Bhubaneswar;Odisha;India;Southern Asia;Asia Pacific;OFF-BI-4818;Office Supplies;Binders;Ibico Binding Machine, Recycled;362,46;7;0;36,12;50,46;Medium;August;2015
42180;IR-2015-KL664560-42223;Cuma, Ağustos 07, 2015;Pazartesi, Ağustos 10, 2015;First Class;KL-664560;Ken Lonsdale;Consumer;;Mashhad;Razavi Khorasan;Iran;Southern Asia;Asia Pacific;OFF-ST-4257;Office Supplies;Storage;Fellowes File Cart, Blue;137,31;1;0;54,9;29,8;High;August;2015
45395;IR-2015-BV124560-42241;Salı, Ağustos 25, 2015;Perşembe, Ağustos 27, 2015;First Class;BV-124560;Benjamin Venier;Corporate;;Mashhad;Razavi Khorasan;Iran;Southern Asia;Asia Pacific;OFF-AR-5913;Office Supplies;Art;Sanford Highlighters, Water Color;75,72;4;0;27,24;19,51;Critical;August;2015
46412;IR-2015-BD172560-42221;Çarşamba, Ağustos 05, 2015;Cumartesi, Ağustos 08, 2015;First Class;BD-172560;Bruce Degenhardt;Consumer;;Shiraz;Fars;Iran;Southern Asia;Asia Pacific;OFF-ST-4263;Office Supplies;Storage;Fellowes Folders, Single Width;105,72;4;0;43,32;25,98;Critical;August;2015
22080;IN-2015-MT1781511-42222;Perşembe, Ağustos 06, 2015;Pazartesi, Ağustos 10, 2015;Second Class;MT-1781511;Meg Tillman;Consumer;;Dhaka;Dhaka;Bangladesh;Southern Asia;Asia Pacific;OFF-BI-4812;Office Supplies;Binders;Ibico Binder, Durable;67,92;4;0;14,16;7,72;Medium;August;2015
25994;IN-2015-LH1715511-42229;Perşembe, Ağustos 13, 2015;Pazar, Ağustos 16, 2015;First Class;LH-1715511;Logan Haushalter;Consumer;;Chittagong;Chittagong;Bangladesh;Southern Asia;Asia Pacific;OFF-SU-2989;Office Supplies;Supplies;Acme Scissors, High Speed;76,32;3;0;23,58;9,67;High;August;2015
20661;IN-2015-CS1217511-42238;Cumartesi, Ağustos 22, 2015;Pazartesi, Ağustos 24, 2015;First Class;CS-1217511;Charles Sheldon;Corporate;;Dhaka;Dhaka;Bangladesh;Southern Asia;Asia Pacific;OFF-BI-4812;Office Supplies;Binders;Ibico Binder, Durable;135,84;8;0;28,32;19,09;Medium;August;2015
25993;IN-2015-LH1715511-42229;Perşembe, Ağustos 13, 2015;Pazar, Ağustos 16, 2015;First Class;LH-1715511;Logan Haushalter;Consumer;;Chittagong;Chittagong;Bangladesh;Southern Asia;Asia Pacific;OFF-LA-6029;Office Supplies;Labels;Smead Color Coded Labels, Alphabetical;154,44;12;0;43,2;32,24;High;August;2015
41438;JO-2015-JL517567-42242;Çarşamba, Ağustos 26, 2015;Çarşamba, Ağustos 26, 2015;Same Day;JL-517567;James Lanier;Home Office;;Wadi as Sir;'Amman;Jordan;Western Asia;Asia Pacific;OFF-LA-6034;Office Supplies;Labels;Smead File Folder Labels, 5000 Label Set;18,54;2;0;8,52;1,86;Medium;August;2015
44453;IS-2015-RF973563-42220;Salı, Ağustos 04, 2015;Salı, Ağustos 04, 2015;Same Day;RF-973563;Roland Fjeld;Consumer;;Tel Aviv;Tel Aviv;Israel;Western Asia;Asia Pacific;OFF-BI-2891;Office Supplies;Binders;Acco Binder Covers, Clear;12,78;1;0;5,49;1,95;High;August;2015
49080;QA-2015-CS1860105-42232;Pazar, Ağustos 16, 2015;Pazartesi, Ağustos 17, 2015;First Class;CS-1860105;Cari Schnelling;Consumer;;Doha;Ad Dawhah;Qatar;Western Asia;Asia Pacific;OFF-BI-3715;Office Supplies;Binders;Cardinal 3-Hole Punch, Recycled;58,32;2;0;16,86;3,46;High;August;2015
44454;IS-2015-RF973563-42220;Salı, Ağustos 04, 2015;Salı, Ağustos 04, 2015;Same Day;RF-973563;Roland Fjeld;Consumer;;Tel Aviv;Tel Aviv;Israel;Western Asia;Asia Pacific;OFF-ST-6249;Office Supplies;Storage;Tenex Folders, Blue;23,22;1;0;7,65;4,23;High;August;2015
49079;QA-2015-CS1860105-42232;Pazar, Ağustos 16, 2015;Pazartesi, Ağustos 17, 2015;First Class;CS-1860105;Cari Schnelling;Consumer;;Doha;Ad Dawhah;Qatar;Western Asia;Asia Pacific;OFF-SU-4317;Office Supplies;Supplies;Fiskars Scissors, Serrated;19,86;1;0;8,91;4,93;High;August;2015
44456;IS-2015-RF973563-42220;Salı, Ağustos 04, 2015;Salı, Ağustos 04, 2015;Same Day;RF-973563;Roland Fjeld;Consumer;;Tel Aviv;Tel Aviv;Israel;Western Asia;Asia Pacific;OFF-AR-6107;Office Supplies;Art;Stanley Canvas, Fluorescent;101,46;2;0;32,46;10,85;High;August;2015
44455;IS-2015-RF973563-42220;Salı, Ağustos 04, 2015;Salı, Ağustos 04, 2015;Same Day;RF-973563;Roland Fjeld;Consumer;;Tel Aviv;Tel Aviv;Israel;Western Asia;Asia Pacific;OFF-BI-2899;Office Supplies;Binders;Acco Binding Machine, Clear;202,2;4;0;22,2;27,21;High;August;2015
44004;SA-2015-JH5985110-42217;Cumartesi, Ağustos 01, 2015;Pazartesi, Ağustos 03, 2015;Second Class;JH-5985110;Joseph Holt;Consumer;;Riyadh;Ar Riyad;Saudi Arabia;Western Asia;Asia Pacific;OFF-FA-3062;Office Supplies;Fasteners;Advantus Rubber Bands, Bulk Pack;33,18;2;0;10,92;7,92;Critical;August;2015
48743;SA-2015-EG3900110-42227;Salı, Ağustos 11, 2015;Cuma, Ağustos 14, 2015;First Class;EG-3900110;Emily Grady;Consumer;;Riyadh;Ar Riyad;Saudi Arabia;Western Asia;Asia Pacific;OFF-BI-3295;Office Supplies;Binders;Avery Index Tab, Economy;46,98;6;0;19,26;9,82;High;August;2015
50279;IZ-2015-JR567061-42241;Salı, Ağustos 25, 2015;Salı, Ağustos 25, 2015;Same Day;JR-567061;Jim Radford;Consumer;;Baghdad;Baghdad;Iraq;Western Asia;Asia Pacific;OFF-ST-4295;Office Supplies;Storage;Fellowes Trays, Single Width;114,84;2;0;57,42;16,96;High;August;2015
50281;IZ-2015-JR567061-42241;Salı, Ağustos 25, 2015;Salı, Ağustos 25, 2015;Same Day;JR-567061;Jim Radford;Consumer;;Baghdad;Baghdad;Iraq;Western Asia;Asia Pacific;OFF-ST-5702;Office Supplies;Storage;Rogers Lockers, Single Width;211,65;1;0;93,12;37,92;High;August;2015
30655;IN-2015-KH1651092-42225;Pazar, Ağustos 09, 2015;Çarşamba, Ağustos 12, 2015;First Class;KH-1651092;Keith Herrera;Consumer;;Christchurch;Canterbury;New Zealand;Oceania;Asia Pacific;OFF-SU-3004;Office Supplies;Supplies;Acme Trimmer, Steel;87,96;2;0;7,02;10,23;Medium;August;2015
31000;IN-2015-NC1862592-42242;Çarşamba, Ağustos 26, 2015;Pazartesi, Ağustos 31, 2015;Second Class;NC-1862592;Noah Childs;Corporate;;Christchurch;Canterbury;New Zealand;Oceania;Asia Pacific;OFF-AR-3475;Office Supplies;Art;Binney & Smith Canvas, Blue;410,88;8;0;12,24;93,56;High;August;2015
44973;UZ-2015-MS7770142-42230;Cuma, Ağustos 14, 2015;Pazartesi, Ağustos 17, 2015;First Class;MS-7770142;Maxwell Schwartz;Consumer;;Andijon;Andijan;Uzbekistan;Central Asia;Asia Pacific;OFF-SU-6171;Office Supplies;Supplies;Stiletto Ruler, Steel;28,56;2;0;14,28;2,5;Medium;August;2015
21406;IN-2015-TB2105566-42230;Cuma, Ağustos 14, 2015;Çarşamba, Ağustos 19, 2015;Second Class;TB-2105566;Ted Butterfield;Consumer;;Ueda;Nagano;Japan;Eastern Asia;Asia Pacific;OFF-FA-5475;Office Supplies;Fasteners;OIC Rubber Bands, 12 Pack;16,5;1;0;0,48;2,58;Medium;August;2015
26687;IN-2015-CC1222066-42224;Cumartesi, Ağustos 08, 2015;Salı, Ağustos 11, 2015;Second Class;CC-1222066;Chris Cortes;Consumer;;Himeji;Hyogo;Japan;Eastern Asia;Asia Pacific;OFF-LA-4659;Office Supplies;Labels;Hon File Folder Labels, Alphabetical;33,84;4;0;15,48;3,04;High;August;2015
26689;IN-2015-CC1222066-42224;Cumartesi, Ağustos 08, 2015;Salı, Ağustos 11, 2015;Second Class;CC-1222066;Chris Cortes;Consumer;;Himeji;Hyogo;Japan;Eastern Asia;Asia Pacific;OFF-FA-5484;Office Supplies;Fasteners;OIC Thumb Tacks, 12 Pack;40,5;3;0;4,05;4;High;August;2015
26686;IN-2015-CC1222066-42224;Cumartesi, Ağustos 08, 2015;Salı, Ağustos 11, 2015;Second Class;CC-1222066;Chris Cortes;Consumer;;Himeji;Hyogo;Japan;Eastern Asia;Asia Pacific;OFF-PA-4162;Office Supplies;Paper;Enermax Memo Slips, Recycled;46,71;3;0;19,53;5,92;High;August;2015
26685;IN-2015-CC1222066-42224;Cumartesi, Ağustos 08, 2015;Salı, Ağustos 11, 2015;Second Class;CC-1222066;Chris Cortes;Consumer;;Himeji;Hyogo;Japan;Eastern Asia;Asia Pacific;OFF-EN-4434;Office Supplies;Envelopes;GlobeWeis Business Envelopes, with clear poly window;62,64;3;0;19,35;9,05;High;August;2015
20757;IN-2015-EB1417066-42220;Salı, Ağustos 04, 2015;Perşembe, Ağustos 06, 2015;First Class;EB-1417066;Evan Bailliet;Consumer;;Ichikawa;Chiba;Japan;Eastern Asia;Asia Pacific;OFF-PA-4481;Office Supplies;Paper;Green Bar Parchment Paper, 8.5 x 11;62,46;3;0;24,3;12,33;High;August;2015
25015;IN-2015-SJ2012578-42230;Cuma, Ağustos 14, 2015;Pazartesi, Ağustos 17, 2015;First Class;SJ-2012578;Sanjit Jacobs;Home Office;;Kuantan;Pahang;Malaysia;Southeastern Asia;Asia Pacific;OFF-ST-6229;Office Supplies;Storage;Tenex Box, Industrial;84,9;5;0;12,6;16,39;High;August;2015
25014;IN-2015-SJ2012578-42230;Cuma, Ağustos 14, 2015;Pazartesi, Ağustos 17, 2015;First Class;SJ-2012578;Sanjit Jacobs;Home Office;;Kuantan;Pahang;Malaysia;Southeastern Asia;Asia Pacific;OFF-PA-4481;Office Supplies;Paper;Green Bar Parchment Paper, 8.5 x 11;124,92;6;0;48,6;18,47;High;August;2015
29661;ID-2015-ME17725113-42247;Pazartesi, Ağustos 31, 2015;Perşembe, Eylül 03, 2015;Second Class;ME-17725113;Max Engle;Consumer;;Singapore;Singapore;Singapore;Southeastern Asia;Asia Pacific;OFF-SU-4120;Office Supplies;Supplies;Elite Letter Opener, Easy Grip;86,76;3;0;22,5;18,89;High;August;2015
44972;UZ-2015-MS7770142-42230;Cuma, Ağustos 14, 2015;Pazartesi, Ağustos 17, 2015;First Class;MS-7770142;Maxwell Schwartz;Consumer;;Andijon;Andijan;Uzbekistan;Central Asia;Asia Pacific;OFF-PA-4177;Office Supplies;Paper;Enermax Note Cards, Premium;239,28;8;0;50,16;26,92;Medium;August;2015
26688;IN-2015-CC1222066-42224;Cumartesi, Ağustos 08, 2015;Salı, Ağustos 11, 2015;Second Class;CC-1222066;Chris Cortes;Consumer;;Himeji;Hyogo;Japan;Eastern Asia;Asia Pacific;OFF-BI-2884;Office Supplies;Binders;Acco 3-Hole Punch, Recycled;152,4;5;0;42,6;28,97;High;August;2015
24721;IN-2015-TS2134066-42236;Perşembe, Ağustos 20, 2015;Pazar, Ağustos 23, 2015;Second Class;TS-2134066;Toby Swindell;Consumer;;Tokyo;Tokyo;Japan;Eastern Asia;Asia Pacific;OFF-PA-4464;Office Supplies;Paper;Green Bar Cards & Envelopes, Recycled;144,9;3;0;70,92;29,56;Critical;August;2015
47772;MO-2015-EM420086-42218;Pazar, Ağustos 02, 2015;Pazar, Ağustos 02, 2015;Same Day;EM-420086;Evan Minnotte;Home Office;;Sale;Rabat-Salé-Zemmour-Zaer;Morocco;North Africa;Africa;OFF-AR-3489;Office Supplies;Art;Binney & Smith Markers, Easy-Erase;24,36;1;0;9,72;5,34;High;August;2015
46313;AG-2015-MO78003-42217;Cumartesi, Ağustos 01, 2015;Salı, Ağustos 04, 2015;Second Class;MO-78003;Meg O'Connel;Home Office;;Sidi Bel Abbes;Sidi Bel Abbes;Algeria;North Africa;Africa;OFF-AR-3554;Office Supplies;Art;Boston Sketch Pad, Fluorescent;49,86;1;0;0;5,84;Medium;August;2015
42467;EG-2015-DK309038-42238;Cumartesi, Ağustos 22, 2015;Pazartesi, Ağustos 24, 2015;First Class;DK-309038;Dave Kipp;Consumer;;Cairo;Al Qahirah;Egypt;North Africa;Africa;OFF-AR-5902;Office Supplies;Art;Sanford Canvas, Blue;50,52;1;0;14,64;8,48;High;August;2015
42509;EG-2015-KW643538-42222;Perşembe, Ağustos 06, 2015;Cumartesi, Ağustos 08, 2015;Second Class;KW-643538;Katrina Willman;Consumer;;Cairo;Al Qahirah;Egypt;North Africa;Africa;OFF-AR-6127;Office Supplies;Art;Stanley Sketch Pad, Fluorescent;45,69;1;0;7,29;8,56;Medium;August;2015
46312;AG-2015-MO78003-42217;Cumartesi, Ağustos 01, 2015;Salı, Ağustos 04, 2015;Second Class;MO-78003;Meg O'Connel;Home Office;;Sidi Bel Abbes;Sidi Bel Abbes;Algeria;North Africa;Africa;OFF-AP-3575;Office Supplies;Appliances;Breville Refrigerator, Red;519,33;1;0;98,67;25,75;Medium;August;2015
47469;CG-2015-GZ447033-42220;Salı, Ağustos 04, 2015;Pazar, Ağustos 09, 2015;Second Class;GZ-447033;Gary Zandusky;Consumer;;Lubumbashi;Katanga;Democratic Republic of the Congo;Central Africa;Africa;OFF-LA-4686;Office Supplies;Labels;Hon Round Labels, Adjustable;4,56;1;0;1,62;1,16;Medium;August;2015
47464;CG-2015-GZ447033-42220;Salı, Ağustos 04, 2015;Pazar, Ağustos 09, 2015;Second Class;GZ-447033;Gary Zandusky;Consumer;;Lubumbashi;Katanga;Democratic Republic of the Congo;Central Africa;Africa;OFF-AR-5921;Office Supplies;Art;Sanford Pencil Sharpener, Easy-Erase;27,09;1;0;13,53;2,2;Medium;August;2015
47466;CG-2015-GZ447033-42220;Salı, Ağustos 04, 2015;Pazar, Ağustos 09, 2015;Second Class;GZ-447033;Gary Zandusky;Consumer;;Lubumbashi;Katanga;Democratic Republic of the Congo;Central Africa;Africa;OFF-PA-4177;Office Supplies;Paper;Enermax Note Cards, Premium;29,91;1;0;6,27;3,28;Medium;August;2015
41914;CG-2015-DK337533-42228;Çarşamba, Ağustos 12, 2015;Cumartesi, Ağustos 15, 2015;Second Class;DK-337533;Dennis Kane;Consumer;;Kinshasa;Kinshasa;Democratic Republic of the Congo;Central Africa;Africa;OFF-AR-3532;Office Supplies;Art;Boston Highlighters, Easy-Erase;19,14;1;0;4,2;4,79;Critical;August;2015
45951;CM-2015-LW682522-42238;Cumartesi, Ağustos 22, 2015;Perşembe, Ağustos 27, 2015;Second Class;LW-682522;Laurel Workman;Corporate;;Foumban;Ouest;Cameroon;Central Africa;Africa;OFF-ST-4283;Office Supplies;Storage;Fellowes Shelving, Industrial;58,32;1;0;25,65;5,75;Medium;August;2015
45166;AO-2015-JM56554-42247;Pazartesi, Ağustos 31, 2015;Perşembe, Eylül 03, 2015;Second Class;JM-56554;Jim Mitchum;Corporate;;Luanda;Luanda;Angola;Central Africa;Africa;OFF-ST-6057;Office Supplies;Storage;Smead Shelving, Blue;48,93;1;0;14,67;6,9;High;August;2015
50142;CG-2015-CM183033-42221;Çarşamba, Ağustos 05, 2015;Pazartesi, Ağustos 10, 2015;Second Class;CM-183033;Cari MacIntyre;Corporate;;Kinshasa;Kinshasa;Democratic Republic of the Congo;Central Africa;Africa;OFF-ST-6048;Office Supplies;Storage;Smead Lockers, Single Width;198,45;1;0;89,28;27,99;High;August;2015
41604;SF-2015-RD9900117-42218;Pazar, Ağustos 02, 2015;Salı, Ağustos 04, 2015;Second Class;RD-9900117;Ruben Dartt;Consumer;;Port Elizabeth;Eastern Cape;South Africa;Southern Africa;Africa;OFF-BI-6369;Office Supplies;Binders;Wilson Jones 3-Hole Punch, Clear;27,45;1;0;7,68;1,87;High;August;2015
47615;SF-2015-BT1305117-42228;Çarşamba, Ağustos 12, 2015;Çarşamba, Ağustos 12, 2015;Same Day;BT-1305117;Beth Thompson;Home Office;;Pietermaritzburg;Kwazulu-natal;South Africa;Southern Africa;Africa;OFF-FA-6200;Office Supplies;Fasteners;Stockwell Rubber Bands, Metal;16,26;1;0;8,13;4,17;High;August;2015
49094;SF-2015-JL5175117-42245;Cumartesi, Ağustos 29, 2015;Pazartesi, Ağustos 31, 2015;Second Class;JL-5175117;James Lanier;Home Office;;Pretoria;Gauteng;South Africa;Southern Africa;Africa;OFF-ST-6274;Office Supplies;Storage;Tenex Shelving, Single Width;54,69;1;0;13,65;4,99;Medium;August;2015
47605;SF-2015-ES4080117-42224;Cumartesi, Ağustos 08, 2015;Pazartesi, Ağustos 10, 2015;First Class;ES-4080117;Erin Smith;Corporate;;Johannesburg;Gauteng;South Africa;Southern Africa;Africa;OFF-ST-4108;Office Supplies;Storage;Eldon Trays, Wire Frame;47,04;1;0;18,33;9,33;High;August;2015
49910;SF-2015-JF5355117-42237;Cuma, Ağustos 21, 2015;Cuma, Ağustos 21, 2015;Same Day;JF-5355117;Jay Fein;Consumer;;Cape Town;Western Cape;South Africa;Southern Africa;Africa;OFF-ST-4080;Office Supplies;Storage;Eldon Lockers, Single Width;197,94;1;0;96,99;48,13;Critical;August;2015
45396;ZA-2015-LR7035146-42228;Çarşamba, Ağustos 12, 2015;Çarşamba, Ağustos 12, 2015;Same Day;LR-7035146;Lisa Ryan;Corporate;;Lusaka;Lusaka;Zambia;Eastern Africa;Africa;OFF-PA-3986;Office Supplies;Paper;Eaton Cards & Envelopes, 8.5 x 11;49,32;1;0;11,82;1,09;High;August;2015
49211;MA-2015-NG843077-42217;Cumartesi, Ağustos 01, 2015;Çarşamba, Ağustos 05, 2015;Second Class;NG-843077;Nathan Gelder;Consumer;;Antananarivo;Analamanga;Madagascar;Eastern Africa;Africa;OFF-EN-3091;Office Supplies;Envelopes;Ames Clasp Envelope, Recycled;6;1;0;1,26;1,57;Medium;August;2015
45532;EG-2015-EH418538-42241;Salı, Ağustos 25, 2015;Perşembe, Ağustos 27, 2015;First Class;EH-418538;Evan Henry;Consumer;;Cairo;Al Qahirah;Egypt;North Africa;Africa;OFF-BI-3714;Office Supplies;Binders;Cardinal 3-Hole Punch, Economy;57,6;2;0;25,92;3,54;Medium;August;2015
47774;MO-2015-EM420086-42218;Pazar, Ağustos 02, 2015;Pazar, Ağustos 02, 2015;Same Day;EM-420086;Evan Minnotte;Home Office;;Sale;Rabat-Salé-Zemmour-Zaer;Morocco;North Africa;Africa;OFF-AR-3481;Office Supplies;Art;Binney & Smith Highlighters, Blue;33,18;2;0;4,92;6,95;High;August;2015
50306;MO-2015-DK289586-42223;Cuma, Ağustos 07, 2015;Pazar, Ağustos 09, 2015;First Class;DK-289586;Dana Kaydos;Consumer;;Sale;Rabat-Salé-Zemmour-Zaer;Morocco;North Africa;Africa;OFF-EN-4444;Office Supplies;Envelopes;GlobeWeis Mailers, Security-Tint;81,9;2;0;31,92;28,35;Critical;August;2015
49682;ZA-2015-SM10005146-42241;Salı, Ağustos 25, 2015;Salı, Ağustos 25, 2015;Same Day;SM-10005146;Sally Matthias;Consumer;;Chingola;Copperbelt;Zambia;Eastern Africa;Africa;OFF-SU-4138;Office Supplies;Supplies;Elite Trimmer, Steel;82,14;2;0;40,2;2,54;High;August;2015
49210;MA-2015-NG843077-42217;Cumartesi, Ağustos 01, 2015;Çarşamba, Ağustos 05, 2015;Second Class;NG-843077;Nathan Gelder;Consumer;;Antananarivo;Analamanga;Madagascar;Eastern Africa;Africa;OFF-AR-3527;Office Supplies;Art;Boston Canvas, Fluorescent;109,8;2;0;19,74;10,46;Medium;August;2015
47467;CG-2015-GZ447033-42220;Salı, Ağustos 04, 2015;Pazar, Ağustos 09, 2015;Second Class;GZ-447033;Gary Zandusky;Consumer;;Lubumbashi;Katanga;Democratic Republic of the Congo;Central Africa;Africa;OFF-AP-3870;Office Supplies;Appliances;Cuisinart Refrigerator, Silver;993,66;2;0;168,9;22,51;Medium;August;2015
45167;AO-2015-JM56554-42247;Pazartesi, Ağustos 31, 2015;Perşembe, Eylül 03, 2015;Second Class;JM-56554;Jim Mitchum;Corporate;;Luanda;Luanda;Angola;Central Africa;Africa;OFF-ST-4258;Office Supplies;Storage;Fellowes File Cart, Industrial;275,58;2;0;35,82;44,92;High;August;2015
43407;EG-2015-SM1095038-42244;Cuma, Ağustos 28, 2015;Pazartesi, Ağustos 31, 2015;Second Class;SM-1095038;Suzanne McNair;Corporate;;Cairo;Al Qahirah;Egypt;North Africa;Africa;OFF-SU-4126;Office Supplies;Supplies;Elite Ruler, Steel;52,8;4;0;14,16;2,74;High;August;2015
49681;ZA-2015-SM10005146-42241;Salı, Ağustos 25, 2015;Salı, Ağustos 25, 2015;Same Day;SM-10005146;Sally Matthias;Consumer;;Chingola;Copperbelt;Zambia;Eastern Africa;Africa;OFF-FA-3071;Office Supplies;Fasteners;Advantus Staples, Metal;43,92;4;0;18;3,84;High;August;2015
47996;SG-2015-GM4500111-42236;Perşembe, Ağustos 20, 2015;Cumartesi, Ağustos 22, 2015;First Class;GM-4500111;Gene McClure;Consumer;;Dakar;Dakar;Senegal;Western Africa;Africa;OFF-PA-6619;Office Supplies;Paper;Xerox Note Cards, Premium;105,48;4;0;21;23,38;High;August;2015
47614;SF-2015-BT1305117-42228;Çarşamba, Ağustos 12, 2015;Çarşamba, Ağustos 12, 2015;Same Day;BT-1305117;Beth Thompson;Home Office;;Pietermaritzburg;Kwazulu-natal;South Africa;Southern Africa;Africa;OFF-ST-4296;Office Supplies;Storage;Fellowes Trays, Wire Frame;225,84;4;0;56,4;29,23;High;August;2015
47872;MR-2015-CM219081-42217;Cumartesi, Ağustos 01, 2015;Perşembe, Ağustos 06, 2015;Second Class;CM-219081;Charlotte Melton;Consumer;;Nouakchott;Nouakchott;Mauritania;Western Africa;Africa;OFF-ST-6047;Office Supplies;Storage;Smead Lockers, Industrial;795,6;4;0;222,72;98,75;Medium;August;2015
50094;MO-2015-TC1114586-42221;Çarşamba, Ağustos 05, 2015;Cuma, Ağustos 07, 2015;Second Class;TC-1114586;Theresa Coyne;Corporate;;Sale;Rabat-Salé-Zemmour-Zaer;Morocco;North Africa;Africa;OFF-SU-4135;Office Supplies;Supplies;Elite Trimmer, Easy Grip;259,74;6;0;122,04;80,08;Critical;August;2015
645;MX-2015-SB2018518-42245;Cumartesi, Ağustos 29, 2015;Perşembe, Eylül 03, 2015;Second Class;SB-2018518;Sarah Brown;Consumer;;Uberaba;Minas Gerais;Brazil;South America;LATAM;OFF-FA-2949;Office Supplies;Fasteners;Accos Push Pins, Bulk Pack;48,4;5;0;6,7;2,809;Medium;August;2015
4319;MX-2015-DK1298518-42217;Cumartesi, Ağustos 01, 2015;Pazar, Ağustos 02, 2015;First Class;DK-1298518;Darren Koutras;Consumer;;Conselheiro Lafaiete;Minas Gerais;Brazil;South America;LATAM;OFF-BI-3717;Office Supplies;Binders;Cardinal Binder Covers, Durable;72;8;0;12,96;16,842;High;August;2015
4321;MX-2015-DK1298518-42217;Cumartesi, Ağustos 01, 2015;Pazar, Ağustos 02, 2015;First Class;DK-1298518;Darren Koutras;Consumer;;Conselheiro Lafaiete;Minas Gerais;Brazil;South America;LATAM;OFF-PA-3992;Office Supplies;Paper;Eaton Computer Printout Paper, Premium;123,9;7;0;18,48;30,579;High;August;2015
643;MX-2015-SB2018518-42245;Cumartesi, Ağustos 29, 2015;Perşembe, Eylül 03, 2015;Second Class;SB-2018518;Sarah Brown;Consumer;;Uberaba;Minas Gerais;Brazil;South America;LATAM;OFF-AP-4966;Office Supplies;Appliances;KitchenAid Stove, Silver;3044,8;8;0;91,2;235,076;Medium;August;2015
3318;MX-2015-CL1256526-42245;Cumartesi, Ağustos 29, 2015;Cumartesi, Ağustos 29, 2015;Same Day;CL-1256526;Clay Ludtke;Consumer;;Santiago;Santiago;Chile;South America;LATAM;OFF-PA-6601;Office Supplies;Paper;Xerox Cards & Envelopes, Multicolor;92,76;3;0;12;19,885;Medium;August;2015
5495;MX-2015-PB1910528-42231;Cumartesi, Ağustos 15, 2015;Salı, Ağustos 18, 2015;Second Class;PB-1910528;Peter Bühler;Consumer;;Medellín;Antioquia;Colombia;South America;LATAM;OFF-LA-4542;Office Supplies;Labels;Harbour Creations Removable Labels, Adjustable;11;2;0;3,72;1,127;High;August;2015
5669;MX-2015-SW2075528-42224;Cumartesi, Ağustos 08, 2015;Pazartesi, Ağustos 10, 2015;Second Class;SW-2075528;Steven Ward;Corporate;;Ibagué;Tolima;Colombia;South America;LATAM;OFF-AR-3469;Office Supplies;Art;BIC Sketch Pad, Easy-Erase;65,24;2;0;22,16;14,024;Critical;August;2015
5494;MX-2015-PB1910528-42231;Cumartesi, Ağustos 15, 2015;Salı, Ağustos 18, 2015;Second Class;PB-1910528;Peter Bühler;Consumer;;Medellín;Antioquia;Colombia;South America;LATAM;OFF-EN-3107;Office Supplies;Envelopes;Ames Manila Envelope, with clear poly window;112,92;6;0;9;15,513;High;August;2015
6583;MX-2015-MC1759031-42239;Pazar, Ağustos 23, 2015;Çarşamba, Ağustos 26, 2015;Second Class;MC-1759031;Matt Collister;Corporate;;Manzanillo;Granma;Cuba;Caribbean;LATAM;OFF-PA-4471;Office Supplies;Paper;Green Bar Memo Slips, Multicolor;24,48;2;0;6,84;1,337;Medium;August;2015
7447;MX-2015-JW1522031-42244;Cuma, Ağustos 28, 2015;Pazar, Ağustos 30, 2015;First Class;JW-1522031;Jane Waco;Corporate;;Santiago de Cuba;Santiago de Cuba;Cuba;Caribbean;LATAM;OFF-SU-2986;Office Supplies;Supplies;Acme Ruler, Serrated;17,88;2;0;0,32;5,779;Critical;August;2015
42466;CA-2015-DW358523-42222;Perşembe, Ağustos 06, 2015;Cumartesi, Ağustos 08, 2015;Second Class;DW-358523;Dorothy Wardle;Corporate;;Richmond;British Columbia;Canada;Canada;USCA;OFF-BI-3254;Office Supplies;Binders;Avery Binder, Recycled;26,52;2;0;12,18;1,39;High;August;2015
48288;CA-2015-RB970523-42220;Salı, Ağustos 04, 2015;Salı, Ağustos 04, 2015;Same Day;RB-970523;Roger Barcio;Home Office;;Montréal;Quebec;Canada;Canada;USCA;OFF-LA-5398;Office Supplies;Labels;Novimex Round Labels, 5000 Label Set;26,64;4;0;12,48;8,04;Critical;August;2015
48286;CA-2015-RB970523-42220;Salı, Ağustos 04, 2015;Salı, Ağustos 04, 2015;Same Day;RB-970523;Roger Barcio;Home Office;;Montréal;Quebec;Canada;Canada;USCA;OFF-AR-6120;Office Supplies;Art;Stanley Pencil Sharpener, Water Color;111,84;4;0;4,44;53,9;Critical;August;2015
42263;CA-2015-JK612023-42229;Perşembe, Ağustos 13, 2015;Salı, Ağustos 18, 2015;Second Class;JK-612023;Julie Kriz;Home Office;;Montréal;Quebec;Canada;Canada;USCA;OFF-AR-3499;Office Supplies;Art;Binney & Smith Sketch Pad, Blue;46,32;1;0;12,03;5,87;Medium;August;2015
42265;CA-2015-JK612023-42229;Perşembe, Ağustos 13, 2015;Salı, Ağustos 18, 2015;Second Class;JK-612023;Julie Kriz;Home Office;;Montréal;Quebec;Canada;Canada;USCA;OFF-BI-2900;Office Supplies;Binders;Acco Binding Machine, Durable;52,59;1;0;12,6;8,91;Medium;August;2015
12803;ES-2015-FM14215120-42220;Salı, Ağustos 04, 2015;Pazartesi, Ağustos 10, 2015;Standard Class;FM-14215120;Filia McAdams;Corporate;;Madrid;Madrid;Spain;Southern Europe;Europe;OFF-FA-6194;Office Supplies;Fasteners;Stockwell Push Pins, Assorted Sizes;11,43;1;0;4,89;1,16;Low;August;2015
16513;ES-2015-EH14125139-42230;Cuma, Ağustos 14, 2015;Perşembe, Ağustos 20, 2015;Standard Class;EH-14125139;Eugene Hildebrand;Home Office;;Cardiff;Wales;United Kingdom;Northern Europe;Europe;OFF-ST-6024;Office Supplies;Storage;Smead Box, Industrial;11,25;1;0;0,9;1,18;Low;August;2015
15196;IT-2015-MC17575139-42230;Cuma, Ağustos 14, 2015;Perşembe, Ağustos 20, 2015;Standard Class;MC-17575139;Matt Collins;Consumer;;Rochdale;England;United Kingdom;Northern Europe;Europe;OFF-BI-4810;Office Supplies;Binders;Ibico Binder Covers, Recycled;14,01;1;0;5,16;1,56;Low;August;2015
49853;PL-2015-BD1725103-42217;Cumartesi, Ağustos 01, 2015;Cumartesi, Ağustos 08, 2015;Standard Class;BD-1725103;Bruce Degenhardt;Consumer;;Lodz;Lodz;Poland;Eastern Europe;Europe;OFF-AR-5912;Office Supplies;Art;Sanford Highlighters, Fluorescent;17,01;1;0;7,14;1,81;Low;August;2015
49852;PL-2015-BD1725103-42217;Cumartesi, Ağustos 01, 2015;Cumartesi, Ağustos 08, 2015;Standard Class;BD-1725103;Bruce Degenhardt;Consumer;;Lodz;Lodz;Poland;Eastern Europe;Europe;OFF-AR-3451;Office Supplies;Art;BIC Highlighters, Blue;18,93;1;0;7,56;2,18;Low;August;2015
45959;PL-2015-AR345103-42228;Çarşamba, Ağustos 12, 2015;Çarşamba, Ağustos 19, 2015;Standard Class;AR-345103;Alex Russell;Corporate;;Warsaw;Masovia;Poland;Eastern Europe;Europe;OFF-SU-6183;Office Supplies;Supplies;Stiletto Trimmer, Steel;42,15;1;0;14,31;3,05;Low;August;2015
12859;ES-2015-SC20050139-42238;Cumartesi, Ağustos 22, 2015;Cuma, Ağustos 28, 2015;Standard Class;SC-20050139;Sample Company A;Home Office;;Sunderland;England;United Kingdom;Northern Europe;Europe;OFF-LA-4679;Office Supplies;Labels;Hon Removable Labels, Adjustable;21,3;2;0;1,02;3,07;Low;August;2015
15197;IT-2015-MC17575139-42230;Cuma, Ağustos 14, 2015;Perşembe, Ağustos 20, 2015;Standard Class;MC-17575139;Matt Collins;Consumer;;Rochdale;England;United Kingdom;Northern Europe;Europe;OFF-EN-5038;Office Supplies;Envelopes;Kraft Manila Envelope, Security-Tint;144,45;5;0;11,55;3,9;Low;August;2015
49851;PL-2015-BD1725103-42217;Cumartesi, Ağustos 01, 2015;Cumartesi, Ağustos 08, 2015;Standard Class;BD-1725103;Bruce Degenhardt;Consumer;;Lodz;Lodz;Poland;Eastern Europe;Europe;OFF-BI-3735;Office Supplies;Binders;Cardinal Hole Reinforcements, Economy;74,76;14;0;30,24;4,9;Low;August;2015
43052;RS-2015-MS7770108-42243;Perşembe, Ağustos 27, 2015;Çarşamba, Eylül 02, 2015;Standard Class;MS-7770108;Maxwell Schwartz;Consumer;;Toguchin;Novosibirsk;Russia;Eastern Europe;Europe;OFF-EN-3105;Office Supplies;Envelopes;Ames Manila Envelope, Security-Tint;54,18;2;0;21,66;7,89;Low;August;2015
15198;IT-2015-MC17575139-42230;Cuma, Ağustos 14, 2015;Perşembe, Ağustos 20, 2015;Standard Class;MC-17575139;Matt Collins;Consumer;;Rochdale;England;United Kingdom;Northern Europe;Europe;OFF-EN-4917;Office Supplies;Envelopes;Jiffy Mailers, with clear poly window;81,42;2;0;40,68;8,66;Low;August;2015
45281;BK-2015-ME732017-42236;Perşembe, Ağustos 20, 2015;Çarşamba, Ağustos 26, 2015;Standard Class;ME-732017;Maria Etezadi;Home Office;;Zenica;Federation of Bosnia and Herzegovina;Bosnia and Herzegovina;Southern Europe;Europe;OFF-AR-3545;Office Supplies;Art;Boston Pencil Sharpener, Water Color;233,76;8;0;30,24;25,25;Low;August;2015
12028;ES-2015-MP1796564-42245;Cumartesi, Ağustos 29, 2015;Cumartesi, Eylül 05, 2015;Standard Class;MP-1796564;Michael Paige;Corporate;;Rome;Lazio;Italy;Southern Europe;Europe;OFF-AR-3554;Office Supplies;Art;Boston Sketch Pad, Fluorescent;249,3;5;0;0;34,62;Low;August;2015
12065;ES-2015-AH1021045-42237;Cuma, Ağustos 21, 2015;Perşembe, Ağustos 27, 2015;Standard Class;AH-1021045;Alan Hwang;Consumer;;La Seyne-sur-Mer;Provence-Alpes-Côte d'Azur;France;Western Europe;Europe;OFF-LA-6044;Office Supplies;Labels;Smead Legal Exhibit Labels, Alphabetical;21,84;2;0;2,4;2,07;Low;August;2015
12505;ES-2015-JF1556545-42241;Salı, Ağustos 25, 2015;Salı, Eylül 01, 2015;Standard Class;JF-1556545;Jill Fjeld;Consumer;;Nantes;Pays de la Loire;France;Western Europe;Europe;OFF-AR-3538;Office Supplies;Art;Boston Markers, Easy-Erase;133,2;5;0;11,85;15,25;Low;August;2015
12066;ES-2015-AH1021045-42237;Cuma, Ağustos 21, 2015;Perşembe, Ağustos 27, 2015;Standard Class;AH-1021045;Alan Hwang;Consumer;;La Seyne-sur-Mer;Provence-Alpes-Côte d'Azur;France;Western Europe;Europe;OFF-AR-3553;Office Supplies;Art;Boston Sketch Pad, Easy-Erase;244,35;5;0;70,8;25,75;Low;August;2015
7842;MX-2015-RB1979582-42242;Çarşamba, Ağustos 26, 2015;Çarşamba, Eylül 02, 2015;Standard Class;RB-1979582;Ross Baird;Home Office;;Mexico City;Distrito Federal;Mexico;Central America;LATAM;OFF-AR-6117;Office Supplies;Art;Stanley Markers, Water Color;84,6;5;0;21,9;7,257;Low;August;2015
8510;MX-2015-SR2074093-42246;Pazar, Ağustos 30, 2015;Pazar, Eylül 06, 2015;Standard Class;SR-2074093;Steven Roelle;Home Office;;Managua;Managua;Nicaragua;Central America;LATAM;OFF-ST-6249;Office Supplies;Storage;Tenex Folders, Blue;123,84;8;0;49,44;15,13;Low;August;2015
9988;MX-2015-TB2162539-42221;Çarşamba, Ağustos 05, 2015;Çarşamba, Ağustos 12, 2015;Standard Class;TB-2162539;Trudy Brown;Consumer;;Cuscatancingo;San Salvador;El Salvador;Central America;LATAM;OFF-ST-6248;Office Supplies;Storage;Tenex File Cart, Single Width;268,32;3;0;88,5;36,646;Low;August;2015
46358;MO-2015-DM301586-42244;Cuma, Ağustos 28, 2015;Perşembe, Eylül 03, 2015;Standard Class;DM-301586;Darrin Martin;Consumer;;Meknes;Meknès-Tafilalet;Morocco;North Africa;Africa;OFF-AR-6110;Office Supplies;Art;Stanley Highlighters, Blue;14,7;1;0;2,94;1,9;Low;August;2015
47761;SU-2015-BW1200122-42236;Perşembe, Ağustos 20, 2015;Çarşamba, Ağustos 26, 2015;Standard Class;BW-1200122;Ben Wallace;Consumer;;Khartoum;Khartoum;Sudan;North Africa;Africa;OFF-AR-6105;Office Supplies;Art;Stanley Canvas, Blue;49,47;1;0;7,89;4,87;Low;August;2015
44162;CG-2015-MH744033-42218;Pazar, Ağustos 02, 2015;Cumartesi, Ağustos 08, 2015;Standard Class;MH-744033;Mark Haberlin;Corporate;;Mbuji-mayi;Kasai-Oriental;Democratic Republic of the Congo;Central Africa;Africa;OFF-SU-4996;Office Supplies;Supplies;Kleencut Trimmer, Steel;40,83;1;0;6,51;4,88;Low;August;2015
47759;SU-2015-BW1200122-42236;Perşembe, Ağustos 20, 2015;Çarşamba, Ağustos 26, 2015;Standard Class;BW-1200122;Ben Wallace;Consumer;;Khartoum;Khartoum;Sudan;North Africa;Africa;OFF-AR-3447;Office Supplies;Art;BIC Canvas, Blue;53,7;1;0;4,29;5,57;Low;August;2015
47766;SU-2015-BW1200122-42236;Perşembe, Ağustos 20, 2015;Çarşamba, Ağustos 26, 2015;Standard Class;BW-1200122;Ben Wallace;Consumer;;Khartoum;Khartoum;Sudan;North Africa;Africa;OFF-ST-4105;Office Supplies;Storage;Eldon Trays, Blue;47,97;1;0;8,61;6,02;Low;August;2015
43015;GH-2015-EG390049-42224;Cumartesi, Ağustos 08, 2015;Cumartesi, Ağustos 15, 2015;Standard Class;EG-390049;Emily Grady;Consumer;;Accra;Greater Accra;Ghana;Western Africa;Africa;OFF-AR-3553;Office Supplies;Art;Boston Sketch Pad, Easy-Erase;48,87;1;0;14,16;6,69;Low;August;2015
46359;MO-2015-DM301586-42244;Cuma, Ağustos 28, 2015;Perşembe, Eylül 03, 2015;Standard Class;DM-301586;Darrin Martin;Consumer;;Meknes;Meknès-Tafilalet;Morocco;North Africa;Africa;OFF-ST-5707;Office Supplies;Storage;Rogers Shelving, Single Width;62,16;1;0;4,95;9,32;Low;August;2015
41751;JO-2015-RB933067-42230;Cuma, Ağustos 14, 2015;Cuma, Ağustos 21, 2015;Standard Class;RB-933067;Randy Bradley;Consumer;;Amman;'Amman;Jordan;Western Asia;Asia Pacific;OFF-EN-3092;Office Supplies;Envelopes;Ames Clasp Envelope, Security-Tint;19,2;2;0;0,36;1,84;Low;August;2015
27750;IN-2015-SV2036566-42221;Çarşamba, Ağustos 05, 2015;Çarşamba, Ağustos 12, 2015;Standard Class;SV-2036566;Seth Vernon;Consumer;;Anjo;Aichi;Japan;Eastern Asia;Asia Pacific;OFF-LA-4539;Office Supplies;Labels;Harbour Creations Legal Exhibit Labels, Alphabetical;21,54;2;0;8,4;3,74;Low;August;2015
8373;MX-2015-RB1946518-42242;Çarşamba, Ağustos 26, 2015;Salı, Eylül 01, 2015;Standard Class;RB-1946518;Rick Bensley;Home Office;;Nova Serrana;Minas Gerais;Brazil;South America;LATAM;OFF-ST-6067;Office Supplies;Storage;Smead Trays, Single Width;64,68;2;0;23,92;8,6;Low;August;2015
8437;MX-2015-ER1385531-42236;Perşembe, Ağustos 20, 2015;Çarşamba, Ağustos 26, 2015;Standard Class;ER-1385531;Elpida Rittenbach;Corporate;;Santiago de Cuba;Santiago de Cuba;Cuba;Caribbean;LATAM;OFF-EN-4923;Office Supplies;Envelopes;Jiffy Peel and Seal, Recycled;37,62;3;0;7,14;5,477;Low;August;2015
8372;MX-2015-RB1946518-42242;Çarşamba, Ağustos 26, 2015;Salı, Eylül 01, 2015;Standard Class;RB-1946518;Rick Bensley;Home Office;;Nova Serrana;Minas Gerais;Brazil;South America;LATAM;OFF-SU-4974;Office Supplies;Supplies;Kleencut Box Cutter, High Speed;69,3;3;0;30,48;6,913;Low;August;2015
47764;SU-2015-BW1200122-42236;Perşembe, Ağustos 20, 2015;Çarşamba, Ağustos 26, 2015;Standard Class;BW-1200122;Ben Wallace;Consumer;;Khartoum;Khartoum;Sudan;North Africa;Africa;OFF-AP-4968;Office Supplies;Appliances;KitchenAid Toaster, Black;339;4;0;101,64;50,31;Low;August;2015
25086;ID-2015-BV1124527-42232;Pazar, Ağustos 16, 2015;Cumartesi, Ağustos 22, 2015;Standard Class;BV-1124527;Benjamin Venier;Corporate;;Xiaogan;Hubei;China;Eastern Asia;Asia Pacific;OFF-BI-3715;Office Supplies;Binders;Cardinal 3-Hole Punch, Recycled;116,64;4;0;33,72;11,27;Low;August;2015
25083;ID-2015-BV1124527-42232;Pazar, Ağustos 16, 2015;Cumartesi, Ağustos 22, 2015;Standard Class;BV-1124527;Benjamin Venier;Corporate;;Xiaogan;Hubei;China;Eastern Asia;Asia Pacific;OFF-SU-2966;Office Supplies;Supplies;Acme Box Cutter, High Speed;113,4;3;0;35,1;13,93;Low;August;2015
13292;ES-2015-TM21490139-42223;Cuma, Ağustos 07, 2015;Çarşamba, Ağustos 12, 2015;Standard Class;TM-21490139;Tony Molinari;Consumer;;Coventry;England;United Kingdom;Northern Europe;Europe;OFF-BI-3736;Office Supplies;Binders;Cardinal Hole Reinforcements, Recycled;11,4;2;0;4,74;1,75;High;August;2015
12657;ES-2015-CM1193548-42244;Cuma, Ağustos 28, 2015;Çarşamba, Eylül 02, 2015;Standard Class;CM-1193548;Carlos Meador;Consumer;;Hamm;North Rhine-Westphalia;Germany;Western Europe;Europe;OFF-BI-3290;Office Supplies;Binders;Avery Hole Reinforcements, Durable;29,55;5;0;10,5;4,4;High;August;2015
16858;IT-2015-KD1634545-42238;Cumartesi, Ağustos 22, 2015;Çarşamba, Ağustos 26, 2015;Standard Class;KD-1634545;Katherine Ducich;Consumer;;Bagnolet;Ile-de-France;France;Western Europe;Europe;OFF-BI-2902;Office Supplies;Binders;Acco Binding Machine, Recycled;154,35;3;0;38,52;13,57;High;August;2015
18636;ES-2015-RA1991564-42245;Cumartesi, Ağustos 29, 2015;Çarşamba, Eylül 02, 2015;Standard Class;RA-1991564;Russell Applegate;Consumer;;La Spezia;Liguria;Italy;Southern Europe;Europe;OFF-AR-3496;Office Supplies;Art;Binney & Smith Pens, Easy-Erase;48,84;4;0;0;6,17;High;August;2015
12658;ES-2015-CM1193548-42244;Cuma, Ağustos 28, 2015;Çarşamba, Eylül 02, 2015;Standard Class;CM-1193548;Carlos Meador;Consumer;;Hamm;North Rhine-Westphalia;Germany;Western Europe;Europe;OFF-AR-6118;Office Supplies;Art;Stanley Pencil Sharpener, Easy-Erase;78,12;3;0;26,55;13,23;High;August;2015
12656;ES-2015-CM1193548-42244;Cuma, Ağustos 28, 2015;Çarşamba, Eylül 02, 2015;Standard Class;CM-1193548;Carlos Meador;Consumer;;Hamm;North Rhine-Westphalia;Germany;Western Europe;Europe;OFF-AR-6117;Office Supplies;Art;Stanley Markers, Water Color;152,28;6;0;50,22;19,97;High;August;2015
13293;ES-2015-TM21490139-42223;Cuma, Ağustos 07, 2015;Çarşamba, Ağustos 12, 2015;Standard Class;TM-21490139;Tony Molinari;Consumer;;Coventry;England;United Kingdom;Northern Europe;Europe;OFF-AR-6115;Office Supplies;Art;Stanley Markers, Easy-Erase;179,76;8;0;0;23,02;High;August;2015
4189;US-2015-LR1691582-42220;Salı, Ağustos 04, 2015;Cumartesi, Ağustos 08, 2015;Standard Class;LR-1691582;Lena Radford;Consumer;;Coacalco;México;Mexico;Central America;LATAM;OFF-AR-3548;Office Supplies;Art;Boston Pens, Fluorescent;30,96;3;0;11,76;1,287;High;August;2015
29840;IN-2015-TM2101066-42230;Cuma, Ağustos 14, 2015;Salı, Ağustos 18, 2015;Standard Class;TM-2101066;Tamara Manning;Consumer;;Kawasaki;Fukuoka;Japan;Eastern Asia;Asia Pacific;OFF-ST-6252;Office Supplies;Storage;Tenex Folders, Wire Frame;22,29;1;0;3,99;3;High;August;2015
26003;IN-2015-HG1484558-42242;Çarşamba, Ağustos 26, 2015;Pazar, Ağustos 30, 2015;Standard Class;HG-1484558;Harry Greene;Consumer;;Jaipur;Rajasthan;India;Southern Asia;Asia Pacific;OFF-ST-6230;Office Supplies;Storage;Tenex Box, Single Width;33,06;2;0;11,52;5,19;High;August;2015
42573;SF-2015-CM2160117-42245;Cumartesi, Ağustos 29, 2015;Çarşamba, Eylül 02, 2015;Standard Class;CM-2160117;Charles McCrossin;Consumer;;Pretoria;Gauteng;South Africa;Southern Africa;Africa;OFF-ST-5709;Office Supplies;Storage;Rogers Trays, Blue;61,68;1;0;18,48;6,4;High;August;2015
29839;IN-2015-TM2101066-42230;Cuma, Ağustos 14, 2015;Salı, Ağustos 18, 2015;Standard Class;TM-2101066;Tamara Manning;Consumer;;Kawasaki;Fukuoka;Japan;Eastern Asia;Asia Pacific;OFF-ST-6272;Office Supplies;Storage;Tenex Shelving, Blue;163,98;3;0;0;16,6;High;August;2015
45979;CM-2015-LB673522-42232;Pazar, Ağustos 16, 2015;Perşembe, Ağustos 20, 2015;Standard Class;LB-673522;Larry Blacks;Consumer;;Bamenda;Nord-Ouest;Cameroon;Central Africa;Africa;OFF-ST-6049;Office Supplies;Storage;Smead Lockers, Wire Frame;197,49;1;0;17,76;35,8;High;August;2015
47002;PL-2015-TP11130103-42230;Cuma, Ağustos 14, 2015;Salı, Ağustos 18, 2015;Standard Class;TP-11130103;Theone Pippenger;Consumer;;Gdynia;Pomerania;Poland;Eastern Europe;Europe;OFF-ST-4268;Office Supplies;Storage;Fellowes Lockers, Single Width;414,72;2;0;70,5;77,24;High;August;2015
13291;ES-2015-TM21490139-42223;Cuma, Ağustos 07, 2015;Çarşamba, Ağustos 12, 2015;Standard Class;TM-21490139;Tony Molinari;Consumer;;Coventry;England;United Kingdom;Northern Europe;Europe;OFF-EN-4437;Office Supplies;Envelopes;GlobeWeis Clasp Envelope, Set of 50;59,4;6;0;23,76;3,34;High;August;2015
17363;ES-2015-CM12235139-42221;Çarşamba, Ağustos 05, 2015;Pazar, Ağustos 09, 2015;Standard Class;CM-12235139;Chris McAfee;Consumer;;Gloucester;England;United Kingdom;Northern Europe;Europe;OFF-LA-6064;Office Supplies;Labels;Smead Shipping Labels, Laser Printer Compatible;58,05;5;0;4,05;4,97;High;August;2015
17362;ES-2015-CM12235139-42221;Çarşamba, Ağustos 05, 2015;Pazar, Ağustos 09, 2015;Standard Class;CM-12235139;Chris McAfee;Consumer;;Gloucester;England;United Kingdom;Northern Europe;Europe;OFF-SU-4987;Office Supplies;Supplies;Kleencut Scissors, Serrated;56,97;3;0;4,5;8,72;High;August;2015
10727;ES-2015-CM1223548-42217;Cumartesi, Ağustos 01, 2015;Perşembe, Ağustos 06, 2015;Standard Class;CM-1223548;Chris McAfee;Consumer;;Cologne;North Rhine-Westphalia;Germany;Western Europe;Europe;OFF-PA-4176;Office Supplies;Paper;Enermax Note Cards, Multicolor;130,56;4;0;27,36;11,93;High;August;2015
12661;ES-2015-CM1193548-42244;Cuma, Ağustos 28, 2015;Çarşamba, Eylül 02, 2015;Standard Class;CM-1193548;Carlos Meador;Consumer;;Hamm;North Rhine-Westphalia;Germany;Western Europe;Europe;OFF-EN-3102;Office Supplies;Envelopes;Ames Mailers, Set of 50;179,25;5;0;25,05;33,09;High;August;2015
2225;MX-2015-BD1150082-42235;Çarşamba, Ağustos 19, 2015;Pazartesi, Ağustos 24, 2015;Standard Class;BD-1150082;Bradley Drucker;Consumer;;Cancún;Quintana Roo;Mexico;Central America;LATAM;OFF-PA-4175;Office Supplies;Paper;Enermax Note Cards, 8.5 x 11;170,46;9;0;73,26;21,12;High;August;2015
8274;MX-2015-TS2134082-42232;Pazar, Ağustos 16, 2015;Cuma, Ağustos 21, 2015;Standard Class;TS-2134082;Toby Swindell;Consumer;;Mexicali;Baja California;Mexico;Central America;LATAM;OFF-AP-3858;Office Supplies;Appliances;Cuisinart Blender, Silver;135,48;3;0;17,58;22,107;High;August;2015
29841;IN-2015-TM2101066-42230;Cuma, Ağustos 14, 2015;Salı, Ağustos 18, 2015;Standard Class;TM-2101066;Tamara Manning;Consumer;;Kawasaki;Fukuoka;Japan;Eastern Asia;Asia Pacific;OFF-EN-5037;Office Supplies;Envelopes;Kraft Manila Envelope, Recycled;75,87;3;0;23,49;2,46;High;August;2015
26002;IN-2015-HG1484558-42242;Çarşamba, Ağustos 26, 2015;Pazar, Ağustos 30, 2015;Standard Class;HG-1484558;Harry Greene;Consumer;;Jaipur;Rajasthan;India;Southern Asia;Asia Pacific;OFF-LA-4637;Office Supplies;Labels;Hon Color Coded Labels, 5000 Label Set;39,6;3;0;12,6;7,14;High;August;2015
28439;IN-2015-DW1354021-42232;Pazar, Ağustos 16, 2015;Perşembe, Ağustos 20, 2015;Standard Class;DW-1354021;Don Weiss;Consumer;;Phnom Penh;Phnom Penh;Cambodia;Southeastern Asia;Asia Pacific;OFF-FA-5483;Office Supplies;Fasteners;OIC Staples, Metal;22,92;2;0;10,98;2,85;High;August;2015
8275;MX-2015-TS2134082-42232;Pazar, Ağustos 16, 2015;Cuma, Ağustos 21, 2015;Standard Class;TS-2134082;Toby Swindell;Consumer;;Mexicali;Baja California;Mexico;Central America;LATAM;OFF-SU-4119;Office Supplies;Supplies;Elite Box Cutter, Steel;45,72;2;0;7,76;8,378;High;August;2015
22743;IN-2015-JL1550527-42238;Cumartesi, Ağustos 22, 2015;Çarşamba, Ağustos 26, 2015;Standard Class;JL-1550527;Jeremy Lonsdale;Consumer;;Fushun;Liaoning;China;Eastern Asia;Asia Pacific;OFF-SU-3002;Office Supplies;Supplies;Acme Trimmer, High Speed;89,16;2;0;32,94;9,23;High;August;2015
27438;IN-2015-CC1267027-42224;Cumartesi, Ağustos 08, 2015;Perşembe, Ağustos 13, 2015;Standard Class;CC-1267027;Craig Carreira;Consumer;;Shashi;Hubei;China;Eastern Asia;Asia Pacific;OFF-SU-4133;Office Supplies;Supplies;Elite Shears, Serrated;87,42;2;0;32,34;9,89;High;August;2015
781;MX-2015-HM1486082-42228;Çarşamba, Ağustos 12, 2015;Pazar, Ağustos 16, 2015;Standard Class;HM-1486082;Harry Marie;Corporate;;Guadalajara;Jalisco;Mexico;Central America;LATAM;OFF-EN-5026;Office Supplies;Envelopes;Kraft Clasp Envelope, Security-Tint;15,2;2;0;1,96;2,335;High;August;2015
44106;RO-2015-HW4935107-42245;Cumartesi, Ağustos 29, 2015;Çarşamba, Eylül 02, 2015;Standard Class;HW-4935107;Helen Wasserman;Corporate;;Bacau;Bacau;Romania;Eastern Europe;Europe;OFF-BI-2902;Office Supplies;Binders;Acco Binding Machine, Recycled;102,9;2;0;25,68;18,15;High;August;2015
2483;MX-2015-YS2188031-42244;Cuma, Ağustos 28, 2015;Salı, Eylül 01, 2015;Standard Class;YS-2188031;Yana Sorensen;Corporate;;San José de las Lajas;Mayabeque;Cuba;Caribbean;LATAM;OFF-BI-2895;Office Supplies;Binders;Acco Binder, Clear;9,74;1;0;3,5;1,237;High;August;2015
42379;AU-2015-MD78608-42243;Perşembe, Ağustos 27, 2015;Pazartesi, Ağustos 31, 2015;Standard Class;MD-78608;Michael Dominguez;Corporate;;Klagenfurt;Carinthia;Austria;Western Europe;Europe;OFF-BI-3247;Office Supplies;Binders;Avery Binder Covers, Durable;12,57;1;0;1,62;1,26;High;August;2015
42377;AU-2015-MD78608-42243;Perşembe, Ağustos 27, 2015;Pazartesi, Ağustos 31, 2015;Standard Class;MD-78608;Michael Dominguez;Corporate;;Klagenfurt;Carinthia;Austria;Western Europe;Europe;OFF-LA-4551;Office Supplies;Labels;Harbour Creations Round Labels, Laser Printer Compatible;6,75;1;0;0,99;1,72;High;August;2015
2478;MX-2015-YS2188031-42244;Cuma, Ağustos 28, 2015;Salı, Eylül 01, 2015;Standard Class;YS-2188031;Yana Sorensen;Corporate;;San José de las Lajas;Mayabeque;Cuba;Caribbean;LATAM;OFF-SU-2995;Office Supplies;Supplies;Acme Shears, Serrated;31,08;1;0;11,48;3,465;High;August;2015
46483;MO-2015-BS138086-42238;Cumartesi, Ağustos 22, 2015;Çarşamba, Ağustos 26, 2015;Standard Class;BS-138086;Bill Stewart;Corporate;;Fes;Fès-Boulemane;Morocco;North Africa;Africa;OFF-BI-6372;Office Supplies;Binders;Wilson Jones 3-Hole Punch, Recycled;28,35;1;0;8,49;3,56;High;August;2015
46484;MO-2015-BS138086-42238;Cumartesi, Ağustos 22, 2015;Çarşamba, Ağustos 26, 2015;Standard Class;BS-138086;Bill Stewart;Corporate;;Fes;Fès-Boulemane;Morocco;North Africa;Africa;OFF-AR-3450;Office Supplies;Art;BIC Canvas, Water Color;56,88;1;0;0,54;4,55;High;August;2015
2481;MX-2015-YS2188031-42244;Cuma, Ağustos 28, 2015;Salı, Eylül 01, 2015;Standard Class;YS-2188031;Yana Sorensen;Corporate;;San José de las Lajas;Mayabeque;Cuba;Caribbean;LATAM;OFF-BI-3258;Office Supplies;Binders;Avery Binding Machine, Recycled;98,4;3;0;21,6;11,009;High;August;2015
2476;MX-2015-YS2188031-42244;Cuma, Ağustos 28, 2015;Salı, Eylül 01, 2015;Standard Class;YS-2188031;Yana Sorensen;Corporate;;San José de las Lajas;Mayabeque;Cuba;Caribbean;LATAM;OFF-AP-4971;Office Supplies;Appliances;KitchenAid Toaster, White;166,92;3;0;70,08;17,738;High;August;2015
17031;ES-2015-TC2098048-42242;Çarşamba, Ağustos 26, 2015;Pazar, Ağustos 30, 2015;Standard Class;TC-2098048;Tamara Chand;Corporate;;Mainz;Rhineland-Palatinate;Germany;Western Europe;Europe;OFF-LA-5389;Office Supplies;Labels;Novimex Legal Exhibit Labels, Alphabetical;51,45;5;0;10,2;8,01;High;August;2015
13972;ES-2015-AY1055548-42220;Salı, Ağustos 04, 2015;Cumartesi, Ağustos 08, 2015;Standard Class;AY-1055548;Andy Yotov;Corporate;;Ratingen;North Rhine-Westphalia;Germany;Western Europe;Europe;OFF-BI-3254;Office Supplies;Binders;Avery Binder, Recycled;106,08;8;0;48,72;10,43;High;August;2015
2479;MX-2015-YS2188031-42244;Cuma, Ağustos 28, 2015;Salı, Eylül 01, 2015;Standard Class;YS-2188031;Yana Sorensen;Corporate;;San José de las Lajas;Mayabeque;Cuba;Caribbean;LATAM;OFF-PA-6619;Office Supplies;Paper;Xerox Note Cards, Premium;123,06;7;0;50,4;20,023;High;August;2015
15392;ES-2015-BF11275139-42246;Pazar, Ağustos 30, 2015;Perşembe, Eylül 03, 2015;Standard Class;BF-11275139;Beth Fritzler;Corporate;;Glasgow;Scotland;United Kingdom;Northern Europe;Europe;OFF-SU-4322;Office Supplies;Supplies;Fiskars Shears, Steel;329,28;7;0;95,34;31,59;High;August;2015
13974;ES-2015-AY1055548-42220;Salı, Ağustos 04, 2015;Cumartesi, Ağustos 08, 2015;Standard Class;AY-1055548;Andy Yotov;Corporate;;Ratingen;North Rhine-Westphalia;Germany;Western Europe;Europe;OFF-FA-2942;Office Supplies;Fasteners;Accos Clamps, Bulk Pack;271,32;14;0;127,26;34,18;High;August;2015
43691;SF-2015-EH4125117-42244;Cuma, Ağustos 28, 2015;Salı, Eylül 01, 2015;Standard Class;EH-4125117;Eugene Hildebrand;Home Office;;Pretoria;Gauteng;South Africa;Southern Africa;Africa;OFF-LA-3311;Office Supplies;Labels;Avery Removable Labels, Adjustable;17,28;2;0;7,92;1,37;High;August;2015
44645;AG-2015-CD27903-42236;Perşembe, Ağustos 20, 2015;Salı, Ağustos 25, 2015;Standard Class;CD-27903;Cynthia Delaney;Home Office;;Oran;Oran;Algeria;North Africa;Africa;OFF-BI-3254;Office Supplies;Binders;Avery Binder, Recycled;13,26;1;0;6,09;2,06;High;August;2015
44648;AG-2015-CD27903-42236;Perşembe, Ağustos 20, 2015;Salı, Ağustos 25, 2015;Standard Class;CD-27903;Cynthia Delaney;Home Office;;Oran;Oran;Algeria;North Africa;Africa;OFF-ST-4250;Office Supplies;Storage;Fellowes Box, Blue;19,68;1;0;3,12;3,09;High;August;2015
44644;AG-2015-CD27903-42236;Perşembe, Ağustos 20, 2015;Salı, Ağustos 25, 2015;Standard Class;CD-27903;Cynthia Delaney;Home Office;;Oran;Oran;Algeria;North Africa;Africa;OFF-PA-4467;Office Supplies;Paper;Green Bar Computer Printout Paper, Multicolor;31,17;1;0;7,14;4,21;High;August;2015
26492;IN-2015-DA1345027-42246;Pazar, Ağustos 30, 2015;Perşembe, Eylül 03, 2015;Standard Class;DA-1345027;Dianna Arnett;Home Office;;Changsha;Hunan;China;Eastern Asia;Asia Pacific;OFF-LA-4688;Office Supplies;Labels;Hon Round Labels, Laser Printer Compatible;46,62;7;0;8,19;5,1;High;August;2015
49983;IZ-2015-DW348061-42238;Cumartesi, Ağustos 22, 2015;Çarşamba, Ağustos 26, 2015;Standard Class;DW-348061;Dianna Wilson;Home Office;;Arbil;Arbil;Iraq;Western Asia;Asia Pacific;OFF-EN-3655;Office Supplies;Envelopes;Cameo Business Envelopes, Security-Tint;33,9;2;0;12,18;6,48;High;August;2015
49984;IZ-2015-DW348061-42238;Cumartesi, Ağustos 22, 2015;Çarşamba, Ağustos 26, 2015;Standard Class;DW-348061;Dianna Wilson;Home Office;;Arbil;Arbil;Iraq;Western Asia;Asia Pacific;OFF-BI-3257;Office Supplies;Binders;Avery Binding Machine, Economy;97,68;2;0;11,7;18,64;High;August;2015
50339;UP-2015-DW3480137-42234;Salı, Ağustos 18, 2015;Cumartesi, Ağustos 22, 2015;Standard Class;DW-3480137;Dianna Wilson;Home Office;;Ternopil';Ternopil';Ukraine;Eastern Europe;Europe;OFF-BI-3716;Office Supplies;Binders;Cardinal Binder Covers, Clear;11,46;1;0;2,97;1,38;High;August;2015
19151;ES-2015-PS1904545-42231;Cumartesi, Ağustos 15, 2015;Çarşamba, Ağustos 19, 2015;Standard Class;PS-1904545;Penelope Sewall;Home Office;;Chelles;Ile-de-France;France;Western Europe;Europe;OFF-BI-3723;Office Supplies;Binders;Cardinal Binder, Recycled;28,38;2;0;5,94;1,72;High;August;2015
47508;UP-2015-ME7320137-42223;Cuma, Ağustos 07, 2015;Salı, Ağustos 11, 2015;Standard Class;ME-7320137;Maria Etezadi;Home Office;;L'viv;L'viv;Ukraine;Eastern Europe;Europe;OFF-BI-4824;Office Supplies;Binders;Ibico Hole Reinforcements, Durable;8,49;1;0;2,37;2,04;High;August;2015
50342;UP-2015-DW3480137-42234;Salı, Ağustos 18, 2015;Cumartesi, Ağustos 22, 2015;Standard Class;DW-3480137;Dianna Wilson;Home Office;;Ternopil';Ternopil';Ukraine;Eastern Europe;Europe;OFF-FA-5485;Office Supplies;Fasteners;OIC Thumb Tacks, Assorted Sizes;23,04;2;0;9,18;2,56;High;August;2015
13737;ES-2015-NM18445139-42218;Pazar, Ağustos 02, 2015;Cuma, Ağustos 07, 2015;Standard Class;NM-18445139;Nathan Mautz;Home Office;;Bracknell;England;United Kingdom;Northern Europe;Europe;OFF-LA-4640;Office Supplies;Labels;Hon Color Coded Labels, Laser Printer Compatible;25,62;2;0;8,94;3,63;High;August;2015
50341;UP-2015-DW3480137-42234;Salı, Ağustos 18, 2015;Cumartesi, Ağustos 22, 2015;Standard Class;DW-3480137;Dianna Wilson;Home Office;;Ternopil';Ternopil';Ukraine;Eastern Europe;Europe;OFF-FA-2960;Office Supplies;Fasteners;Accos Thumb Tacks, Assorted Sizes;89,04;8;0;6;4,96;High;August;2015
47510;UP-2015-ME7320137-42223;Cuma, Ağustos 07, 2015;Salı, Ağustos 11, 2015;Standard Class;ME-7320137;Maria Etezadi;Home Office;;L'viv;L'viv;Ukraine;Eastern Europe;Europe;OFF-AR-3549;Office Supplies;Art;Boston Pens, Water Color;34,8;2;0;3,12;6,82;High;August;2015
47509;UP-2015-ME7320137-42223;Cuma, Ağustos 07, 2015;Salı, Ağustos 11, 2015;Standard Class;ME-7320137;Maria Etezadi;Home Office;;L'viv;L'viv;Ukraine;Eastern Europe;Europe;OFF-AR-5917;Office Supplies;Art;Sanford Markers, Blue;93;4;0;17,64;7,44;High;August;2015
15623;ES-2015-SL20155139-42243;Perşembe, Ağustos 27, 2015;Pazartesi, Ağustos 31, 2015;Standard Class;SL-20155139;Sara Luxemburg;Home Office;;Halesowen;England;United Kingdom;Northern Europe;Europe;OFF-SU-6173;Office Supplies;Supplies;Stiletto Scissors, High Speed;141,66;6;0;2,7;8,86;High;August;2015
12576;IT-2015-HJ14875120-42228;Çarşamba, Ağustos 12, 2015;Pazar, Ağustos 16, 2015;Standard Class;HJ-14875120;Heather Jas;Home Office;;Madrid;Madrid;Spain;Southern Europe;Europe;OFF-SU-6165;Office Supplies;Supplies;Stiletto Letter Opener, Easy Grip;90;3;0;17,1;10,57;High;August;2015
9433;MX-2015-JF1556582-42243;Perşembe, Ağustos 27, 2015;Salı, Eylül 01, 2015;Standard Class;JF-1556582;Jill Fjeld;Consumer;;Azcapotzalco;Distrito Federal;Mexico;Central America;LATAM;OFF-BI-3253;Office Supplies;Binders;Avery Binder, Economy;60,2;7;0;4,2;5,435;Medium;August;2015
7325;MX-2015-AS1024082-42231;Cumartesi, Ağustos 15, 2015;Cuma, Ağustos 21, 2015;Standard Class;AS-1024082;Alan Shonely;Consumer;;Mexico City;Distrito Federal;Mexico;Central America;LATAM;OFF-BI-2884;Office Supplies;Binders;Acco 3-Hole Punch, Recycled;162,56;8;0;17,76;7,12;Medium;August;2015
8562;MX-2015-AH1046582-42223;Cuma, Ağustos 07, 2015;Çarşamba, Ağustos 12, 2015;Standard Class;AH-1046582;Amy Hunt;Consumer;;Morelia;Michoacán;Mexico;Central America;LATAM;OFF-LA-4678;Office Supplies;Labels;Hon Removable Labels, 5000 Label Set;13,68;2;0;1,88;1,206;Medium;August;2015
7523;MX-2015-VS2182082-42231;Cumartesi, Ağustos 15, 2015;Cumartesi, Ağustos 22, 2015;Standard Class;VS-2182082;Vivek Sundaresam;Consumer;;Tuxtla Gutiérrez;Chiapas;Mexico;Central America;LATAM;OFF-FA-3020;Office Supplies;Fasteners;Advantus Clamps, Assorted Sizes;22,32;2;0;1,76;1,283;Medium;August;2015
8514;MX-2015-SH1997582-42225;Pazar, Ağustos 09, 2015;Cuma, Ağustos 14, 2015;Standard Class;SH-1997582;Sally Hughsby;Corporate;;Victoria;Tamaulipas;Mexico;Central America;LATAM;OFF-LA-4551;Office Supplies;Labels;Harbour Creations Round Labels, Laser Printer Compatible;18;4;0;8,64;1,473;Medium;August;2015
5792;MX-2015-LC1714082-42235;Çarşamba, Ağustos 19, 2015;Salı, Ağustos 25, 2015;Standard Class;LC-1714082;Logan Currie;Consumer;;Guadalajara;Jalisco;Mexico;Central America;LATAM;OFF-BI-3187;Office Supplies;Binders;Avery 3-Hole Punch, Durable;39,16;2;0;10,96;1,536;Medium;August;2015
461;MX-2015-MB1808582-42220;Salı, Ağustos 04, 2015;Cumartesi, Ağustos 08, 2015;Standard Class;MB-1808582;Mick Brown;Consumer;;Querétaro;Querétaro;Mexico;Central America;LATAM;OFF-LA-3263;Office Supplies;Labels;Avery Color Coded Labels, Laser Printer Compatible;35,44;4;0;0;2,154;Medium;August;2015
472;MX-2015-MD1735082-42221;Çarşamba, Ağustos 05, 2015;Pazar, Ağustos 09, 2015;Standard Class;MD-1735082;Maribeth Dona;Consumer;;Morelia;Michoacán;Mexico;Central America;LATAM;OFF-BI-2898;Office Supplies;Binders;Acco Binder, Recycled;41,36;4;0;11,12;2,226;Medium;August;2015
9100;MX-2015-AM1070582-42231;Cumartesi, Ağustos 15, 2015;Cuma, Ağustos 21, 2015;Standard Class;AM-1070582;Anne McFarland;Consumer;;Juárez;Chihuahua;Mexico;Central America;LATAM;OFF-BI-3719;Office Supplies;Binders;Cardinal Binder Covers, Recycled;41,2;5;0;5,7;3,63;Medium;August;2015
462;MX-2015-MB1808582-42220;Salı, Ağustos 04, 2015;Cumartesi, Ağustos 08, 2015;Standard Class;MB-1808582;Mick Brown;Consumer;;Querétaro;Querétaro;Mexico;Central America;LATAM;OFF-ST-4106;Office Supplies;Storage;Eldon Trays, Industrial;96,9;3;0;41,64;6,567;Medium;August;2015
7042;MX-2015-SH2063582-42234;Salı, Ağustos 18, 2015;Pazartesi, Ağustos 24, 2015;Standard Class;SH-2063582;Stefanie Holloman;Corporate;;Guadalajara;Jalisco;Mexico;Central America;LATAM;OFF-ST-4056;Office Supplies;Storage;Eldon File Cart, Industrial;85,26;1;0;28,12;8,769;Medium;August;2015
6903;MX-2015-AF1088582-42217;Cumartesi, Ağustos 01, 2015;Cuma, Ağustos 07, 2015;Standard Class;AF-1088582;Art Foster;Consumer;;Acuña;Coahuila;Mexico;Central America;LATAM;OFF-PA-3986;Office Supplies;Paper;Eaton Cards & Envelopes, 8.5 x 11;98,64;3;0;9,84;10,428;Medium;August;2015
6902;MX-2015-AF1088582-42217;Cumartesi, Ağustos 01, 2015;Cuma, Ağustos 07, 2015;Standard Class;AF-1088582;Art Foster;Consumer;;Acuña;Coahuila;Mexico;Central America;LATAM;OFF-ST-6032;Office Supplies;Storage;Smead File Cart, Industrial;513,6;6;0;61,56;35,463;Medium;August;2015
7777;MX-2015-MC1759051-42223;Cuma, Ağustos 07, 2015;Perşembe, Ağustos 13, 2015;Standard Class;MC-1759051;Matt Collister;Corporate;;Villa Nueva;Guatemala;Guatemala;Central America;LATAM;OFF-AR-6121;Office Supplies;Art;Stanley Pens, Blue;46,9;7;0;9,38;2,509;Medium;August;2015
7775;MX-2015-MC1759051-42223;Cuma, Ağustos 07, 2015;Perşembe, Ağustos 13, 2015;Standard Class;MC-1759051;Matt Collister;Corporate;;Villa Nueva;Guatemala;Guatemala;Central America;LATAM;OFF-LA-5377;Office Supplies;Labels;Novimex Color Coded Labels, Laser Printer Compatible;41,4;5;0;15,3;3,787;Medium;August;2015
7204;MX-2015-DK1283551-42223;Cuma, Ağustos 07, 2015;Cuma, Ağustos 14, 2015;Standard Class;DK-1283551;Damala Kotsonis;Corporate;;Huehuetenango;Huehuetenango;Guatemala;Central America;LATAM;OFF-PA-4181;Office Supplies;Paper;Enermax Parchment Paper, 8.5 x 11;26,04;2;0;7,28;2,198;Medium;August;2015
7207;MX-2015-DK1283551-42223;Cuma, Ağustos 07, 2015;Cuma, Ağustos 14, 2015;Standard Class;DK-1283551;Damala Kotsonis;Corporate;;Huehuetenango;Huehuetenango;Guatemala;Central America;LATAM;OFF-AR-3538;Office Supplies;Art;Boston Markers, Easy-Erase;35,52;2;0;4,96;3,09;Medium;August;2015
7208;MX-2015-DK1283551-42223;Cuma, Ağustos 07, 2015;Cuma, Ağustos 14, 2015;Standard Class;DK-1283551;Damala Kotsonis;Corporate;;Huehuetenango;Huehuetenango;Guatemala;Central America;LATAM;OFF-EN-5034;Office Supplies;Envelopes;Kraft Mailers, Security-Tint;80,1;3;0;37,62;7,072;Medium;August;2015
3127;MX-2015-DH1307593-42244;Cuma, Ağustos 28, 2015;Salı, Eylül 01, 2015;Standard Class;DH-1307593;Dave Hallsten;Corporate;;Managua;Managua;Nicaragua;Central America;LATAM;OFF-AR-3464;Office Supplies;Art;BIC Pens, Blue;38,08;4;0;0,32;2,041;Medium;August;2015
3126;MX-2015-DH1307593-42244;Cuma, Ağustos 28, 2015;Salı, Eylül 01, 2015;Standard Class;DH-1307593;Dave Hallsten;Corporate;;Managua;Managua;Nicaragua;Central America;LATAM;OFF-BI-3255;Office Supplies;Binders;Avery Binding Machine, Clear;128,8;4;0;1,28;10,091;Medium;August;2015
4367;MX-2015-LW1682518-42237;Cuma, Ağustos 21, 2015;Perşembe, Ağustos 27, 2015;Standard Class;LW-1682518;Laurel Workman;Corporate;;Caraguatatuba;São Paulo;Brazil;South America;LATAM;OFF-ST-5701;Office Supplies;Storage;Rogers Lockers, Industrial;141,4;1;0;45,24;11,921;Medium;August;2015
8325;MX-2015-BS1166518-42232;Pazar, Ağustos 16, 2015;Cuma, Ağustos 21, 2015;Standard Class;BS-1166518;Brian Stugart;Consumer;;Sapucaia do Sul;Rio Grande do Sul;Brazil;South America;LATAM;OFF-LA-4555;Office Supplies;Labels;Harbour Creations Shipping Labels, Laser Printer Compatible;22,92;3;0;6,6;1,603;Medium;August;2015
8324;MX-2015-BS1166518-42232;Pazar, Ağustos 16, 2015;Cuma, Ağustos 21, 2015;Standard Class;BS-1166518;Brian Stugart;Consumer;;Sapucaia do Sul;Rio Grande do Sul;Brazil;South America;LATAM;OFF-PA-4177;Office Supplies;Paper;Enermax Note Cards, Premium;171;9;0;46,08;7,236;Medium;August;2015
6138;MX-2015-CT1199518-42234;Salı, Ağustos 18, 2015;Pazar, Ağustos 23, 2015;Standard Class;CT-1199518;Carol Triggs;Consumer;;Curitiba;Parana;Brazil;South America;LATAM;OFF-ST-4258;Office Supplies;Storage;Fellowes File Cart, Industrial;459,3;5;0;188,3;20,262;Medium;August;2015
8322;MX-2015-BS1166518-42232;Pazar, Ağustos 16, 2015;Cuma, Ağustos 21, 2015;Standard Class;BS-1166518;Brian Stugart;Consumer;;Sapucaia do Sul;Rio Grande do Sul;Brazil;South America;LATAM;OFF-AP-3576;Office Supplies;Appliances;Breville Refrigerator, Silver;1733,6;5;0;728,1;55,172;Medium;August;2015
4049;MX-2015-BS1136518-42231;Cumartesi, Ağustos 15, 2015;Cuma, Ağustos 21, 2015;Standard Class;BS-1136518;Bill Shonely;Corporate;;Betim;Minas Gerais;Brazil;South America;LATAM;OFF-SU-6175;Office Supplies;Supplies;Stiletto Scissors, Steel;30,68;2;0;13,8;1,767;Medium;August;2015
3229;MX-2015-TC2098018-42227;Salı, Ağustos 11, 2015;Pazartesi, Ağustos 17, 2015;Standard Class;TC-2098018;Tamara Chand;Corporate;;Pouso Alegre;Minas Gerais;Brazil;South America;LATAM;OFF-EN-4921;Office Supplies;Envelopes;Jiffy Manila Envelope, with clear poly window;39,4;2;0;19,68;2,78;Medium;August;2015
4053;MX-2015-BS1136518-42231;Cumartesi, Ağustos 15, 2015;Cuma, Ağustos 21, 2015;Standard Class;BS-1136518;Bill Shonely;Corporate;;Betim;Minas Gerais;Brazil;South America;LATAM;OFF-AR-3488;Office Supplies;Art;Binney & Smith Markers, Blue;48,18;3;0;23,58;4,539;Medium;August;2015
4050;MX-2015-BS1136518-42231;Cumartesi, Ağustos 15, 2015;Cuma, Ağustos 21, 2015;Standard Class;BS-1136518;Bill Shonely;Corporate;;Betim;Minas Gerais;Brazil;South America;LATAM;OFF-SU-6174;Office Supplies;Supplies;Stiletto Scissors, Serrated;67,7;5;0;6;5,356;Medium;August;2015
4055;MX-2015-BS1136518-42231;Cumartesi, Ağustos 15, 2015;Cuma, Ağustos 21, 2015;Standard Class;BS-1136518;Bill Shonely;Corporate;;Betim;Minas Gerais;Brazil;South America;LATAM;OFF-SU-4134;Office Supplies;Supplies;Elite Shears, Steel;92,82;3;0;0;7,69;Medium;August;2015
4056;MX-2015-BS1136518-42231;Cumartesi, Ağustos 15, 2015;Cuma, Ağustos 21, 2015;Standard Class;BS-1136518;Bill Shonely;Corporate;;Betim;Minas Gerais;Brazil;South America;LATAM;OFF-ST-6246;Office Supplies;Storage;Tenex File Cart, Blue;177,6;2;0;46,16;8,059;Medium;August;2015
3917;MX-2015-AB1025531-42229;Perşembe, Ağustos 13, 2015;Perşembe, Ağustos 20, 2015;Standard Class;AB-1025531;Alejandro Ballentine;Home Office;;Holguín;Holguín;Cuba;Caribbean;LATAM;OFF-EN-4431;Office Supplies;Envelopes;GlobeWeis Business Envelopes, Recycled;43,04;4;0;10,32;3,622;Medium;August;2015
5170;MX-2015-JO1555031-42231;Cumartesi, Ağustos 15, 2015;Perşembe, Ağustos 20, 2015;Standard Class;JO-1555031;Jesus Ocampo;Home Office;;Ciego de Ávila;Ciego de Ávila;Cuba;Caribbean;LATAM;OFF-SU-6160;Office Supplies;Supplies;Stiletto Box Cutter, Easy Grip;50,12;2;0;23,04;5,289;Medium;August;2015
3919;MX-2015-AB1025531-42229;Perşembe, Ağustos 13, 2015;Perşembe, Ağustos 20, 2015;Standard Class;AB-1025531;Alejandro Ballentine;Home Office;;Holguín;Holguín;Cuba;Caribbean;LATAM;OFF-AP-3579;Office Supplies;Appliances;Breville Stove, Red;1497,44;4;0;299,44;110,273;Medium;August;2015
48839;CA-2015-SC1026023-42224;Cumartesi, Ağustos 08, 2015;Perşembe, Ağustos 13, 2015;Standard Class;SC-1026023;Scott Cohen;Corporate;;Toronto;Ontario;Canada;Canada;USCA;OFF-PA-5852;Office Supplies;Paper;SanDisk Computer Printout Paper, Multicolor;374,4;12;0;48,6;14,59;Medium;August;2015
44110;CA-2015-MK816023-42230;Cuma, Ağustos 14, 2015;Salı, Ağustos 18, 2015;Standard Class;MK-816023;Mike Kennedy;Consumer;;Toronto;Ontario;Canada;Canada;USCA;OFF-AR-3475;Office Supplies;Art;Binney & Smith Canvas, Blue;51,36;1;0;9,75;1,9;Medium;August;2015
44111;CA-2015-MK816023-42230;Cuma, Ağustos 14, 2015;Salı, Ağustos 18, 2015;Standard Class;MK-816023;Mike Kennedy;Consumer;;Toronto;Ontario;Canada;Canada;USCA;OFF-FA-6196;Office Supplies;Fasteners;Stockwell Push Pins, Metal;28,98;2;0;0,24;2,07;Medium;August;2015
46610;CA-2015-DO364523-42241;Salı, Ağustos 25, 2015;Pazartesi, Ağustos 31, 2015;Standard Class;DO-364523;Doug O'Connell;Consumer;;Calgary;Alberta;Canada;Canada;USCA;OFF-AR-5904;Office Supplies;Art;Sanford Canvas, Fluorescent;103,56;2;0;38,28;6,98;Medium;August;2015
46609;CA-2015-DO364523-42241;Salı, Ağustos 25, 2015;Pazartesi, Ağustos 31, 2015;Standard Class;DO-364523;Doug O'Connell;Consumer;;Calgary;Alberta;Canada;Canada;USCA;OFF-ST-4266;Office Supplies;Storage;Fellowes Lockers, Blue;829,32;4;0;215,52;60,81;Medium;August;2015
9442;MX-2015-MW1823565-42234;Salı, Ağustos 18, 2015;Salı, Ağustos 25, 2015;Standard Class;MW-1823565;Mitch Willingham;Corporate;;Portmore;Saint Catherine;Jamaica;Caribbean;LATAM;OFF-FA-6189;Office Supplies;Fasteners;Stockwell Paper Clips, Assorted Sizes;18;2;0;6,12;1,733;Medium;August;2015
458;MX-2015-BV1124528-42245;Cumartesi, Ağustos 29, 2015;Cumartesi, Eylül 05, 2015;Standard Class;BV-1124528;Benjamin Venier;Corporate;;Santa Marta;Magdalena;Colombia;South America;LATAM;OFF-SU-3001;Office Supplies;Supplies;Acme Trimmer, Easy Grip;92,4;3;0;34,14;2,235;Medium;August;2015
45609;MO-2015-JK537086-42225;Pazar, Ağustos 09, 2015;Cuma, Ağustos 14, 2015;Standard Class;JK-537086;Jay Kimmel;Consumer;;Agadir;Souss-Massa-Draâ;Morocco;North Africa;Africa;OFF-AP-3871;Office Supplies;Appliances;Cuisinart Refrigerator, White;494,22;1;0;113,67;30,45;Medium;August;2015
46009;EG-2015-VG1180538-42234;Salı, Ağustos 18, 2015;Cumartesi, Ağustos 22, 2015;Standard Class;VG-1180538;Vivek Grady;Corporate;;Alexandria;Al Iskandariyah;Egypt;North Africa;Africa;OFF-FA-5484;Office Supplies;Fasteners;OIC Thumb Tacks, 12 Pack;13,5;1;0;5,4;1,9;Medium;August;2015
45927;AG-2015-HR48303-42221;Çarşamba, Ağustos 05, 2015;Pazartesi, Ağustos 10, 2015;Standard Class;HR-48303;Harold Ryan;Corporate;;Guelma;Guelma;Algeria;North Africa;Africa;OFF-ST-6230;Office Supplies;Storage;Tenex Box, Single Width;16,53;1;0;7,41;1,3;Medium;August;2015
44498;TS-2015-EM4065133-42220;Salı, Ağustos 04, 2015;Pazartesi, Ağustos 10, 2015;Standard Class;EM-4065133;Erin Mull;Consumer;;Tunis;Tunis;Tunisia;North Africa;Africa;OFF-FA-2949;Office Supplies;Fasteners;Accos Push Pins, Bulk Pack;14,52;1;0;4,2;2,02;Medium;August;2015
49922;IV-2015-JC577529-42221;Çarşamba, Ağustos 05, 2015;Pazartesi, Ağustos 10, 2015;Standard Class;JC-577529;John Castell;Consumer;;Abidjan;Lagunes;Cote d'Ivoire;Western Africa;Africa;OFF-BI-6372;Office Supplies;Binders;Wilson Jones 3-Hole Punch, Recycled;28,35;1;0;8,49;1,51;Medium;August;2015
49923;IV-2015-JC577529-42221;Çarşamba, Ağustos 05, 2015;Pazartesi, Ağustos 10, 2015;Standard Class;JC-577529;John Castell;Consumer;;Abidjan;Lagunes;Cote d'Ivoire;Western Africa;Africa;OFF-LA-3313;Office Supplies;Labels;Avery Removable Labels, Laser Printer Compatible;10,74;1;0;2,13;1,78;Medium;August;2015
42601;TO-2015-DM3345131-42224;Cumartesi, Ağustos 08, 2015;Perşembe, Ağustos 13, 2015;Standard Class;DM-3345131;Denise Monton;Corporate;;Lome;Maritime;Togo;Western Africa;Africa;OFF-SU-4981;Office Supplies;Supplies;Kleencut Ruler, Easy Grip;15,18;1;0;0,3;1,9;Medium;August;2015
49921;IV-2015-JC577529-42221;Çarşamba, Ağustos 05, 2015;Pazartesi, Ağustos 10, 2015;Standard Class;JC-577529;John Castell;Consumer;;Abidjan;Lagunes;Cote d'Ivoire;Western Africa;Africa;OFF-ST-4263;Office Supplies;Storage;Fellowes Folders, Single Width;26,43;1;0;10,83;1,95;Medium;August;2015
50826;AO-2015-AZ7504-42241;Salı, Ağustos 25, 2015;Pazar, Ağustos 30, 2015;Standard Class;AZ-7504;Annie Zypern;Consumer;;Benguela;Benguela;Angola;Central Africa;Africa;OFF-AR-5923;Office Supplies;Art;Sanford Pencil Sharpener, Water Color;26,1;1;0;6,78;3,12;Medium;August;2015
42602;TO-2015-DM3345131-42224;Cumartesi, Ağustos 08, 2015;Perşembe, Ağustos 13, 2015;Standard Class;DM-3345131;Denise Monton;Corporate;;Lome;Maritime;Togo;Western Africa;Africa;OFF-SU-2993;Office Supplies;Supplies;Acme Shears, Easy Grip;51,54;1;0;10,8;3,14;Medium;August;2015
44331;SF-2015-MS7830117-42230;Cuma, Ağustos 14, 2015;Perşembe, Ağustos 20, 2015;Standard Class;MS-7830117;Melanie Seite;Consumer;;Johannesburg;Gauteng;South Africa;Southern Africa;Africa;OFF-AR-3552;Office Supplies;Art;Boston Sketch Pad, Blue;48,6;1;0;20,88;4,06;Medium;August;2015
48511;CG-2015-PV898533-42225;Pazar, Ağustos 09, 2015;Perşembe, Ağustos 13, 2015;Standard Class;PV-898533;Paul Van Hugh;Home Office;;Kikwit;Bandundu;Democratic Republic of the Congo;Central Africa;Africa;OFF-ST-6049;Office Supplies;Storage;Smead Lockers, Wire Frame;197,49;1;0;17,76;8,55;Medium;August;2015
50971;GH-2015-KT648049-42222;Perşembe, Ağustos 06, 2015;Perşembe, Ağustos 13, 2015;Standard Class;KT-648049;Kean Thornton;Consumer;;Kumasi;Ashanti;Ghana;Western Africa;Africa;OFF-AP-4962;Office Supplies;Appliances;KitchenAid Refrigerator, Silver;528,69;1;0;206,16;36,07;Medium;August;2015
42999;EG-2015-CL270038-42228;Çarşamba, Ağustos 12, 2015;Salı, Ağustos 18, 2015;Standard Class;CL-270038;Craig Leslie;Home Office;;Hurghada;Al Bahr Al Ahmar;Egypt;North Africa;Africa;OFF-ST-4095;Office Supplies;Storage;Eldon Shelving, Industrial;97,8;2;0;2,88;4,12;Medium;August;2015
49859;MO-2015-GT463586-42243;Perşembe, Ağustos 27, 2015;Çarşamba, Eylül 02, 2015;Standard Class;GT-463586;Grant Thornton;Corporate;;Casablanca;Grand Casablanca;Morocco;North Africa;Africa;OFF-PA-4461;Office Supplies;Paper;Green Bar Cards & Envelopes, 8.5 x 11;105,06;2;0;18,9;7,05;Medium;August;2015
50671;MO-2015-BN151586-42245;Cumartesi, Ağustos 29, 2015;Perşembe, Eylül 03, 2015;Standard Class;BN-151586;Bradley Nguyen;Consumer;;Casablanca;Grand Casablanca;Morocco;North Africa;Africa;OFF-ST-4056;Office Supplies;Storage;Eldon File Cart, Industrial;255,78;2;0;30,66;13,75;Medium;August;2015
50970;GH-2015-KT648049-42222;Perşembe, Ağustos 06, 2015;Perşembe, Ağustos 13, 2015;Standard Class;KT-648049;Kean Thornton;Consumer;;Kumasi;Ashanti;Ghana;Western Africa;Africa;OFF-PA-4001;Office Supplies;Paper;Eaton Message Books, Recycled;40,98;2;0;5,7;2,32;Medium;August;2015
45321;TZ-2015-JS5940129-42235;Çarşamba, Ağustos 19, 2015;Pazartesi, Ağustos 24, 2015;Standard Class;JS-5940129;Joni Sundaresam;Home Office;;Dar es Salaam;Dar Es Salaam;Tanzania;Eastern Africa;Africa;OFF-SU-4979;Office Supplies;Supplies;Kleencut Letter Opener, High Speed;52,92;2;0;18,48;2,67;Medium;August;2015
47028;AO-2015-AJ9454-42231;Cumartesi, Ağustos 15, 2015;Cumartesi, Ağustos 22, 2015;Standard Class;AJ-9454;Ashley Jarboe;Consumer;;Huambo;Huambo;Angola;Central Africa;Africa;OFF-EN-5041;Office Supplies;Envelopes;Kraft Peel and Seal, Recycled;38,58;2;0;2,28;3,11;Medium;August;2015
50115;CG-2015-JS568533-42227;Salı, Ağustos 11, 2015;Cumartesi, Ağustos 15, 2015;Standard Class;JS-568533;Jim Sink;Corporate;;Uvira;South Kivu;Democratic Republic of the Congo;Central Africa;Africa;OFF-AR-3450;Office Supplies;Art;BIC Canvas, Water Color;113,76;2;0;1,08;9,19;Medium;August;2015
45040;AG-2015-LD68553-42230;Cuma, Ağustos 14, 2015;Perşembe, Ağustos 20, 2015;Standard Class;LD-68553;Lela Donovan;Corporate;;Oran;Oran;Algeria;North Africa;Africa;OFF-BI-3292;Office Supplies;Binders;Avery Hole Reinforcements, Recycled;19,08;4;0;8,16;1,8;Medium;August;2015
49919;IV-2015-JC577529-42221;Çarşamba, Ağustos 05, 2015;Pazartesi, Ağustos 10, 2015;Standard Class;JC-577529;John Castell;Consumer;;Abidjan;Lagunes;Cote d'Ivoire;Western Africa;Africa;OFF-BI-3712;Office Supplies;Binders;Cardinal 3-Hole Punch, Clear;113,04;4;0;23,64;5,08;Medium;August;2015
49920;IV-2015-JC577529-42221;Çarşamba, Ağustos 05, 2015;Pazartesi, Ağustos 10, 2015;Standard Class;JC-577529;John Castell;Consumer;;Abidjan;Lagunes;Cote d'Ivoire;Western Africa;Africa;OFF-BI-3717;Office Supplies;Binders;Cardinal Binder Covers, Durable;54;4;0;17,28;5,27;Medium;August;2015
50550;ZA-2015-EH3765146-42241;Salı, Ağustos 25, 2015;Pazartesi, Ağustos 31, 2015;Standard Class;EH-3765146;Edward Hooks;Corporate;;Livingstone;Southern;Zambia;Eastern Africa;Africa;OFF-LA-5384;Office Supplies;Labels;Novimex File Folder Labels, Alphabetical;48,42;6;0;6,66;2,24;Medium;August;2015
49881;CG-2015-BT130533-42242;Çarşamba, Ağustos 26, 2015;Pazar, Ağustos 30, 2015;Standard Class;BT-130533;Beth Thompson;Home Office;;Kikwit;Bandundu;Democratic Republic of the Congo;Central Africa;Africa;OFF-LA-3316;Office Supplies;Labels;Avery Round Labels, Alphabetical;41,76;6;0;9,18;3,02;Medium;August;2015
45322;TZ-2015-JS5940129-42235;Çarşamba, Ağustos 19, 2015;Pazartesi, Ağustos 24, 2015;Standard Class;JS-5940129;Joni Sundaresam;Home Office;;Dar es Salaam;Dar Es Salaam;Tanzania;Eastern Africa;Africa;OFF-FA-3074;Office Supplies;Fasteners;Advantus Thumb Tacks, Bulk Pack;81,54;6;0;0;5,2;Medium;August;2015
45039;AG-2015-LD68553-42230;Cuma, Ağustos 14, 2015;Perşembe, Ağustos 20, 2015;Standard Class;LD-68553;Lela Donovan;Corporate;;Oran;Oran;Algeria;North Africa;Africa;OFF-AR-5925;Office Supplies;Art;Sanford Pens, Easy-Erase;90,96;8;0;20,88;7,47;Medium;August;2015
29165;IN-2015-AS1028527-42231;Cumartesi, Ağustos 15, 2015;Çarşamba, Ağustos 19, 2015;Standard Class;AS-1028527;Alejandro Savely;Corporate;;Guangzhou;Guangdong;China;Eastern Asia;Asia Pacific;OFF-SU-4128;Office Supplies;Supplies;Elite Scissors, High Speed;45,06;2;0;5,4;3,53;Medium;August;2015
20717;IN-2015-SC2038027-42229;Perşembe, Ağustos 13, 2015;Salı, Ağustos 18, 2015;Standard Class;SC-2038027;Shahid Collister;Consumer;;Mianyang;Sichuan;China;Eastern Asia;Asia Pacific;OFF-LA-3263;Office Supplies;Labels;Avery Color Coded Labels, Laser Printer Compatible;39,87;3;0;8,73;1,57;Medium;August;2015
28204;IN-2015-RB1970527-42236;Perşembe, Ağustos 20, 2015;Salı, Ağustos 25, 2015;Standard Class;RB-1970527;Roger Barcio;Home Office;;Jilin;Jilin;China;Eastern Asia;Asia Pacific;OFF-FA-6203;Office Supplies;Fasteners;Stockwell Staples, Bulk Pack;32,4;3;0;11,97;2,31;Medium;August;2015
20716;IN-2015-SC2038027-42229;Perşembe, Ağustos 13, 2015;Salı, Ağustos 18, 2015;Standard Class;SC-2038027;Shahid Collister;Consumer;;Mianyang;Sichuan;China;Eastern Asia;Asia Pacific;OFF-LA-6061;Office Supplies;Labels;Smead Shipping Labels, 5000 Label Set;84;7;0;37,8;3,74;Medium;August;2015
23784;IN-2015-JD1615027-42245;Cumartesi, Ağustos 29, 2015;Cumartesi, Eylül 05, 2015;Standard Class;JD-1615027;Justin Deggeller;Corporate;;Anshan;Liaoning;China;Eastern Asia;Asia Pacific;OFF-AP-4494;Office Supplies;Appliances;Hamilton Beach Coffee Grinder, Red;85,32;2;0;12,78;4,18;Medium;August;2015
22022;IN-2015-HH1501027-42221;Çarşamba, Ağustos 05, 2015;Pazar, Ağustos 09, 2015;Standard Class;HH-1501027;Hilary Holden;Corporate;;Jiaozuo;Henan;China;Eastern Asia;Asia Pacific;OFF-ST-5709;Office Supplies;Storage;Rogers Trays, Blue;123,36;2;0;32,04;4,33;Medium;August;2015
23783;IN-2015-JD1615027-42245;Cumartesi, Ağustos 29, 2015;Cumartesi, Eylül 05, 2015;Standard Class;JD-1615027;Justin Deggeller;Corporate;;Anshan;Liaoning;China;Eastern Asia;Asia Pacific;OFF-PA-6623;Office Supplies;Paper;Xerox Parchment Paper, Premium;66,3;5;0;13,8;6,14;Medium;August;2015
23028;IN-2015-SC2068027-42235;Çarşamba, Ağustos 19, 2015;Pazartesi, Ağustos 24, 2015;Standard Class;SC-2068027;Steve Carroll;Home Office;;Chengdu;Sichuan;China;Eastern Asia;Asia Pacific;OFF-LA-3323;Office Supplies;Labels;Avery Shipping Labels, Laser Printer Compatible;59,25;5;0;27,75;6,17;Medium;August;2015
22021;IN-2015-HH1501027-42221;Çarşamba, Ağustos 05, 2015;Pazar, Ağustos 09, 2015;Standard Class;HH-1501027;Hilary Holden;Corporate;;Jiaozuo;Henan;China;Eastern Asia;Asia Pacific;OFF-ST-4251;Office Supplies;Storage;Fellowes Box, Industrial;60,48;3;0;16,29;6,17;Medium;August;2015
24841;IN-2015-CM1219027-42227;Salı, Ağustos 11, 2015;Pazar, Ağustos 16, 2015;Standard Class;CM-1219027;Charlotte Melton;Consumer;;Shanghai;Shanghai;China;Eastern Asia;Asia Pacific;OFF-AR-3475;Office Supplies;Art;Binney & Smith Canvas, Blue;102,72;2;0;3,06;6,63;Medium;August;2015
27661;IN-2015-SH2039527-42234;Salı, Ağustos 18, 2015;Pazar, Ağustos 23, 2015;Standard Class;SH-2039527;Shahid Hopkins;Consumer;;Xi'an;Shaanxi;China;Eastern Asia;Asia Pacific;OFF-AR-3538;Office Supplies;Art;Boston Markers, Easy-Erase;79,92;3;0;5,58;6,82;Medium;August;2015
27708;IN-2015-PT1909027-42245;Cumartesi, Ağustos 29, 2015;Perşembe, Eylül 03, 2015;Standard Class;PT-1909027;Pete Takahito;Consumer;;Harbin;Heilongjiang;China;Eastern Asia;Asia Pacific;OFF-ST-6031;Office Supplies;Storage;Smead File Cart, Blue;127,47;1;0;36,96;7,19;Medium;August;2015
23423;IN-2015-CH1207027-42238;Cumartesi, Ağustos 22, 2015;Perşembe, Ağustos 27, 2015;Standard Class;CH-1207027;Cathy Hwang;Home Office;;Daqing;Heilongjiang;China;Eastern Asia;Asia Pacific;OFF-AR-6119;Office Supplies;Art;Stanley Pencil Sharpener, Fluorescent;99,12;4;0;27,72;8,44;Medium;August;2015
20718;IN-2015-SC2038027-42229;Perşembe, Ağustos 13, 2015;Salı, Ağustos 18, 2015;Standard Class;SC-2038027;Shahid Collister;Consumer;;Mianyang;Sichuan;China;Eastern Asia;Asia Pacific;OFF-SU-4319;Office Supplies;Supplies;Fiskars Shears, Easy Grip;344,82;7;0;72,24;12,27;Medium;August;2015
30254;IN-2015-LA1678027-42225;Pazar, Ağustos 09, 2015;Perşembe, Ağustos 13, 2015;Standard Class;LA-1678027;Laura Armstrong;Corporate;;Luoyang;Fujian;China;Eastern Asia;Asia Pacific;OFF-AR-3460;Office Supplies;Art;BIC Pencil Sharpener, Blue;145,05;5;0;26,1;13,22;Medium;August;2015
30253;IN-2015-LA1678027-42225;Pazar, Ağustos 09, 2015;Perşembe, Ağustos 13, 2015;Standard Class;LA-1678027;Laura Armstrong;Corporate;;Luoyang;Fujian;China;Eastern Asia;Asia Pacific;OFF-ST-4294;Office Supplies;Storage;Fellowes Trays, Industrial;289,35;5;0;54,9;20,65;Medium;August;2015
21162;IN-2015-AG1027027-42224;Cumartesi, Ağustos 08, 2015;Çarşamba, Ağustos 12, 2015;Standard Class;AG-1027027;Alejandro Grove;Consumer;;Yancheng;Jiangsu;China;Eastern Asia;Asia Pacific;OFF-AR-5933;Office Supplies;Art;Sanford Sketch Pad, Water Color;340,62;7;0;74,76;24,72;Medium;August;2015
23424;IN-2015-CH1207027-42238;Cumartesi, Ağustos 22, 2015;Perşembe, Ağustos 27, 2015;Standard Class;CH-1207027;Cathy Hwang;Home Office;;Daqing;Heilongjiang;China;Eastern Asia;Asia Pacific;OFF-PA-4146;Office Supplies;Paper;Enermax Cards & Envelopes, Recycled;235,05;5;0;61,05;26,31;Medium;August;2015
25484;IN-2015-JK1609058-42238;Cumartesi, Ağustos 22, 2015;Çarşamba, Ağustos 26, 2015;Standard Class;JK-1609058;Juliana Krohn;Consumer;;Ajmer;Rajasthan;India;Southern Asia;Asia Pacific;OFF-SU-4987;Office Supplies;Supplies;Kleencut Scissors, Serrated;56,97;3;0;11,34;5,06;Medium;August;2015
25542;IN-2015-LC1688558-42229;Perşembe, Ağustos 13, 2015;Çarşamba, Ağustos 19, 2015;Standard Class;LC-1688558;Lena Creighton;Consumer;;Guwahati;Assam;India;Southern Asia;Asia Pacific;OFF-EN-3661;Office Supplies;Envelopes;Cameo Interoffice Envelope, Recycled;138,69;3;0;51,3;10,55;Medium;August;2015
29152;IN-2015-JO1514558-42223;Cuma, Ağustos 07, 2015;Çarşamba, Ağustos 12, 2015;Standard Class;JO-1514558;Jack O'Briant;Corporate;;Kozhikode;Kerala;India;Southern Asia;Asia Pacific;OFF-AR-5932;Office Supplies;Art;Sanford Sketch Pad, Fluorescent;140,22;3;0;42,03;11,86;Medium;August;2015
20982;IN-2015-IL1510058-42223;Cuma, Ağustos 07, 2015;Çarşamba, Ağustos 12, 2015;Standard Class;IL-1510058;Ivan Liston;Consumer;;Bhilai;Chhattisgarh;India;Southern Asia;Asia Pacific;OFF-EN-4445;Office Supplies;Envelopes;GlobeWeis Mailers, Set of 50;77,1;2;0;33,12;6,46;Medium;August;2015
30017;IN-2015-ON1871558-42244;Cuma, Ağustos 28, 2015;Salı, Eylül 01, 2015;Standard Class;ON-1871558;Odella Nelson;Corporate;;Visakhapatnam;Andhra Pradesh;India;Southern Asia;Asia Pacific;OFF-BI-6400;Office Supplies;Binders;Wilson Jones Hole Reinforcements, Recycled;4,89;1;0;1,71;1,47;Medium;August;2015
25042;IN-2015-GZ1447058-42221;Çarşamba, Ağustos 05, 2015;Çarşamba, Ağustos 12, 2015;Standard Class;GZ-1447058;Gary Zandusky;Consumer;;Ujjain;Madhya Pradesh;India;Southern Asia;Asia Pacific;OFF-AR-3466;Office Supplies;Art;BIC Pens, Fluorescent;15,54;1;0;4,5;1,56;Medium;August;2015
30018;IN-2015-ON1871558-42244;Cuma, Ağustos 28, 2015;Salı, Eylül 01, 2015;Standard Class;ON-1871558;Odella Nelson;Corporate;;Visakhapatnam;Andhra Pradesh;India;Southern Asia;Asia Pacific;OFF-LA-5385;Office Supplies;Labels;Novimex File Folder Labels, Laser Printer Compatible;41,25;5;0;0,3;2,3;Medium;August;2015
28491;IN-2015-CC1268558-42228;Çarşamba, Ağustos 12, 2015;Pazar, Ağustos 16, 2015;Standard Class;CC-1268558;Craig Carroll;Consumer;;Visakhapatnam;Andhra Pradesh;India;Southern Asia;Asia Pacific;OFF-ST-4251;Office Supplies;Storage;Fellowes Box, Industrial;100,8;5;0;27,15;3,73;Medium;August;2015
25541;IN-2015-LC1688558-42229;Perşembe, Ağustos 13, 2015;Çarşamba, Ağustos 19, 2015;Standard Class;LC-1688558;Lena Creighton;Consumer;;Guwahati;Assam;India;Southern Asia;Asia Pacific;OFF-BI-3719;Office Supplies;Binders;Cardinal Binder Covers, Recycled;61,8;5;0;26,55;4,21;Medium;August;2015
29914;IN-2015-AS1013558-42229;Perşembe, Ağustos 13, 2015;Salı, Ağustos 18, 2015;Standard Class;AS-1013558;Adrian Shami;Home Office;;Bilaspur;Uttar Pradesh;India;Southern Asia;Asia Pacific;OFF-SU-2990;Office Supplies;Supplies;Acme Scissors, Serrated;132,84;6;0;37,08;7,72;Medium;August;2015
22122;IN-2015-GW1460558-42234;Salı, Ağustos 18, 2015;Pazar, Ağustos 23, 2015;Standard Class;GW-1460558;Giulietta Weimer;Consumer;;Gulbarga;Karnataka;India;Southern Asia;Asia Pacific;OFF-EN-3673;Office Supplies;Envelopes;Cameo Peel and Seal, Recycled;178,2;9;0;21,33;10,32;Medium;August;2015
29942;IN-2015-DS1303058-42234;Salı, Ağustos 18, 2015;Pazar, Ağustos 23, 2015;Standard Class;DS-1303058;Darrin Sayre;Home Office;;Varanasi;Uttar Pradesh;India;Southern Asia;Asia Pacific;OFF-AP-3857;Office Supplies;Appliances;Cuisinart Blender, Red;267,96;4;0;48,12;12,57;Medium;August;2015
20984;IN-2015-IL1510058-42223;Cuma, Ağustos 07, 2015;Çarşamba, Ağustos 12, 2015;Standard Class;IL-1510058;Ivan Liston;Consumer;;Bhilai;Chhattisgarh;India;Southern Asia;Asia Pacific;OFF-BI-3724;Office Supplies;Binders;Cardinal Binding Machine, Clear;196,92;4;0;90,48;13,96;Medium;August;2015
29916;IN-2015-AS1013558-42229;Perşembe, Ağustos 13, 2015;Salı, Ağustos 18, 2015;Standard Class;AS-1013558;Adrian Shami;Home Office;;Bilaspur;Uttar Pradesh;India;Southern Asia;Asia Pacific;OFF-SU-2966;Office Supplies;Supplies;Acme Box Cutter, High Speed;189;5;0;58,5;17,19;Medium;August;2015
29220;IN-2015-RR1931558-42225;Pazar, Ağustos 09, 2015;Perşembe, Ağustos 13, 2015;Standard Class;RR-1931558;Ralph Ritter;Consumer;;Raipur;Chhattisgarh;India;Southern Asia;Asia Pacific;OFF-AP-3874;Office Supplies;Appliances;Cuisinart Stove, Silver;539,04;1;0;183,27;22,77;Medium;August;2015
21921;IN-2015-HD1478558-42229;Perşembe, Ağustos 13, 2015;Salı, Ağustos 18, 2015;Standard Class;HD-1478558;Harold Dahlen;Home Office;;Faridabad;Haryana;India;Southern Asia;Asia Pacific;OFF-PA-4144;Office Supplies;Paper;Enermax Cards & Envelopes, Multicolor;291,06;6;0;72,72;25,43;Medium;August;2015
46576;IR-2015-JF541560-42238;Cumartesi, Ağustos 22, 2015;Perşembe, Ağustos 27, 2015;Standard Class;JF-541560;Jennifer Ferguson;Consumer;;Abadan;Khuzestan;Iran;Southern Asia;Asia Pacific;OFF-LA-6062;Office Supplies;Labels;Smead Shipping Labels, Adjustable;9,51;1;0;0,66;1,88;Medium;August;2015
41565;IR-2015-NS864060-42236;Perşembe, Ağustos 20, 2015;Pazartesi, Ağustos 24, 2015;Standard Class;NS-864060;Noel Staavos;Corporate;;Sanandaj;Kordestan;Iran;Southern Asia;Asia Pacific;OFF-AP-4959;Office Supplies;Appliances;KitchenAid Microwave, White;616,92;2;0;203,58;33,11;Medium;August;2015
23879;IN-2015-MA17995121-42230;Cuma, Ağustos 14, 2015;Salı, Ağustos 18, 2015;Standard Class;MA-17995121;Michelle Arnett;Home Office;;Colombo;Western;Sri Lanka;Southern Asia;Asia Pacific;OFF-LA-4534;Office Supplies;Labels;Harbour Creations File Folder Labels, Adjustable;53,04;8;0;4,56;2,68;Medium;August;2015
27992;IN-2015-GM144551-42217;Cumartesi, Ağustos 01, 2015;Çarşamba, Ağustos 05, 2015;Standard Class;GM-144551;Gary Mitchum;Home Office;;Kabul;Kabul;Afghanistan;Southern Asia;Asia Pacific;OFF-FA-5482;Office Supplies;Fasteners;OIC Staples, Bulk Pack;45,36;4;0;2,16;2,8;Medium;August;2015
51218;GG-2015-SJ1021547-42227;Salı, Ağustos 11, 2015;Pazar, Ağustos 16, 2015;Standard Class;SJ-1021547;Sarah Jordon;Consumer;;K'ut'aisi;Imereti;Georgia;Western Asia;Asia Pacific;OFF-PA-4161;Office Supplies;Paper;Enermax Memo Slips, Premium;15,66;1;0;0,3;1,28;Medium;August;2015
47421;GG-2015-CC267047-42223;Cuma, Ağustos 07, 2015;Perşembe, Ağustos 13, 2015;Standard Class;CC-267047;Craig Carreira;Consumer;;K'ut'aisi;Imereti;Georgia;Western Asia;Asia Pacific;OFF-AR-3494;Office Supplies;Art;Binney & Smith Pencil Sharpener, Water Color;26,94;1;0;12,39;1,43;Medium;August;2015
51216;GG-2015-SJ1021547-42227;Salı, Ağustos 11, 2015;Pazar, Ağustos 16, 2015;Standard Class;SJ-1021547;Sarah Jordon;Consumer;;K'ut'aisi;Imereti;Georgia;Western Asia;Asia Pacific;OFF-BI-6375;Office Supplies;Binders;Wilson Jones Binder Covers, Durable;12,69;1;0;5,82;1,86;Medium;August;2015
51215;GG-2015-SJ1021547-42227;Salı, Ağustos 11, 2015;Pazar, Ağustos 16, 2015;Standard Class;SJ-1021547;Sarah Jordon;Consumer;;K'ut'aisi;Imereti;Georgia;Western Asia;Asia Pacific;OFF-LA-4548;Office Supplies;Labels;Harbour Creations Round Labels, 5000 Label Set;28,56;4;0;11,04;2,03;Medium;August;2015
51220;GG-2015-SJ1021547-42227;Salı, Ağustos 11, 2015;Pazar, Ağustos 16, 2015;Standard Class;SJ-1021547;Sarah Jordon;Consumer;;K'ut'aisi;Imereti;Georgia;Western Asia;Asia Pacific;OFF-BI-3246;Office Supplies;Binders;Avery Binder Covers, Clear;63,18;6;0;14,4;6,15;Medium;August;2015
45806;SA-2015-LC7050110-42236;Perşembe, Ağustos 20, 2015;Salı, Ağustos 25, 2015;Standard Class;LC-7050110;Liz Carlisle;Consumer;;Jeddah;Makkah;Saudi Arabia;Western Asia;Asia Pacific;OFF-BI-6400;Office Supplies;Binders;Wilson Jones Hole Reinforcements, Recycled;4,89;1;0;1,17;1,3;Medium;August;2015
45805;SA-2015-LC7050110-42236;Perşembe, Ağustos 20, 2015;Salı, Ağustos 25, 2015;Standard Class;LC-7050110;Liz Carlisle;Consumer;;Jeddah;Makkah;Saudi Arabia;Western Asia;Asia Pacific;OFF-AR-3528;Office Supplies;Art;Boston Canvas, Water Color;56,82;1;0;8,52;1,82;Medium;August;2015
44187;SA-2015-AO810110-42244;Cuma, Ağustos 28, 2015;Salı, Eylül 01, 2015;Standard Class;AO-810110;Anthony O'Donnell;Corporate;;Riyadh;Ar Riyad;Saudi Arabia;Western Asia;Asia Pacific;OFF-LA-5392;Office Supplies;Labels;Novimex Removable Labels, Adjustable;15,54;2;0;0;1,85;Medium;August;2015
43564;SA-2015-RM9750110-42239;Pazar, Ağustos 23, 2015;Cumartesi, Ağustos 29, 2015;Standard Class;RM-9750110;Roland Murray;Consumer;;Riyadh;Ar Riyad;Saudi Arabia;Western Asia;Asia Pacific;OFF-AR-5921;Office Supplies;Art;Sanford Pencil Sharpener, Easy-Erase;54,18;2;0;27,06;3,47;Medium;August;2015
31276;IN-2015-HK1489092-42237;Cuma, Ağustos 21, 2015;Çarşamba, Ağustos 26, 2015;Standard Class;HK-1489092;Heather Kirkland;Corporate;;Porirua;Wellington;New Zealand;Oceania;Asia Pacific;OFF-ST-5705;Office Supplies;Storage;Rogers Shelving, Blue;248,52;4;0;104,28;16,4;Medium;August;2015
20825;IN-2015-IG1508566-42228;Çarşamba, Ağustos 12, 2015;Pazar, Ağustos 16, 2015;Standard Class;IG-1508566;Ivan Gibson;Consumer;;Kawasaki;Fukuoka;Japan;Eastern Asia;Asia Pacific;OFF-SU-4306;Office Supplies;Supplies;Fiskars Box Cutter, Steel;69,84;2;0;27,9;4,05;Medium;August;2015
11621;ES-2015-TC21295139-42228;Çarşamba, Ağustos 12, 2015;Pazartesi, Ağustos 17, 2015;Standard Class;TC-21295139;Toby Carlisle;Consumer;;Preston;England;United Kingdom;Northern Europe;Europe;OFF-LA-4686;Office Supplies;Labels;Hon Round Labels, Adjustable;18,24;4;0;6,48;1,26;Medium;August;2015
11855;ES-2015-RL19615139-42245;Cumartesi, Ağustos 29, 2015;Çarşamba, Eylül 02, 2015;Standard Class;RL-19615139;Rob Lucas;Consumer;;Leeds;England;United Kingdom;Northern Europe;Europe;OFF-EN-5030;Office Supplies;Envelopes;Kraft Interoffice Envelope, Security-Tint;197,28;4;0;19,68;15,76;Medium;August;2015
12546;IT-2015-TS21340139-42228;Çarşamba, Ağustos 12, 2015;Pazartesi, Ağustos 17, 2015;Standard Class;TS-21340139;Toby Swindell;Consumer;;Shrewsbury;England;United Kingdom;Northern Europe;Europe;OFF-AP-4749;Office Supplies;Appliances;Hoover Toaster, White;327,12;4;0;114,48;27,18;Medium;August;2015
14102;ES-2015-LW16825139-42218;Pazar, Ağustos 02, 2015;Perşembe, Ağustos 06, 2015;Standard Class;LW-16825139;Laurel Workman;Corporate;;Leeds;England;United Kingdom;Northern Europe;Europe;OFF-LA-3298;Office Supplies;Labels;Avery Legal Exhibit Labels, Adjustable;27,72;3;0;8,55;1,16;Medium;August;2015
14099;ES-2015-LW16825139-42218;Pazar, Ağustos 02, 2015;Perşembe, Ağustos 06, 2015;Standard Class;LW-16825139;Laurel Workman;Corporate;;Leeds;England;United Kingdom;Northern Europe;Europe;OFF-BI-4830;Office Supplies;Binders;Ibico Index Tab, Economy;20,82;2;0;7,02;1,24;Medium;August;2015
17332;ES-2015-SF20965139-42222;Perşembe, Ağustos 06, 2015;Perşembe, Ağustos 13, 2015;Standard Class;SF-20965139;Sylvia Foulston;Corporate;;Gloucester;England;United Kingdom;Northern Europe;Europe;OFF-BI-3719;Office Supplies;Binders;Cardinal Binder Covers, Recycled;61,8;5;0;27,75;3,6;Medium;August;2015
17331;ES-2015-SF20965139-42222;Perşembe, Ağustos 06, 2015;Perşembe, Ağustos 13, 2015;Standard Class;SF-20965139;Sylvia Foulston;Corporate;;Gloucester;England;United Kingdom;Northern Europe;Europe;OFF-LA-5391;Office Supplies;Labels;Novimex Removable Labels, 5000 Label Set;29,61;3;0;12,06;3,71;Medium;August;2015
17333;ES-2015-SF20965139-42222;Perşembe, Ağustos 06, 2015;Perşembe, Ağustos 13, 2015;Standard Class;SF-20965139;Sylvia Foulston;Corporate;;Gloucester;England;United Kingdom;Northern Europe;Europe;OFF-AR-3495;Office Supplies;Art;Binney & Smith Pens, Blue;35,82;3;0;15,03;4,1;Medium;August;2015
17330;ES-2015-SF20965139-42222;Perşembe, Ağustos 06, 2015;Perşembe, Ağustos 13, 2015;Standard Class;SF-20965139;Sylvia Foulston;Corporate;;Gloucester;England;United Kingdom;Northern Europe;Europe;OFF-BI-4807;Office Supplies;Binders;Ibico Binder Covers, Clear;78,66;6;0;5,4;4,87;Medium;August;2015
17329;ES-2015-SF20965139-42222;Perşembe, Ağustos 06, 2015;Perşembe, Ağustos 13, 2015;Standard Class;SF-20965139;Sylvia Foulston;Corporate;;Gloucester;England;United Kingdom;Northern Europe;Europe;OFF-AR-3499;Office Supplies;Art;Binney & Smith Sketch Pad, Blue;185,28;4;0;48,12;5;Medium;August;2015
17310;ES-2015-MF17665139-42238;Cumartesi, Ağustos 22, 2015;Cuma, Ağustos 28, 2015;Standard Class;MF-17665139;Maureen Fritzler;Corporate;;Nottingham;England;United Kingdom;Northern Europe;Europe;OFF-ST-4268;Office Supplies;Storage;Fellowes Lockers, Single Width;1244,16;6;0;211,5;84,91;Medium;August;2015
15291;ES-2015-CS12175139-42235;Çarşamba, Ağustos 19, 2015;Pazar, Ağustos 23, 2015;Standard Class;CS-12175139;Charles Sheldon;Corporate;;Leicester;England;United Kingdom;Northern Europe;Europe;OFF-AP-4737;Office Supplies;Appliances;Hoover Refrigerator, Silver;1054,02;2;0;337,26;125,89;Medium;August;2015
19518;ES-2015-SR20425139-42229;Perşembe, Ağustos 13, 2015;Çarşamba, Ağustos 19, 2015;Standard Class;SR-20425139;Sharelle Roach;Home Office;;Swindon;England;United Kingdom;Northern Europe;Europe;OFF-BI-4815;Office Supplies;Binders;Ibico Binding Machine, Clear;203,52;4;0;93,6;15,86;Medium;August;2015
14609;ES-2015-KL1664596-42241;Salı, Ağustos 25, 2015;Pazartesi, Ağustos 31, 2015;Standard Class;KL-1664596;Ken Lonsdale;Consumer;;Oslo;Oslo;Norway;Northern Europe;Europe;OFF-BI-4814;Office Supplies;Binders;Ibico Binder, Recycled;31,68;2;0;2,52;2,04;Medium;August;2015
15505;ES-2015-CC1210096-42222;Perşembe, Ağustos 06, 2015;Çarşamba, Ağustos 12, 2015;Standard Class;CC-1210096;Chad Cunningham;Home Office;;Stavanger;Rogaland;Norway;Northern Europe;Europe;OFF-AR-5903;Office Supplies;Art;Sanford Canvas, Easy-Erase;101,58;2;0;13,2;6,01;Medium;August;2015
17335;IT-2015-CK12595139-42240;Pazartesi, Ağustos 24, 2015;Cuma, Ağustos 28, 2015;Standard Class;CK-12595139;Clytie Kelty;Consumer;;Livingston;Scotland;United Kingdom;Northern Europe;Europe;OFF-ST-5686;Office Supplies;Storage;Rogers Box, Blue;119,85;5;0;2,25;6,83;Medium;August;2015
14610;ES-2015-KL1664596-42241;Salı, Ağustos 25, 2015;Pazartesi, Ağustos 31, 2015;Standard Class;KL-1664596;Ken Lonsdale;Consumer;;Oslo;Oslo;Norway;Northern Europe;Europe;OFF-AR-3488;Office Supplies;Art;Binney & Smith Markers, Blue;168,63;7;0;31,92;8,78;Medium;August;2015
44148;PL-2015-DB3615103-42244;Cuma, Ağustos 28, 2015;Cuma, Eylül 04, 2015;Standard Class;DB-3615103;Doug Bickford;Consumer;;Bytom;Silesia;Poland;Eastern Europe;Europe;OFF-BI-3725;Office Supplies;Binders;Cardinal Binding Machine, Durable;51,27;1;0;17,94;1,75;Medium;August;2015
47323;HU-2015-SC1026057-42228;Çarşamba, Ağustos 12, 2015;Salı, Ağustos 18, 2015;Standard Class;SC-1026057;Scott Cohen;Corporate;;Budapest;Budapest;Hungary;Eastern Europe;Europe;OFF-PA-3998;Office Supplies;Paper;Eaton Message Books, 8.5 x 11;24,72;1;0;10,86;1,84;Medium;August;2015
41920;HU-2015-SH997557-42239;Pazar, Ağustos 23, 2015;Cuma, Ağustos 28, 2015;Standard Class;SH-997557;Sally Hughsby;Corporate;;Gyor;Gyor;Hungary;Eastern Europe;Europe;OFF-LA-4542;Office Supplies;Labels;Harbour Creations Removable Labels, Adjustable;21,48;2;0;8,58;1,89;Medium;August;2015
51127;BO-2015-VG1179013-42222;Perşembe, Ağustos 06, 2015;Pazartesi, Ağustos 10, 2015;Standard Class;VG-1179013;Vivek Gonzalez;Consumer;;Homyel';Homyel';Belarus;Eastern Europe;Europe;OFF-EN-3088;Office Supplies;Envelopes;Ames Business Envelopes, Recycled;34,08;2;0;8,52;2,03;Medium;August;2015
47322;HU-2015-SC1026057-42228;Çarşamba, Ağustos 12, 2015;Salı, Ağustos 18, 2015;Standard Class;SC-1026057;Scott Cohen;Corporate;;Budapest;Budapest;Hungary;Eastern Europe;Europe;OFF-FA-3046;Office Supplies;Fasteners;Advantus Paper Clips, Metal;13,38;1;0;3,21;2,05;Medium;August;2015
47321;HU-2015-SC1026057-42228;Çarşamba, Ağustos 12, 2015;Salı, Ağustos 18, 2015;Standard Class;SC-1026057;Scott Cohen;Corporate;;Budapest;Budapest;Hungary;Eastern Europe;Europe;OFF-ST-6038;Office Supplies;Storage;Smead Folders, Blue;34,98;2;0;4,14;2,64;Medium;August;2015
46971;RO-2015-KF6285107-42223;Cuma, Ağustos 07, 2015;Salı, Ağustos 11, 2015;Standard Class;KF-6285107;Karen Ferguson;Home Office;;Targu Mures;Mures;Romania;Eastern Europe;Europe;OFF-PA-4476;Office Supplies;Paper;Green Bar Message Books, Premium;47,58;2;0;4,74;2,72;Medium;August;2015
51128;BO-2015-VG1179013-42222;Perşembe, Ağustos 06, 2015;Pazartesi, Ağustos 10, 2015;Standard Class;VG-1179013;Vivek Gonzalez;Consumer;;Homyel';Homyel';Belarus;Eastern Europe;Europe;OFF-ST-6060;Office Supplies;Storage;Smead Shelving, Wire Frame;48;1;0;22,08;3,17;Medium;August;2015
44149;PL-2015-DB3615103-42244;Cuma, Ağustos 28, 2015;Cuma, Eylül 04, 2015;Standard Class;DB-3615103;Doug Bickford;Consumer;;Bytom;Silesia;Poland;Eastern Europe;Europe;OFF-AP-4970;Office Supplies;Appliances;KitchenAid Toaster, Silver;86,07;1;0;36,99;3,97;Medium;August;2015
46969;RO-2015-KF6285107-42223;Cuma, Ağustos 07, 2015;Salı, Ağustos 11, 2015;Standard Class;KF-6285107;Karen Ferguson;Home Office;;Targu Mures;Mures;Romania;Eastern Europe;Europe;OFF-PA-5869;Office Supplies;Paper;SanDisk Memo Slips, Multicolor;110,34;6;0;5,4;4,47;Medium;August;2015
45131;HU-2015-AP72057-42242;Çarşamba, Ağustos 26, 2015;Pazar, Ağustos 30, 2015;Standard Class;AP-72057;Anne Pryor;Home Office;;Balmazujvaros;Hajdu-Bihar;Hungary;Eastern Europe;Europe;OFF-PA-4001;Office Supplies;Paper;Eaton Message Books, Recycled;81,96;4;0;11,4;6,25;Medium;August;2015
46968;RO-2015-KF6285107-42223;Cuma, Ağustos 07, 2015;Salı, Ağustos 11, 2015;Standard Class;KF-6285107;Karen Ferguson;Home Office;;Targu Mures;Mures;Romania;Eastern Europe;Europe;OFF-EN-5034;Office Supplies;Envelopes;Kraft Mailers, Security-Tint;160,2;4;0;7,92;14,8;Medium;August;2015
46973;RO-2015-KF6285107-42223;Cuma, Ağustos 07, 2015;Salı, Ağustos 11, 2015;Standard Class;KF-6285107;Karen Ferguson;Home Office;;Targu Mures;Mures;Romania;Eastern Europe;Europe;OFF-AP-3577;Office Supplies;Appliances;Breville Refrigerator, White;517,47;1;0;103,47;45,14;Medium;August;2015
41661;RS-2015-EM4095108-42238;Cumartesi, Ağustos 22, 2015;Perşembe, Ağustos 27, 2015;Standard Class;EM-4095108;Eudokia Martin;Corporate;;Chelyabinsk;Chelyabinsk;Russia;Eastern Europe;Europe;OFF-BI-2919;Office Supplies;Binders;Acco Index Tab, Economy;10,08;1;0;4,62;1,98;Medium;August;2015
42167;RS-2015-LH6750108-42244;Cuma, Ağustos 28, 2015;Salı, Eylül 01, 2015;Standard Class;LH-6750108;Larry Hughes;Consumer;;Ivanovo;Ivanovo;Russia;Eastern Europe;Europe;OFF-ST-6065;Office Supplies;Storage;Smead Trays, Blue;96,96;2;0;12,6;8,77;Medium;August;2015
51196;UP-2015-RS9765137-42246;Pazar, Ağustos 30, 2015;Cuma, Eylül 04, 2015;Standard Class;RS-9765137;Roland Schwarz;Corporate;;Kalush;Ivano-Frankivsk;Ukraine;Eastern Europe;Europe;OFF-LA-4693;Office Supplies;Labels;Hon Shipping Labels, 5000 Label Set;23,52;2;0;11,28;2,42;Medium;August;2015
13633;ES-2015-DP1310564-42237;Cuma, Ağustos 21, 2015;Salı, Ağustos 25, 2015;Standard Class;DP-1310564;Dave Poirier;Corporate;;Ragusa;Sicily;Italy;Southern Europe;Europe;OFF-BI-4826;Office Supplies;Binders;Ibico Hole Reinforcements, Recycled;22,05;3;0;6,75;1,62;Medium;August;2015
11608;ES-2015-JB1600064-42232;Pazar, Ağustos 16, 2015;Perşembe, Ağustos 20, 2015;Standard Class;JB-1600064;Joy Bell-;Consumer;;Cesena;Emilia-Romagna;Italy;Southern Europe;Europe;OFF-FA-3070;Office Supplies;Fasteners;Advantus Staples, Bulk Pack;32,58;3;0;12,96;1,81;Medium;August;2015
15946;ES-2015-TP2156564-42224;Cumartesi, Ağustos 08, 2015;Perşembe, Ağustos 13, 2015;Standard Class;TP-2156564;Tracy Poddar;Corporate;;Rome;Lazio;Italy;Southern Europe;Europe;OFF-AR-3496;Office Supplies;Art;Binney & Smith Pens, Easy-Erase;36,63;3;0;0;1,86;Medium;August;2015
11859;IT-2015-SB2018564-42234;Salı, Ağustos 18, 2015;Pazartesi, Ağustos 24, 2015;Standard Class;SB-2018564;Sarah Brown;Consumer;;Pistoia;Tuscany;Italy;Southern Europe;Europe;OFF-BI-3739;Office Supplies;Binders;Cardinal Index Tab, Economy;26,28;3;0;12,06;2,16;Medium;August;2015
15608;ES-2015-NP1832564-42246;Pazar, Ağustos 30, 2015;Cumartesi, Eylül 05, 2015;Standard Class;NP-1832564;Naresj Patel;Consumer;;Prato;Tuscany;Italy;Southern Europe;Europe;OFF-FA-5472;Office Supplies;Fasteners;OIC Push Pins, Assorted Sizes;37,08;3;0;7,38;2,73;Medium;August;2015
14798;IT-2015-CK1220564-42243;Perşembe, Ağustos 27, 2015;Salı, Eylül 01, 2015;Standard Class;CK-1220564;Chloris Kastensmidt;Consumer;;Rome;Lazio;Italy;Southern Europe;Europe;OFF-AR-3459;Office Supplies;Art;BIC Markers, Water Color;148,05;5;0;51,75;2,81;Medium;August;2015
11642;ES-2015-MM1805564-42239;Pazar, Ağustos 23, 2015;Cuma, Ağustos 28, 2015;Standard Class;MM-1805564;Michelle Moray;Consumer;;Crotone;Calabria;Italy;Southern Europe;Europe;OFF-FA-3055;Office Supplies;Fasteners;Advantus Push Pins, Assorted Sizes;35,64;3;0;7,11;2,93;Medium;August;2015
16011;ES-2015-MT1807064-42242;Çarşamba, Ağustos 26, 2015;Pazar, Ağustos 30, 2015;Standard Class;MT-1807064;Michelle Tran;Home Office;;Reggio nell'Emilia;Emilia-Romagna;Italy;Southern Europe;Europe;OFF-LA-6056;Office Supplies;Labels;Smead Round Labels, Laser Printer Compatible;34,5;5;0;12,3;3,09;Medium;August;2015
15997;ES-2015-JF1529564-42242;Çarşamba, Ağustos 26, 2015;Salı, Eylül 01, 2015;Standard Class;JF-1529564;Jason Fortune-;Consumer;;Rome;Lazio;Italy;Southern Europe;Europe;OFF-PA-6619;Office Supplies;Paper;Xerox Note Cards, Premium;131,85;5;0;26,25;3,45;Medium;August;2015
11858;IT-2015-SB2018564-42234;Salı, Ağustos 18, 2015;Pazartesi, Ağustos 24, 2015;Standard Class;SB-2018564;Sarah Brown;Consumer;;Pistoia;Tuscany;Italy;Southern Europe;Europe;OFF-FA-5464;Office Supplies;Fasteners;OIC Clamps, Bulk Pack;59,31;3;0;29,61;4,21;Medium;August;2015
11861;IT-2015-SB2018564-42234;Salı, Ağustos 18, 2015;Pazartesi, Ağustos 24, 2015;Standard Class;SB-2018564;Sarah Brown;Consumer;;Pistoia;Tuscany;Italy;Southern Europe;Europe;OFF-AR-3477;Office Supplies;Art;Binney & Smith Canvas, Fluorescent;105,24;2;0;19,98;5,56;Medium;August;2015
20128;IT-2015-DS1318064-42230;Cuma, Ağustos 14, 2015;Salı, Ağustos 18, 2015;Standard Class;DS-1318064;David Smith;Corporate;;Parma;Emilia-Romagna;Italy;Southern Europe;Europe;OFF-SU-4327;Office Supplies;Supplies;Fiskars Trimmer, Serrated;117;3;0;14,04;7,09;Medium;August;2015
11860;IT-2015-SB2018564-42234;Salı, Ağustos 18, 2015;Pazartesi, Ağustos 24, 2015;Standard Class;SB-2018564;Sarah Brown;Consumer;;Pistoia;Tuscany;Italy;Southern Europe;Europe;OFF-BI-6382;Office Supplies;Binders;Wilson Jones Binding Machine, Clear;96,84;2;0;29,04;8,09;Medium;August;2015
19006;ES-2015-MV1748564-42220;Salı, Ağustos 04, 2015;Pazar, Ağustos 09, 2015;Standard Class;MV-1748564;Mark Van Huff;Consumer;;Turin;Piedmont;Italy;Southern Europe;Europe;OFF-SU-4306;Office Supplies;Supplies;Fiskars Box Cutter, Steel;139,68;4;0;44,64;13,58;Medium;August;2015
16734;IT-2015-DB1291064-42223;Cuma, Ağustos 07, 2015;Salı, Ağustos 11, 2015;Standard Class;DB-1291064;Daniel Byrd;Home Office;;Parma;Emilia-Romagna;Italy;Southern Europe;Europe;OFF-AP-4964;Office Supplies;Appliances;KitchenAid Stove, Black;1708,74;3;0;563,85;100,29;Medium;August;2015
19398;ES-2015-GZ14470120-42232;Pazar, Ağustos 16, 2015;Cuma, Ağustos 21, 2015;Standard Class;GZ-14470120;Gary Zandusky;Consumer;;Oviedo;Asturias;Spain;Southern Europe;Europe;OFF-BI-3294;Office Supplies;Binders;Avery Index Tab, Durable;33,45;5;0;8,55;2,24;Medium;August;2015
10911;ES-2015-CA12055120-42243;Perşembe, Ağustos 27, 2015;Pazartesi, Ağustos 31, 2015;Standard Class;CA-12055120;Cathy Armstrong;Home Office;;Barcelona;Catalonia;Spain;Southern Europe;Europe;OFF-SU-2986;Office Supplies;Supplies;Acme Ruler, Serrated;53,64;4;0;15;3,43;Medium;August;2015
13917;ES-2015-ML18040120-42223;Cuma, Ağustos 07, 2015;Çarşamba, Ağustos 12, 2015;Standard Class;ML-18040120;Michelle Lonsdale;Corporate;;Getafe;Madrid;Spain;Southern Europe;Europe;OFF-AR-3459;Office Supplies;Art;BIC Markers, Water Color;59,22;2;0;20,7;3,95;Medium;August;2015
14566;ES-2015-TC20980120-42220;Salı, Ağustos 04, 2015;Pazartesi, Ağustos 10, 2015;Standard Class;TC-20980120;Tamara Chand;Corporate;;Mijas;Andalusía;Spain;Southern Europe;Europe;OFF-AP-4968;Office Supplies;Appliances;KitchenAid Toaster, Black;169,5;2;0;50,82;17,4;Medium;August;2015
10703;ES-2015-EL13735120-42224;Cumartesi, Ağustos 08, 2015;Cuma, Ağustos 14, 2015;Standard Class;EL-13735120;Ed Ludwig;Home Office;;Vitoria;Basque Country;Spain;Southern Europe;Europe;OFF-AP-4725;Office Supplies;Appliances;Hoover Coffee Grinder, White;267,72;4;0;7,92;26,4;Medium;August;2015
47913;MW-2015-RF984085-42231;Cumartesi, Ağustos 15, 2015;Çarşamba, Ağustos 19, 2015;Standard Class;RF-984085;Roy Französisch;Consumer;;Podgorica;Podgorica;Montenegro;Southern Europe;Europe;OFF-BI-3246;Office Supplies;Binders;Avery Binder Covers, Clear;10,53;1;0;2,4;1,33;Medium;August;2015
47335;HR-2015-SG1047030-42241;Salı, Ağustos 25, 2015;Cumartesi, Ağustos 29, 2015;Standard Class;SG-1047030;Sheri Gordon;Consumer;;Zagreb;Grad Zagreb;Croatia;Southern Europe;Europe;OFF-BI-3291;Office Supplies;Binders;Avery Hole Reinforcements, Economy;8,82;2;0;0;2,03;Medium;August;2015
47336;HR-2015-SG1047030-42241;Salı, Ağustos 25, 2015;Cumartesi, Ağustos 29, 2015;Standard Class;SG-1047030;Sheri Gordon;Consumer;;Zagreb;Grad Zagreb;Croatia;Southern Europe;Europe;OFF-ST-5711;Office Supplies;Storage;Rogers Trays, Single Width;61,71;1;0;4,29;4,25;Medium;August;2015
19758;ES-2015-JD1589514-42227;Salı, Ağustos 11, 2015;Pazar, Ağustos 16, 2015;Standard Class;JD-1589514;Jonathan Doherty;Corporate;;Antwerp;Antwerp;Belgium;Western Europe;Europe;OFF-BI-6400;Office Supplies;Binders;Wilson Jones Hole Reinforcements, Recycled;4,89;1;0;1,17;1,51;Medium;August;2015
13176;IT-2015-MF18250125-42228;Çarşamba, Ağustos 12, 2015;Pazar, Ağustos 16, 2015;Standard Class;MF-18250125;Monica Federle;Corporate;;St. Gallen;St. Gallen;Switzerland;Western Europe;Europe;OFF-FA-6205;Office Supplies;Fasteners;Stockwell Thumb Tacks, 12 Pack;50,28;4;0;15,48;2,86;Medium;August;2015
18070;IT-2015-CH12070125-42228;Çarşamba, Ağustos 12, 2015;Çarşamba, Ağustos 19, 2015;Standard Class;CH-12070125;Cathy Hwang;Home Office;;Zurich;Zürich;Switzerland;Western Europe;Europe;OFF-BI-6371;Office Supplies;Binders;Wilson Jones 3-Hole Punch, Economy;55,98;2;0;18,42;3,41;Medium;August;2015
15905;ES-2015-CC12670125-42243;Perşembe, Ağustos 27, 2015;Pazartesi, Ağustos 31, 2015;Standard Class;CC-12670125;Craig Carreira;Consumer;;Basel;Basel-Stadt;Switzerland;Western Europe;Europe;OFF-ST-4031;Office Supplies;Storage;Eldon Box, Wire Frame;46,65;5;0;14,85;4,38;Medium;August;2015
19759;ES-2015-JD1589514-42227;Salı, Ağustos 11, 2015;Pazar, Ağustos 16, 2015;Standard Class;JD-1589514;Jonathan Doherty;Corporate;;Antwerp;Antwerp;Belgium;Western Europe;Europe;OFF-AR-3447;Office Supplies;Art;BIC Canvas, Blue;107,4;2;0;8,58;12,62;Medium;August;2015
18068;IT-2015-CH12070125-42228;Çarşamba, Ağustos 12, 2015;Çarşamba, Ağustos 19, 2015;Standard Class;CH-12070125;Cathy Hwang;Home Office;;Zurich;Zürich;Switzerland;Western Europe;Europe;OFF-ST-6264;Office Supplies;Storage;Tenex Lockers, Wire Frame;406,44;2;0;125,94;37,77;Medium;August;2015
49010;AU-2015-MK79058-42220;Salı, Ağustos 04, 2015;Pazar, Ağustos 09, 2015;Standard Class;MK-79058;Michael Kennedy;Corporate;;Vienna;Vienna;Austria;Western Europe;Europe;OFF-FA-5487;Office Supplies;Fasteners;OIC Thumb Tacks, Metal;28,38;2;0;5,64;1,28;Medium;August;2015
12906;ES-2015-AG107658-42244;Cuma, Ağustos 28, 2015;Çarşamba, Eylül 02, 2015;Standard Class;AG-107658;Anthony Garverick;Home Office;;Vienna;Vienna;Austria;Western Europe;Europe;OFF-SU-6165;Office Supplies;Supplies;Stiletto Letter Opener, Easy Grip;150;5;0;28,5;14,82;Medium;August;2015
41759;AU-2015-CA19658-42242;Çarşamba, Ağustos 26, 2015;Çarşamba, Eylül 02, 2015;Standard Class;CA-19658;Carol Adams;Corporate;;Innsbruck;Tyrol;Austria;Western Europe;Europe;OFF-AR-5933;Office Supplies;Art;Sanford Sketch Pad, Water Color;291,96;6;0;137,16;29,01;Medium;August;2015
13368;ES-2015-DL1286548-42238;Cumartesi, Ağustos 22, 2015;Cuma, Ağustos 28, 2015;Standard Class;DL-1286548;Dan Lawera;Consumer;;Hagen;North Rhine-Westphalia;Germany;Western Europe;Europe;OFF-BI-6402;Office Supplies;Binders;Wilson Jones Index Tab, Clear;17,73;3;0;1,53;1,37;Medium;August;2015
20174;ES-2015-MR1754548-42218;Pazar, Ağustos 02, 2015;Cuma, Ağustos 07, 2015;Standard Class;MR-1754548;Mathew Reese;Home Office;;Krefeld;North Rhine-Westphalia;Germany;Western Europe;Europe;OFF-BI-4824;Office Supplies;Binders;Ibico Hole Reinforcements, Durable;84,9;10;0;23,7;3,23;Medium;August;2015
12182;ES-2015-JS1559548-42228;Çarşamba, Ağustos 12, 2015;Pazar, Ağustos 16, 2015;Standard Class;JS-1559548;Jill Stevenson;Corporate;;Bottrop;North Rhine-Westphalia;Germany;Western Europe;Europe;OFF-BI-6370;Office Supplies;Binders;Wilson Jones 3-Hole Punch, Durable;117,96;4;0;24,72;3,35;Medium;August;2015
20175;ES-2015-MR1754548-42218;Pazar, Ağustos 02, 2015;Cuma, Ağustos 07, 2015;Standard Class;MR-1754548;Mathew Reese;Home Office;;Krefeld;North Rhine-Westphalia;Germany;Western Europe;Europe;OFF-AR-3457;Office Supplies;Art;BIC Markers, Easy-Erase;80,1;3;0;22,41;4,19;Medium;August;2015
12185;ES-2015-JS1559548-42228;Çarşamba, Ağustos 12, 2015;Pazar, Ağustos 16, 2015;Standard Class;JS-1559548;Jill Stevenson;Corporate;;Bottrop;North Rhine-Westphalia;Germany;Western Europe;Europe;OFF-SU-6165;Office Supplies;Supplies;Stiletto Letter Opener, Easy Grip;56,76;2;0;26,64;5,14;Medium;August;2015
12184;ES-2015-JS1559548-42228;Çarşamba, Ağustos 12, 2015;Pazar, Ağustos 16, 2015;Standard Class;JS-1559548;Jill Stevenson;Corporate;;Bottrop;North Rhine-Westphalia;Germany;Western Europe;Europe;OFF-BI-2900;Office Supplies;Binders;Acco Binding Machine, Durable;473,31;9;0;113,4;6,74;Medium;August;2015
11511;ES-2015-BT1130548-42220;Salı, Ağustos 04, 2015;Pazar, Ağustos 09, 2015;Standard Class;BT-1130548;Beth Thompson;Home Office;;Herten;North Rhine-Westphalia;Germany;Western Europe;Europe;OFF-SU-4987;Office Supplies;Supplies;Kleencut Scissors, Serrated;75,96;4;0;6;7,33;Medium;August;2015
11513;ES-2015-BT1130548-42220;Salı, Ağustos 04, 2015;Pazar, Ağustos 09, 2015;Standard Class;BT-1130548;Beth Thompson;Home Office;;Herten;North Rhine-Westphalia;Germany;Western Europe;Europe;OFF-AR-5904;Office Supplies;Art;Sanford Canvas, Fluorescent;155,34;3;0;57,42;12,67;Medium;August;2015
20171;ES-2015-MR1754548-42218;Pazar, Ağustos 02, 2015;Cuma, Ağustos 07, 2015;Standard Class;MR-1754548;Mathew Reese;Home Office;;Krefeld;North Rhine-Westphalia;Germany;Western Europe;Europe;OFF-AR-3526;Office Supplies;Art;Boston Canvas, Easy-Erase;215,64;4;0;49,56;15,37;Medium;August;2015
11002;ES-2015-SC2072548-42224;Cumartesi, Ağustos 08, 2015;Perşembe, Ağustos 13, 2015;Standard Class;SC-2072548;Steven Cartwright;Consumer;;Heilbronn;Baden-Württemberg;Germany;Western Europe;Europe;OFF-AR-6121;Office Supplies;Art;Stanley Pens, Blue;50,25;5;0;24,6;3,44;Medium;August;2015
16298;ES-2015-RD1972048-42229;Perşembe, Ağustos 13, 2015;Salı, Ağustos 18, 2015;Standard Class;RD-1972048;Roger Demir;Consumer;;Offenburg;Baden-Württemberg;Germany;Western Europe;Europe;OFF-AR-3467;Office Supplies;Art;BIC Pens, Water Color;87,3;5;0;35,7;4,69;Medium;August;2015
10883;ES-2015-IM1507048-42234;Salı, Ağustos 18, 2015;Cumartesi, Ağustos 22, 2015;Standard Class;IM-1507048;Irene Maddox;Consumer;;Nuremberg;Bavaria;Germany;Western Europe;Europe;OFF-AR-5921;Office Supplies;Art;Sanford Pencil Sharpener, Easy-Erase;243,81;9;0;121,77;11,83;Medium;August;2015
10882;ES-2015-IM1507048-42234;Salı, Ağustos 18, 2015;Cumartesi, Ağustos 22, 2015;Standard Class;IM-1507048;Irene Maddox;Consumer;;Nuremberg;Bavaria;Germany;Western Europe;Europe;OFF-AR-3538;Office Supplies;Art;Boston Markers, Easy-Erase;186,48;7;0;16,59;14,8;Medium;August;2015
10884;ES-2015-IM1507048-42234;Salı, Ağustos 18, 2015;Cumartesi, Ağustos 22, 2015;Standard Class;IM-1507048;Irene Maddox;Consumer;;Nuremberg;Bavaria;Germany;Western Europe;Europe;OFF-BI-2912;Office Supplies;Binders;Acco Hole Reinforcements, Clear;18,36;3;0;0,72;1,42;Medium;August;2015
16168;ES-2015-KT1648048-42235;Çarşamba, Ağustos 19, 2015;Salı, Ağustos 25, 2015;Standard Class;KT-1648048;Kean Thornton;Consumer;;Frankfurt;Hesse;Germany;Western Europe;Europe;OFF-FA-6197;Office Supplies;Fasteners;Stockwell Rubber Bands, 12 Pack;15,96;1;0;1,59;1,68;Medium;August;2015
16486;ES-2015-KA1652548-42231;Cumartesi, Ağustos 15, 2015;Çarşamba, Ağustos 19, 2015;Standard Class;KA-1652548;Kelly Andreada;Consumer;;Reutlingen;Baden-Württemberg;Germany;Western Europe;Europe;OFF-BI-2915;Office Supplies;Binders;Acco Hole Reinforcements, Recycled;14,04;2;0;7,02;1,7;Medium;August;2015
12957;ES-2015-KF1628548-42244;Cuma, Ağustos 28, 2015;Çarşamba, Eylül 02, 2015;Standard Class;KF-1628548;Karen Ferguson;Home Office;;Cottbus;Brandenburg;Germany;Western Europe;Europe;OFF-FA-6193;Office Supplies;Fasteners;Stockwell Push Pins, 12 Pack;27,6;2;0;2,76;3,25;Medium;August;2015
16169;ES-2015-KT1648048-42235;Çarşamba, Ağustos 19, 2015;Salı, Ağustos 25, 2015;Standard Class;KT-1648048;Kean Thornton;Consumer;;Frankfurt;Hesse;Germany;Western Europe;Europe;OFF-LA-5391;Office Supplies;Labels;Novimex Removable Labels, 5000 Label Set;49,35;5;0;20,1;4,43;Medium;August;2015
13800;ES-2015-NM1852045-42221;Çarşamba, Ağustos 05, 2015;Salı, Ağustos 11, 2015;Standard Class;NM-1852045;Neoma Murray;Consumer;;Chartres;Centre-Val de Loire;France;Western Europe;Europe;OFF-LA-3273;Office Supplies;Labels;Avery File Folder Labels, Alphabetical;17,88;2;0;5,88;1,03;Medium;August;2015
11317;IT-2015-CL1270045-42225;Pazar, Ağustos 09, 2015;Cumartesi, Ağustos 15, 2015;Standard Class;CL-1270045;Craig Leslie;Home Office;;Laval;Pays de la Loire;France;Western Europe;Europe;OFF-BI-4824;Office Supplies;Binders;Ibico Hole Reinforcements, Durable;42,45;5;0;11,85;1,1;Medium;August;2015
16489;ES-2015-AG1033045-42220;Salı, Ağustos 04, 2015;Pazar, Ağustos 09, 2015;Standard Class;AG-1033045;Alex Grayson;Consumer;;Bordeaux;Aquitaine-Limousin-Poitou-Charentes;France;Western Europe;Europe;OFF-LA-5383;Office Supplies;Labels;Novimex File Folder Labels, Adjustable;18,45;3;0;3,69;1,37;Medium;August;2015
15781;ES-2015-HJ1487545-42227;Salı, Ağustos 11, 2015;Pazartesi, Ağustos 17, 2015;Standard Class;HJ-1487545;Heather Jas;Home Office;;Rillieux-la-Pape;Auvergne-Rhône-Alpes;France;Western Europe;Europe;OFF-SU-2990;Office Supplies;Supplies;Acme Scissors, Serrated;22,14;1;0;1,32;1,58;Medium;August;2015
11945;ES-2015-DW1319545-42237;Cuma, Ağustos 21, 2015;Çarşamba, Ağustos 26, 2015;Standard Class;DW-1319545;David Wiener;Corporate;;Bar-le-Duc;Alsace-Champagne-Ardenne-Lorraine;France;Western Europe;Europe;OFF-BI-3247;Office Supplies;Binders;Avery Binder Covers, Durable;25,14;2;0;3,24;1,74;Medium;August;2015
11944;ES-2015-DW1319545-42237;Cuma, Ağustos 21, 2015;Çarşamba, Ağustos 26, 2015;Standard Class;DW-1319545;David Wiener;Corporate;;Bar-le-Duc;Alsace-Champagne-Ardenne-Lorraine;France;Western Europe;Europe;OFF-BI-3251;Office Supplies;Binders;Avery Binder, Clear;24,72;2;0;2,46;1,93;Medium;August;2015
12098;ES-2015-PC1900045-42227;Salı, Ağustos 11, 2015;Cumartesi, Ağustos 15, 2015;Standard Class;PC-1900045;Pauline Chand;Home Office;;Strasbourg;Alsace-Champagne-Ardenne-Lorraine;France;Western Europe;Europe;OFF-LA-4694;Office Supplies;Labels;Hon Shipping Labels, Adjustable;27,81;3;0;9,72;2,53;Medium;August;2015
17506;ES-2015-AC1066045-42218;Pazar, Ağustos 02, 2015;Cuma, Ağustos 07, 2015;Standard Class;AC-1066045;Anna Chung;Consumer;;Brive-la-Gaillarde;Aquitaine-Limousin-Poitou-Charentes;France;Western Europe;Europe;OFF-BI-6380;Office Supplies;Binders;Wilson Jones Binder, Economy;39,06;3;0;12,06;3,11;Medium;August;2015
10809;ES-2015-JF1541545-42222;Perşembe, Ağustos 06, 2015;Pazartesi, Ağustos 10, 2015;Standard Class;JF-1541545;Jennifer Ferguson;Consumer;;Maubeuge;Nord-Pas-de-Calais-Picardie;France;Western Europe;Europe;OFF-AR-3461;Office Supplies;Art;BIC Pencil Sharpener, Easy-Erase;58,56;2;0;2,88;3,34;Medium;August;2015
12888;ES-2015-TS2116045-42229;Perşembe, Ağustos 13, 2015;Salı, Ağustos 18, 2015;Standard Class;TS-2116045;Theresa Swint;Corporate;;Tourcoing;Nord-Pas-de-Calais-Picardie;France;Western Europe;Europe;OFF-AR-5919;Office Supplies;Art;Sanford Markers, Fluorescent;122,55;5;0;48,9;3,44;Medium;August;2015
11985;ES-2015-AM1036045-42217;Cumartesi, Ağustos 01, 2015;Perşembe, Ağustos 06, 2015;Standard Class;AM-1036045;Alice McCarthy;Corporate;;Dax;Aquitaine-Limousin-Poitou-Charentes;France;Western Europe;Europe;OFF-AR-3548;Office Supplies;Art;Boston Pens, Fluorescent;46,44;3;0;7,83;4,22;Medium;August;2015
11318;IT-2015-CL1270045-42225;Pazar, Ağustos 09, 2015;Cumartesi, Ağustos 15, 2015;Standard Class;CL-1270045;Craig Leslie;Home Office;;Laval;Pays de la Loire;France;Western Europe;Europe;OFF-BI-2894;Office Supplies;Binders;Acco Binder Covers, Recycled;68,4;5;0;20,4;4,47;Medium;August;2015
16281;ES-2015-SC2057545-42235;Çarşamba, Ağustos 19, 2015;Pazartesi, Ağustos 24, 2015;Standard Class;SC-2057545;Sonia Cooley;Consumer;;Thonon-les-Bains;Auvergne-Rhône-Alpes;France;Western Europe;Europe;OFF-AR-5933;Office Supplies;Art;Sanford Sketch Pad, Water Color;145,98;3;0;68,58;5,81;Medium;August;2015
11943;ES-2015-DW1319545-42237;Cuma, Ağustos 21, 2015;Çarşamba, Ağustos 26, 2015;Standard Class;DW-1319545;David Wiener;Corporate;;Bar-le-Duc;Alsace-Champagne-Ardenne-Lorraine;France;Western Europe;Europe;OFF-BI-6379;Office Supplies;Binders;Wilson Jones Binder, Durable;72,6;5;0;2,85;7,09;Medium;August;2015
12097;ES-2015-PC1900045-42227;Salı, Ağustos 11, 2015;Cumartesi, Ağustos 15, 2015;Standard Class;PC-1900045;Pauline Chand;Home Office;;Strasbourg;Alsace-Champagne-Ardenne-Lorraine;France;Western Europe;Europe;OFF-AR-3467;Office Supplies;Art;BIC Pens, Water Color;122,22;7;0;49,98;12,43;Medium;August;2015
16490;ES-2015-AG1033045-42220;Salı, Ağustos 04, 2015;Pazar, Ağustos 09, 2015;Standard Class;AG-1033045;Alex Grayson;Consumer;;Bordeaux;Aquitaine-Limousin-Poitou-Charentes;France;Western Europe;Europe;OFF-AR-3552;Office Supplies;Art;Boston Sketch Pad, Blue;194,4;4;0;83,52;14,34;Medium;August;2015
14140;ES-2015-BM1178545-42230;Cuma, Ağustos 14, 2015;Salı, Ağustos 18, 2015;Standard Class;BM-1178545;Bryan Mills;Consumer;;Menton;Provence-Alpes-Côte d'Azur;France;Western Europe;Europe;OFF-PA-4007;Office Supplies;Paper;Eaton Parchment Paper, Premium;26,94;2;0;4,56;2,36;Medium;August;2015
12564;IT-2015-TP2156545-42231;Cumartesi, Ağustos 15, 2015;Cuma, Ağustos 21, 2015;Standard Class;TP-2156545;Tracy Poddar;Corporate;;Marseille;Provence-Alpes-Côte d'Azur;France;Western Europe;Europe;OFF-SU-4982;Office Supplies;Supplies;Kleencut Ruler, High Speed;40,68;3;0;8,91;3,79;Medium;August;2015
12563;IT-2015-TP2156545-42231;Cumartesi, Ağustos 15, 2015;Cuma, Ağustos 21, 2015;Standard Class;TP-2156545;Tracy Poddar;Corporate;;Marseille;Provence-Alpes-Côte d'Azur;France;Western Europe;Europe;OFF-LA-6030;Office Supplies;Labels;Smead Color Coded Labels, Laser Printer Compatible;78,3;6;0;36;4,14;Medium;August;2015
17902;ES-2015-HJ1487545-42236;Perşembe, Ağustos 20, 2015;Pazartesi, Ağustos 24, 2015;Standard Class;HJ-1487545;Heather Jas;Home Office;;Marseille;Provence-Alpes-Côte d'Azur;France;Western Europe;Europe;OFF-BI-3251;Office Supplies;Binders;Avery Binder, Clear;61,8;5;0;6,15;4,81;Medium;August;2015
10748;ES-2015-ML1775545-42225;Pazar, Ağustos 09, 2015;Cumartesi, Ağustos 15, 2015;Standard Class;ML-1775545;Max Ludwig;Home Office;;Pertuis;Provence-Alpes-Côte d'Azur;France;Western Europe;Europe;OFF-BI-4818;Office Supplies;Binders;Ibico Binding Machine, Recycled;258,9;5;0;46,5;5,22;Medium;August;2015
12565;IT-2015-TP2156545-42231;Cumartesi, Ağustos 15, 2015;Cuma, Ağustos 21, 2015;Standard Class;TP-2156545;Tracy Poddar;Corporate;;Marseille;Provence-Alpes-Côte d'Azur;France;Western Europe;Europe;OFF-EN-4903;Office Supplies;Envelopes;Jiffy Business Envelopes, Recycled;91,8;5;0;16,5;6,59;Medium;August;2015
10747;ES-2015-ML1775545-42225;Pazar, Ağustos 09, 2015;Cumartesi, Ağustos 15, 2015;Standard Class;ML-1775545;Max Ludwig;Home Office;;Pertuis;Provence-Alpes-Côte d'Azur;France;Western Europe;Europe;OFF-BI-2882;Office Supplies;Binders;Acco 3-Hole Punch, Durable;126,48;4;0;51,84;10,52;Medium;August;2015
19027;ES-2015-AT1073545-42241;Salı, Ağustos 25, 2015;Pazar, Ağustos 30, 2015;Standard Class;AT-1073545;Annie Thurman;Consumer;;Montrouge;Ile-de-France;France;Western Europe;Europe;OFF-FA-6204;Office Supplies;Fasteners;Stockwell Staples, Metal;21,06;2;0;5,64;1,56;Medium;August;2015
13035;ES-2015-EG1390045-42228;Çarşamba, Ağustos 12, 2015;Pazar, Ağustos 16, 2015;Standard Class;EG-1390045;Emily Grady;Consumer;;Malakoff;Ile-de-France;France;Western Europe;Europe;OFF-LA-6030;Office Supplies;Labels;Smead Color Coded Labels, Laser Printer Compatible;39,15;3;0;18;1,99;Medium;August;2015
12502;ES-2015-TC2129545-42236;Perşembe, Ağustos 20, 2015;Perşembe, Ağustos 27, 2015;Standard Class;TC-2129545;Toby Carlisle;Consumer;;Mantes-la-Ville;Ile-de-France;France;Western Europe;Europe;OFF-BI-4818;Office Supplies;Binders;Ibico Binding Machine, Recycled;103,56;2;0;18,6;5,27;Medium;August;2015
10811;ES-2015-MC1784545-42220;Salı, Ağustos 04, 2015;Pazartesi, Ağustos 10, 2015;Standard Class;MC-1784545;Michael Chen;Consumer;;Sarcelles;Ile-de-France;France;Western Europe;Europe;OFF-BI-4828;Office Supplies;Binders;Ibico Index Tab, Clear;75,33;9;0;27,81;5,44;Medium;August;2015
11525;ES-2015-CB1253545-42229;Perşembe, Ağustos 13, 2015;Çarşamba, Ağustos 19, 2015;Standard Class;CB-1253545;Claudia Bergmann;Corporate;;Le Chesnay;Ile-de-France;France;Western Europe;Europe;OFF-BI-2912;Office Supplies;Binders;Acco Hole Reinforcements, Clear;18,36;3;0;0,72;1,17;Medium;August;2015
16134;IT-2015-KN1639045-42220;Salı, Ağustos 04, 2015;Cumartesi, Ağustos 08, 2015;Standard Class;KN-1639045;Katherine Nockton;Corporate;;Fontenay-sous-Bois;Ile-de-France;France;Western Europe;Europe;OFF-SU-4317;Office Supplies;Supplies;Fiskars Scissors, Serrated;79,44;4;0;35,64;1,75;Medium;August;2015
16133;IT-2015-KN1639045-42220;Salı, Ağustos 04, 2015;Cumartesi, Ağustos 08, 2015;Standard Class;KN-1639045;Katherine Nockton;Corporate;;Fontenay-sous-Bois;Ile-de-France;France;Western Europe;Europe;OFF-SU-4125;Office Supplies;Supplies;Elite Ruler, Serrated;31,5;3;0;5,67;2,01;Medium;August;2015
11523;ES-2015-CB1253545-42229;Perşembe, Ağustos 13, 2015;Çarşamba, Ağustos 19, 2015;Standard Class;CB-1253545;Claudia Bergmann;Corporate;;Le Chesnay;Ile-de-France;France;Western Europe;Europe;OFF-FA-6201;Office Supplies;Fasteners;Stockwell Staples, 12 Pack;19,68;2;0;7,26;2,05;Medium;August;2015
19383;ES-2015-GZ1454545-42229;Perşembe, Ağustos 13, 2015;Çarşamba, Ağustos 19, 2015;Standard Class;GZ-1454545;George Zrebassa;Corporate;;Palaiseau;Ile-de-France;France;Western Europe;Europe;OFF-FA-3055;Office Supplies;Fasteners;Advantus Push Pins, Assorted Sizes;35,64;3;0;7,11;4,11;Medium;August;2015
14564;ES-2015-SM2032045-42222;Perşembe, Ağustos 06, 2015;Çarşamba, Ağustos 12, 2015;Standard Class;SM-2032045;Sean Miller;Home Office;;Fresnes;Ile-de-France;France;Western Europe;Europe;OFF-PA-4475;Office Supplies;Paper;Green Bar Message Books, Multicolor;176,4;7;0;84,63;10,74;Medium;August;2015
19382;ES-2015-GZ1454545-42229;Perşembe, Ağustos 13, 2015;Çarşamba, Ağustos 19, 2015;Standard Class;GZ-1454545;George Zrebassa;Corporate;;Palaiseau;Ile-de-France;France;Western Europe;Europe;OFF-BI-3715;Office Supplies;Binders;Cardinal 3-Hole Punch, Recycled;233,28;8;0;67,44;14,09;Medium;August;2015
13617;ES-2015-CC1222045-42244;Cuma, Ağustos 28, 2015;Salı, Eylül 01, 2015;Standard Class;CC-1222045;Chris Cortes;Consumer;;Paris;Ile-de-France;France;Western Europe;Europe;OFF-AR-5912;Office Supplies;Art;Sanford Highlighters, Fluorescent;34,02;2;0;14,28;1,2;Medium;August;2015
39412;CA-2015-RW19540140-42246;Pazar, Ağustos 30, 2015;Cumartesi, Eylül 05, 2015;Standard Class;RW-195401404;Rick Wilson;Corporate;90049;Los Angeles;California;United States;Western US;USCA;FUR-FU-4112;Furniture;Furnishings;Electrix Fluorescent Magnifier Lamps & Weighted Base;148,02;3;0;41,4456;13,93;Medium;August;2015
38384;US-2015-GA14515140-42220;Salı, Ağustos 04, 2015;Cuma, Ağustos 07, 2015;Second Class;GA-145151404;George Ashbrook;Consumer;90004;Los Angeles;California;United States;Western US;USCA;OFF-ST-4246;Office Supplies;Storage;Fellowes Bases and Tops For Staxonsteel/High-Stak Systems;99,87;3;0;23,9688;3,05;Medium;August;2015
39039;CA-2015-KT16480140-42237;Cuma, Ağustos 21, 2015;Cuma, Ağustos 28, 2015;Standard Class;KT-164801404;Kean Thornton;Consumer;90036;Los Angeles;California;United States;Western US;USCA;OFF-PA-6565;Office Supplies;Paper;Xerox 203;25,92;4;0;12,4416;1,27;Medium;August;2015
34163;US-2015-JK15370140-42230;Cuma, Ağustos 14, 2015;Cuma, Ağustos 14, 2015;Same Day;JK-153701404;Jay Kimmel;Consumer;94122;San Francisco;California;United States;Western US;USCA;OFF-FA-6129;Office Supplies;Fasteners;Staples;31,92;4;0;9,2568;5,4;High;August;2015
34160;US-2015-JK15370140-42230;Cuma, Ağustos 14, 2015;Cuma, Ağustos 14, 2015;Same Day;JK-153701404;Jay Kimmel;Consumer;94122;San Francisco;California;United States;Western US;USCA;OFF-ST-6157;Office Supplies;Storage;Sterilite Officeware Hinged File Box;31,44;3;0;8,4888;5,67;High;August;2015
34161;US-2015-JK15370140-42230;Cuma, Ağustos 14, 2015;Cuma, Ağustos 14, 2015;Same Day;JK-153701404;Jay Kimmel;Consumer;94122;San Francisco;California;United States;Western US;USCA;OFF-FA-6129;Office Supplies;Fasteners;Staples;83,79;7;0;22,6233;7,79;High;August;2015
34162;US-2015-JK15370140-42230;Cuma, Ağustos 14, 2015;Cuma, Ağustos 14, 2015;Same Day;JK-153701404;Jay Kimmel;Consumer;94122;San Francisco;California;United States;Western US;USCA;OFF-AR-5325;Office Supplies;Art;Newell 345;59,52;3;0;15,4752;8,59;High;August;2015
35928;CA-2015-BD11725140-42220;Salı, Ağustos 04, 2015;Pazar, Ağustos 09, 2015;Second Class;BD-117251404;Bruce Degenhardt;Consumer;94122;San Francisco;California;United States;Western US;USCA;OFF-LA-3191;Office Supplies;Labels;Avery 473;51,75;5;0;24,84;1,41;Medium;August;2015
35929;CA-2015-BD11725140-42220;Salı, Ağustos 04, 2015;Pazar, Ağustos 09, 2015;Second Class;BD-117251404;Bruce Degenhardt;Consumer;94122;San Francisco;California;United States;Western US;USCA;FUR-FU-3939;Furniture;Furnishings;Deflect-o EconoMat Studded, No Bevel Mat for Low Pile Carpeting;123,96;3;0;11,1564;12,82;Medium;August;2015
37751;CA-2015-EC14050140-42217;Cumartesi, Ağustos 01, 2015;Salı, Ağustos 04, 2015;First Class;EC-140501404;Erin Creighton;Consumer;94110;San Francisco;California;United States;Western US;USCA;OFF-ST-4088;Office Supplies;Storage;Eldon Portable Mobile Manager;56,56;2;0;15,2712;6,74;High;August;2015
37752;CA-2015-EC14050140-42217;Cumartesi, Ağustos 01, 2015;Salı, Ağustos 04, 2015;First Class;EC-140501404;Erin Creighton;Consumer;94110;San Francisco;California;United States;Western US;USCA;FUR-FU-5170;Furniture;Furnishings;Master Big Foot Doorstop, Beige;36,96;7;0;11,4576;4,54;High;August;2015
33694;CA-2015-NP18700140-42231;Cumartesi, Ağustos 15, 2015;Pazartesi, Ağustos 17, 2015;Second Class;NP-187001404;Nora Preis;Consumer;94109;San Francisco;California;United States;Western US;USCA;OFF-LA-3270;Office Supplies;Labels;Avery File Folder Labels;5,76;2;0;2,8224;1,83;High;August;2015
33695;CA-2015-NP18700140-42231;Cumartesi, Ağustos 15, 2015;Pazartesi, Ağustos 17, 2015;Second Class;NP-187001404;Nora Preis;Consumer;94109;San Francisco;California;United States;Western US;USCA;OFF-AR-5295;Office Supplies;Art;Newell 318;16,68;6;0;4,3368;2,26;High;August;2015
37261;CA-2015-LR17035140-42237;Cuma, Ağustos 21, 2015;Çarşamba, Ağustos 26, 2015;Standard Class;LR-170351404;Lisa Ryan;Corporate;94109;San Francisco;California;United States;Western US;USCA;OFF-SU-2976;Office Supplies;Supplies;Acme Kleencut Forged Steel Scissors;17,22;3;0;5,166;1,85;High;August;2015
37262;CA-2015-LR17035140-42237;Cuma, Ağustos 21, 2015;Çarşamba, Ağustos 26, 2015;Standard Class;LR-170351404;Lisa Ryan;Corporate;94109;San Francisco;California;United States;Western US;USCA;OFF-ST-3840;Office Supplies;Storage;Companion Letter/Legal File, Black;226,56;6;0;63,4368;9,08;High;August;2015
38208;CA-2015-EM13960140-42218;Pazar, Ağustos 02, 2015;Perşembe, Ağustos 06, 2015;Second Class;EM-139601404;Eric Murdock;Consumer;94109;San Francisco;California;United States;Western US;USCA;OFF-ST-4271;Office Supplies;Storage;Fellowes Mobile File Cart, Black;186,54;3;0;50,3658;7,56;Medium;August;2015
39232;CA-2015-RW19540140-42234;Salı, Ağustos 18, 2015;Salı, Ağustos 25, 2015;Standard Class;RW-195401404;Rick Wilson;Corporate;94513;Brentwood;California;United States;Western US;USCA;OFF-PA-6518;Office Supplies;Paper;Xerox 1962;8,56;2;0;3,852;1,11;Medium;August;2015
35754;CA-2015-MC17575140-42224;Cumartesi, Ağustos 08, 2015;Perşembe, Ağustos 13, 2015;Standard Class;MC-175751404;Matt Collins;Consumer;95123;San Jose;California;United States;Western US;USCA;OFF-PA-6441;Office Supplies;Paper;Xerox 1891;244,55;5;0;114,9385;18,12;Medium;August;2015
40480;CA-2015-JL15505140-42224;Cumartesi, Ağustos 08, 2015;Çarşamba, Ağustos 12, 2015;Standard Class;JL-155051404;Jeremy Lonsdale;Consumer;92683;Westminster;California;United States;Western US;USCA;OFF-PA-6430;Office Supplies;Paper;Xerox 1881;24,56;2;0;11,5432;2,01;High;August;2015
35049;CA-2015-DR12880140-42244;Cuma, Ağustos 28, 2015;Pazar, Ağustos 30, 2015;Second Class;DR-128801404;Dan Reichenbach;Corporate;90301;Inglewood;California;United States;Western US;USCA;OFF-PA-6360;Office Supplies;Paper;White Computer Printout Paper by Universal;116,28;3;0;56,9772;2,78;Medium;August;2015
34631;US-2015-PR18880140-42238;Cumartesi, Ağustos 22, 2015;Pazar, Ağustos 23, 2015;First Class;PR-188801404;Patrick Ryan;Consumer;94601;Oakland;California;United States;Western US;USCA;OFF-AR-5315;Office Supplies;Art;Newell 336;17,12;4;0;4,9648;2,36;Medium;August;2015
34637;US-2015-PR18880140-42238;Cumartesi, Ağustos 22, 2015;Pazar, Ağustos 23, 2015;First Class;PR-188801404;Patrick Ryan;Consumer;94601;Oakland;California;United States;Western US;USCA;OFF-LA-3244;Office Supplies;Labels;"Avery Address/Shipping Labels for Typewriters, 4"" x 2""";51,75;5;0;24,84;9,15;Medium;August;2015
34636;US-2015-PR18880140-42238;Cumartesi, Ağustos 22, 2015;Pazar, Ağustos 23, 2015;First Class;PR-188801404;Patrick Ryan;Consumer;94601;Oakland;California;United States;Western US;USCA;OFF-AP-4254;Office Supplies;Appliances;Fellowes Command Center 5-outlet power strip;203,52;3;0;54,9504;17,13;Medium;August;2015
37058;CA-2015-JM16195140-42229;Perşembe, Ağustos 13, 2015;Pazar, Ağustos 16, 2015;First Class;JM-161951404;Justin MacKendrick;Consumer;92630;Lake Forest;California;United States;Western US;USCA;OFF-AP-3179;Office Supplies;Appliances;Avanti 4.4 Cu. Ft. Refrigerator;542,94;3;0;152,0232;36,81;Medium;August;2015
40483;CA-2015-JL15505140-42224;Cumartesi, Ağustos 08, 2015;Çarşamba, Ağustos 12, 2015;Standard Class;JL-155051404;Jeremy Lonsdale;Consumer;92683;Westminster;California;United States;Western US;USCA;OFF-AP-2863;Office Supplies;Appliances;3.6 Cubic Foot Counter Height Office Refrigerator;1473,1;5;0;412,468;161,21;High;August;2015
39230;CA-2015-RW19540140-42234;Salı, Ağustos 18, 2015;Salı, Ağustos 25, 2015;Standard Class;RW-195401404;Rick Wilson;Corporate;94513;Brentwood;California;United States;Western US;USCA;OFF-FA-6129;Office Supplies;Fasteners;Staples;23,36;2;0;11,68;2,13;Medium;August;2015
39235;CA-2015-RW19540140-42234;Salı, Ağustos 18, 2015;Salı, Ağustos 25, 2015;Standard Class;RW-195401404;Rick Wilson;Corporate;94513;Brentwood;California;United States;Western US;USCA;OFF-ST-6103;Office Supplies;Storage;Standard Rollaway File with Lock;540,57;3;0;140,5482;33,69;Medium;August;2015
39234;CA-2015-RW19540140-42234;Salı, Ağustos 18, 2015;Salı, Ağustos 25, 2015;Standard Class;RW-195401404;Rick Wilson;Corporate;94513;Brentwood;California;United States;Western US;USCA;OFF-AP-5937;Office Supplies;Appliances;Sanyo 2.5 Cubic Foot Mid-Size Office Refrigerators;2518,29;9;0;654,7554;173,07;Medium;August;2015
35047;CA-2015-DR12880140-42244;Cuma, Ağustos 28, 2015;Pazar, Ağustos 30, 2015;Second Class;DR-128801404;Dan Reichenbach;Corporate;90301;Inglewood;California;United States;Western US;USCA;OFF-SU-2982;Office Supplies;Supplies;Acme Preferred Stainless Steel Scissors;28,4;5;0;8,236;2,2;Medium;August;2015
35045;CA-2015-DR12880140-42244;Cuma, Ağustos 28, 2015;Pazar, Ağustos 30, 2015;Second Class;DR-128801404;Dan Reichenbach;Corporate;90301;Inglewood;California;United States;Western US;USCA;OFF-AP-3126;Office Supplies;Appliances;APC 7 Outlet Network SurgeArrest Surge Protector;321,92;4;0;96,576;7,51;Medium;August;2015
35051;CA-2015-DR12880140-42244;Cuma, Ağustos 28, 2015;Pazar, Ağustos 30, 2015;Second Class;DR-128801404;Dan Reichenbach;Corporate;90301;Inglewood;California;United States;Western US;USCA;OFF-ST-5980;Office Supplies;Storage;Sensible Storage WireTech Storage Systems;354,9;5;0;17,745;29,01;Medium;August;2015
34633;US-2015-PR18880140-42238;Cumartesi, Ağustos 22, 2015;Pazar, Ağustos 23, 2015;First Class;PR-188801404;Patrick Ryan;Consumer;94601;Oakland;California;United States;Western US;USCA;FUR-FU-6235;Furniture;Furnishings;Tenex Chairmats For Use with Hard Floors;129,92;4;0;10,3936;17,25;Medium;August;2015
37059;CA-2015-JM16195140-42229;Perşembe, Ağustos 13, 2015;Pazar, Ağustos 16, 2015;First Class;JM-161951404;Justin MacKendrick;Consumer;92630;Lake Forest;California;United States;Western US;USCA;FUR-FU-3924;Furniture;Furnishings;DAX Wood Document Frame;54,92;4;0;19,7712;1,36;Medium;August;2015
40481;CA-2015-JL15505140-42224;Cumartesi, Ağustos 08, 2015;Çarşamba, Ağustos 12, 2015;Standard Class;JL-155051404;Jeremy Lonsdale;Consumer;92683;Westminster;California;United States;Western US;USCA;FUR-FU-4761;Furniture;Furnishings;"Howard Miller 13-3/4"" Diameter Brushed Chrome Round Wall Clock";51,75;1;0;15,525;7,23;High;August;2015
40479;CA-2015-JL15505140-42224;Cumartesi, Ağustos 08, 2015;Çarşamba, Ağustos 12, 2015;Standard Class;JL-155051404;Jeremy Lonsdale;Consumer;92683;Westminster;California;United States;Western US;USCA;TEC-AC-6077;Technology;Accessories;Sony Micro Vault Click 4 GB USB 2.0 Flash Drive;55,76;4;0;7,8064;7,37;High;August;2015
35044;CA-2015-DR12880140-42244;Cuma, Ağustos 28, 2015;Pazar, Ağustos 30, 2015;Second Class;DR-128801404;Dan Reichenbach;Corporate;90301;Inglewood;California;United States;Western US;USCA;FUR-FU-4384;Furniture;Furnishings;"GE 48"" Fluorescent Tube, Cool White Energy Saver, 34 Watts, 30/Box";198,46;2;0;99,23;12,63;Medium;August;2015
40881;CA-2015-HJ14875140-42243;Perşembe, Ağustos 27, 2015;Cuma, Ağustos 28, 2015;First Class;HJ-148751402;Heather Jas;Home Office;48234;Detroit;Michigan;United States;Central US;USCA;OFF-ST-5277;Office Supplies;Storage;Neat Ideas Personal Hanging Folder Files, Black;53,72;4;0;13,9672;6,31;Medium;August;2015
32123;CA-2015-GT14710140-42238;Cumartesi, Ağustos 22, 2015;Cumartesi, Ağustos 29, 2015;Standard Class;GT-147101402;Greg Tran;Consumer;55044;Lakeville;Minnesota;United States;Central US;USCA;OFF-FA-3051;Office Supplies;Fasteners;Advantus Plastic Paper Clips;35;7;0;16,8;1,68;Medium;August;2015
32125;CA-2015-GT14710140-42238;Cumartesi, Ağustos 22, 2015;Cumartesi, Ağustos 29, 2015;Standard Class;GT-147101402;Greg Tran;Consumer;55044;Lakeville;Minnesota;United States;Central US;USCA;OFF-EN-5974;Office Supplies;Envelopes;Security-Tint Envelopes;15,28;2;0;7,4872;1,74;Medium;August;2015
32124;CA-2015-GT14710140-42238;Cumartesi, Ağustos 22, 2015;Cumartesi, Ağustos 29, 2015;Standard Class;GT-147101402;Greg Tran;Consumer;55044;Lakeville;Minnesota;United States;Central US;USCA;OFF-SU-2972;Office Supplies;Supplies;Acme Forged Steel Scissors with Black Enamel Handles;37,24;4;0;10,7996;2,65;Medium;August;2015
36591;CA-2015-BO11350140-42232;Pazar, Ağustos 16, 2015;Perşembe, Ağustos 20, 2015;Standard Class;BO-113501402;Bill Overfelt;Corporate;55113;Roseville;Minnesota;United States;Central US;USCA;OFF-LA-3215;Office Supplies;Labels;Avery 495;50,4;8;0;23,184;6,07;High;August;2015
35558;CA-2015-CC12475140-42224;Cumartesi, Ağustos 08, 2015;Çarşamba, Ağustos 12, 2015;Standard Class;CC-124751402;Cindy Chapman;Consumer;56560;Moorhead;Minnesota;United States;Central US;USCA;TEC-AC-5207;Technology;Accessories;Memorex Micro Travel Drive 16 GB;63,96;4;0;19,8276;2,85;Medium;August;2015
35894;US-2015-MG17650140-42245;Cumartesi, Ağustos 29, 2015;Çarşamba, Eylül 02, 2015;Standard Class;MG-176501402;Matthew Grinstein;Home Office;53209;Milwaukee;Wisconsin;United States;Central US;USCA;OFF-SU-2998;Office Supplies;Supplies;Acme Stainless Steel Office Snips;21,81;3;0;5,8887;1,77;Medium;August;2015
35895;US-2015-MG17650140-42245;Cumartesi, Ağustos 29, 2015;Çarşamba, Eylül 02, 2015;Standard Class;MG-176501402;Matthew Grinstein;Home Office;53209;Milwaukee;Wisconsin;United States;Central US;USCA;OFF-AP-2886;Office Supplies;Appliances;Acco 6 Outlet Guardian Premium Plus Surge Suppressor;91,6;5;0;26,564;5,19;Medium;August;2015
37987;US-2015-LS17200140-42217;Cumartesi, Ağustos 01, 2015;Perşembe, Ağustos 06, 2015;Standard Class;LS-172001402;Luke Schmidt;Corporate;53209;Milwaukee;Wisconsin;United States;Central US;USCA;OFF-BI-2880;Office Supplies;Binders;Acco 3-Hole Punch;17,52;4;0;8,4096;1,77;Medium;August;2015
37988;US-2015-LS17200140-42217;Cumartesi, Ağustos 01, 2015;Perşembe, Ağustos 06, 2015;Standard Class;LS-172001402;Luke Schmidt;Corporate;53209;Milwaukee;Wisconsin;United States;Central US;USCA;OFF-AP-2868;Office Supplies;Appliances;3M Office Air Cleaner;155,88;6;0;54,558;13,66;Medium;August;2015
37938;CA-2015-PO18865140-42222;Perşembe, Ağustos 06, 2015;Pazartesi, Ağustos 10, 2015;Standard Class;PO-188651402;Patrick O'Donnell;Consumer;46203;Indianapolis;Indiana;United States;Central US;USCA;TEC-AC-5149;Technology;Accessories;Logitech MX Performance Wireless Mouse;79,78;2;0;29,5186;15,04;High;August;2015
33485;CA-2015-IL15100140-42227;Salı, Ağustos 11, 2015;Pazar, Ağustos 16, 2015;Standard Class;IL-151001402;Ivan Liston;Consumer;47201;Columbus;Indiana;United States;Central US;USCA;FUR-FU-6280;Furniture;Furnishings;"Tenex Traditional Chairmats for Medium Pile Carpet, Standard Lip, 36"" x 48""";121,3;2;0;25,473;11,92;Medium;August;2015
33486;CA-2015-IL15100140-42227;Salı, Ağustos 11, 2015;Pazar, Ağustos 16, 2015;Standard Class;IL-151001402;Ivan Liston;Consumer;47201;Columbus;Indiana;United States;Central US;USCA;TEC-PH-2878;Technology;Phones;Aastra 57i VoIP phone;1454,49;9;0;378,1674;141,37;Medium;August;2015
38024;CA-2015-SC20695140-42227;Salı, Ağustos 11, 2015;Pazar, Ağustos 16, 2015;Second Class;SC-206951402;Steve Chapman;Corporate;47374;Richmond;Indiana;United States;Central US;USCA;OFF-PA-6457;Office Supplies;Paper;Xerox 1906;177,2;5;0;83,284;15,75;Medium;August;2015
37937;CA-2015-PO18865140-42222;Perşembe, Ağustos 06, 2015;Pazartesi, Ağustos 10, 2015;Standard Class;PO-188651402;Patrick O'Donnell;Consumer;46203;Indianapolis;Indiana;United States;Central US;USCA;OFF-BI-5637;Office Supplies;Binders;Premium Transparent Presentation Covers by GBC;125,88;6;0;60,4224;16,16;High;August;2015
37939;CA-2015-PO18865140-42222;Perşembe, Ağustos 06, 2015;Pazartesi, Ağustos 10, 2015;Standard Class;PO-188651402;Patrick O'Donnell;Consumer;46203;Indianapolis;Indiana;United States;Central US;USCA;OFF-LA-3193;Office Supplies;Labels;Avery 475;133,2;9;0;66,6;17,88;High;August;2015
33484;CA-2015-IL15100140-42227;Salı, Ağustos 11, 2015;Pazar, Ağustos 16, 2015;Standard Class;IL-151001402;Ivan Liston;Consumer;47201;Columbus;Indiana;United States;Central US;USCA;OFF-FA-6129;Office Supplies;Fasteners;Staples;70,08;6;0;35,04;4,54;Medium;August;2015
33230;CA-2015-SV20365140-42223;Cuma, Ağustos 07, 2015;Salı, Ağustos 11, 2015;Second Class;SV-203651408;Seth Vernon;Consumer;70506;Lafayette;Louisiana;United States;Southern US;USCA;FUR-FU-5154;Furniture;Furnishings;Longer-Life Soft White Bulbs;15,4;5;0;7,392;1,89;Medium;August;2015
33229;CA-2015-SV20365140-42223;Cuma, Ağustos 07, 2015;Salı, Ağustos 11, 2015;Second Class;SV-203651408;Seth Vernon;Consumer;70506;Lafayette;Louisiana;United States;Southern US;USCA;FUR-BO-5520;Furniture;Bookcases;O'Sullivan 2-Shelf Heavy-Duty Bookcases;145,74;3;0;23,3184;10,61;Medium;August;2015
31721;CA-2015-NF18385140-42238;Cumartesi, Ağustos 22, 2015;Pazartesi, Ağustos 24, 2015;Second Class;NF-183851408;Natalie Fritzler;Consumer;39212;Jackson;Mississippi;United States;Southern US;USCA;FUR-CH-4670;Furniture;Chairs;Hon Multipurpose Stacking Arm Chairs;866,4;4;0;225,264;63,98;High;August;2015
37989;CA-2015-DR12940140-42228;Çarşamba, Ağustos 12, 2015;Cuma, Ağustos 14, 2015;Second Class;DR-129401408;Daniel Raglin;Home Office;70601;Lake Charles;Louisiana;United States;Southern US;USCA;OFF-BI-5939;Office Supplies;Binders;Satellite Sectional Post Binders;477,51;11;0;219,6546;35,02;Medium;August;2015
32739;CA-2015-PW19030140-42222;Perşembe, Ağustos 06, 2015;Pazar, Ağustos 09, 2015;First Class;PW-190301408;Pauline Webber;Corporate;40475;Richmond;Kentucky;United States;Southern US;USCA;OFF-PA-3008;Office Supplies;Paper;Adams Phone Message Book, 200 Message Capacity, 8 1/16” x 11”;13,76;2;0;6,3296;4,64;Critical;August;2015
37709;CA-2015-AH10120140-42234;Salı, Ağustos 18, 2015;Pazartesi, Ağustos 24, 2015;Standard Class;AH-101201408;Adrian Hane;Home Office;40214;Louisville;Kentucky;United States;Southern US;USCA;OFF-BI-4358;Office Supplies;Binders;GBC Prestige Therm-A-Bind Covers;102,93;3;0;48,3771;10,69;Low;August;2015
37710;CA-2015-AH10120140-42234;Salı, Ağustos 18, 2015;Pazartesi, Ağustos 24, 2015;Standard Class;AH-101201408;Adrian Hane;Home Office;40214;Louisville;Kentucky;United States;Southern US;USCA;TEC-AC-5097;Technology;Accessories;Logitech Desktop MK120 Mouse and keyboard Combo;98,16;6;0;9,816;13,93;Low;August;2015
34013;CA-2015-SC20680140-42243;Perşembe, Ağustos 27, 2015;Çarşamba, Eylül 02, 2015;Standard Class;SC-206801408;Steve Carroll;Home Office;31907;Columbus;Georgia;United States;Southern US;USCA;TEC-AC-6074;Technology;Accessories;Sony 64GB Class 10 Micro SDHC R40 Memory Card;71,98;2;0;15,1158;3,27;Medium;August;2015
35711;CA-2015-JB15400140-42236;Perşembe, Ağustos 20, 2015;Pazartesi, Ağustos 24, 2015;Standard Class;JB-154001406;Jennifer Braxton;Corporate;1841;Lawrence;Massachusetts;United States;Eastern US;USCA;OFF-BI-4275;Office Supplies;Binders;Fellowes PB300 Plastic Comb Binding Machine;387,99;1;0;182,3553;16,39;Medium;August;2015
34151;CA-2015-EM13810140-42237;Cuma, Ağustos 21, 2015;Cuma, Ağustos 21, 2015;Same Day;EM-138101406;Eleni McCrary;Corporate;2038;Franklin;Massachusetts;United States;Eastern US;USCA;OFF-ST-5277;Office Supplies;Storage;Neat Ideas Personal Hanging Folder Files, Black;40,29;3;0;10,4754;3,39;Medium;August;2015
37721;CA-2015-DO13645140-42236;Perşembe, Ağustos 20, 2015;Salı, Ağustos 25, 2015;Standard Class;DO-136451406;Doug O'Connell;Consumer;1841;Lawrence;Massachusetts;United States;Eastern US;USCA;OFF-PA-6561;Office Supplies;Paper;Xerox 200;19,44;3;0;9,3312;1,67;High;August;2015
39903;CA-2015-CM12160140-42235;Çarşamba, Ağustos 19, 2015;Pazar, Ağustos 23, 2015;Standard Class;CM-121601406;Charles McCrossin;Consumer;2740;New Bedford;Massachusetts;United States;Eastern US;USCA;TEC-AC-6340;Technology;Accessories;Verbatim 25 GB 6x Blu-ray Single Layer Recordable Disc, 10/Pack;23,18;2;0;7,6494;1,49;Medium;August;2015
33756;CA-2015-JG15160140-42232;Pazar, Ağustos 16, 2015;Cumartesi, Ağustos 22, 2015;Standard Class;JG-151601406;James Galang;Consumer;7060;Plainfield;New Jersey;United States;Eastern US;USCA;OFF-AP-4279;Office Supplies;Appliances;Fellowes Premier Superior Surge Suppressor, 10-Outlet, With Phone and Remote;97,84;2;0;25,4384;1,87;Medium;August;2015
34901;CA-2015-TH21550140-42238;Cumartesi, Ağustos 22, 2015;Cuma, Ağustos 28, 2015;Standard Class;TH-215501406;Tracy Hopkins;Home Office;21044;Columbia;Maryland;United States;Eastern US;USCA;FUR-FU-3917;Furniture;Furnishings;DAX Executive Solid Wood Document Frame, Desktop or Hang, Mahogany, 5 x 7;25,16;2;0;8,5544;1,72;Medium;August;2015
34902;CA-2015-TH21550140-42238;Cumartesi, Ağustos 22, 2015;Cuma, Ağustos 28, 2015;Standard Class;TH-215501406;Tracy Hopkins;Home Office;21044;Columbia;Maryland;United States;Eastern US;USCA;FUR-FU-5982;Furniture;Furnishings;"Seth Thomas 12"" Clock w/ Goldtone Case";91,92;4;0;31,2528;3,42;Medium;August;2015
34900;CA-2015-TH21550140-42238;Cumartesi, Ağustos 22, 2015;Cuma, Ağustos 28, 2015;Standard Class;TH-215501406;Tracy Hopkins;Home Office;21044;Columbia;Maryland;United States;Eastern US;USCA;OFF-PA-6437;Office Supplies;Paper;Xerox 1888;277,4;5;0;133,152;19,53;Medium;August;2015
39061;US-2015-BB11545140-42229;Perşembe, Ağustos 13, 2015;Perşembe, Ağustos 13, 2015;Same Day;BB-115451406;Brenda Bowman;Corporate;21044;Columbia;Maryland;United States;Eastern US;USCA;OFF-AR-5289;Office Supplies;Art;Newell 312;17,52;3;0;5,256;5,34;High;August;2015
39063;US-2015-BB11545140-42229;Perşembe, Ağustos 13, 2015;Perşembe, Ağustos 13, 2015;Same Day;BB-115451406;Brenda Bowman;Corporate;21044;Columbia;Maryland;United States;Eastern US;USCA;OFF-AR-3515;Office Supplies;Art;Boston 1645 Deluxe Heavier-Duty Electric Pencil Sharpener;219,9;5;0;59,373;17,36;High;August;2015
39062;US-2015-BB11545140-42229;Perşembe, Ağustos 13, 2015;Perşembe, Ağustos 13, 2015;Same Day;BB-115451406;Brenda Bowman;Corporate;21044;Columbia;Maryland;United States;Eastern US;USCA;FUR-CH-4620;Furniture;Chairs;Hon 4700 Series Mobuis Mid-Back Task Chairs with Adjustable Arms;1779,9;5;0;373,779;20,17;High;August;2015
41001;CA-2015-LB16795140-42217;Cumartesi, Ağustos 01, 2015;Çarşamba, Ağustos 05, 2015;Standard Class;LB-167951406;Laurel Beltran;Home Office;19805;Wilmington;Delaware;United States;Eastern US;USCA;OFF-BI-3506;Office Supplies;Binders;"Black Avery Memo-Size 3-Ring Binder, 5 1/2"" x 8 1/2""";11,01;3;0;5,3949;1,54;Medium;August;2015
40999;CA-2015-LB16795140-42217;Cumartesi, Ağustos 01, 2015;Çarşamba, Ağustos 05, 2015;Standard Class;LB-167951406;Laurel Beltran;Home Office;19805;Wilmington;Delaware;United States;Eastern US;USCA;OFF-PA-3304;Office Supplies;Paper;Avery Personal Creations Heavyweight Cards;11,54;1;0;5,5392;1,71;Medium;August;2015
41000;CA-2015-LB16795140-42217;Cumartesi, Ağustos 01, 2015;Çarşamba, Ağustos 05, 2015;Standard Class;LB-167951406;Laurel Beltran;Home Office;19805;Wilmington;Delaware;United States;Eastern US;USCA;OFF-BI-4274;Office Supplies;Binders;Fellowes PB200 Plastic Comb Binding Machine;849,95;5;0;390,977;63,11;Medium;August;2015
37696;CA-2015-GM14455140-42223;Cuma, Ağustos 07, 2015;Perşembe, Ağustos 13, 2015;Standard Class;GM-144551406;Gary Mitchum;Home Office;3301;Concord;New Hampshire;United States;Eastern US;USCA;OFF-LA-3200;Office Supplies;Labels;Avery 481;24,64;8;0;11,8272;1,96;Medium;August;2015
37697;CA-2015-GM14455140-42223;Cuma, Ağustos 07, 2015;Perşembe, Ağustos 13, 2015;Standard Class;GM-144551406;Gary Mitchum;Home Office;3301;Concord;New Hampshire;United States;Eastern US;USCA;OFF-AR-4798;Office Supplies;Art;Hunt PowerHouse Electric Pencil Sharpener, Blue;227,88;6;0;68,364;21,1;Medium;August;2015
37695;CA-2015-GM14455140-42223;Cuma, Ağustos 07, 2015;Perşembe, Ağustos 13, 2015;Standard Class;GM-144551406;Gary Mitchum;Home Office;3301;Concord;New Hampshire;United States;Eastern US;USCA;TEC-PH-3171;Technology;Phones;Ativa D5772 2-Line 5.8GHz Digital Expandable Corded/Cordless Phone System with Answering & Caller ID/Call Waiting, Black/Silver;824,95;5;0;247,485;99,1;Medium;August;2015
39338;CA-2015-CM11815140-42238;Cumartesi, Ağustos 22, 2015;Çarşamba, Ağustos 26, 2015;Second Class;CM-118151404;Candace McMahon;Corporate;98115;Seattle;Washington;United States;Western US;USCA;TEC-AC-4936;Technology;Accessories;Kensington K72356US Mouse-in-a-Box USB Desktop Mouse;33,18;2;0;11,613;2,42;Medium;August;2015
39337;CA-2015-CM11815140-42238;Cumartesi, Ağustos 22, 2015;Çarşamba, Ağustos 26, 2015;Second Class;CM-118151404;Candace McMahon;Corporate;98115;Seattle;Washington;United States;Western US;USCA;OFF-ST-4288;Office Supplies;Storage;Fellowes Stor/Drawer Steel Plus Storage Drawers;572,58;6;0;34,3548;73,04;Medium;August;2015
37508;CA-2015-YS21880140-42235;Çarşamba, Ağustos 19, 2015;Çarşamba, Ağustos 26, 2015;Standard Class;YS-218801404;Yana Sorensen;Corporate;98103;Seattle;Washington;United States;Western US;USCA;FUR-FU-3849;Furniture;Furnishings;"Contract Clock, 14"", Brown";65,94;3;0;22,4196;3,14;Medium;August;2015
39554;CA-2015-DK12895140-42229;Perşembe, Ağustos 13, 2015;Perşembe, Ağustos 20, 2015;Standard Class;DK-128951404;Dana Kaydos;Consumer;98103;Seattle;Washington;United States;Western US;USCA;TEC-AC-5589;Technology;Accessories;Perixx PERIBOARD-512B, Ergonomic Split Keyboard;174,95;5;0;12,2465;10,96;Medium;August;2015
39550;CA-2015-DK12895140-42229;Perşembe, Ağustos 13, 2015;Perşembe, Ağustos 20, 2015;Standard Class;DK-128951404;Dana Kaydos;Consumer;98103;Seattle;Washington;United States;Western US;USCA;TEC-CO-4583;Technology;Copiers;Hewlett Packard 310 Color Digital Copier;299,99;1;0;89,997;13,56;Medium;August;2015
37507;CA-2015-YS21880140-42235;Çarşamba, Ağustos 19, 2015;Çarşamba, Ağustos 26, 2015;Standard Class;YS-218801404;Yana Sorensen;Corporate;98103;Seattle;Washington;United States;Western US;USCA;OFF-ST-5076;Office Supplies;Storage;Letter Size Cart;1000,02;7;0;290,0058;63,2;Medium;August;2015
39553;CA-2015-DK12895140-42229;Perşembe, Ağustos 13, 2015;Perşembe, Ağustos 20, 2015;Standard Class;DK-128951404;Dana Kaydos;Consumer;98103;Seattle;Washington;United States;Western US;USCA;OFF-ST-5594;Office Supplies;Storage;Personal File Boxes with Fold-Down Carry Handle;46,74;3;0;11,685;5,55;Medium;August;2015
39551;CA-2015-DK12895140-42229;Perşembe, Ağustos 13, 2015;Perşembe, Ağustos 20, 2015;Standard Class;DK-128951404;Dana Kaydos;Consumer;98103;Seattle;Washington;United States;Western US;USCA;OFF-PA-6491;Office Supplies;Paper;Xerox 1937;192,16;4;0;92,2368;20,98;Medium;August;2015
40505;CA-2015-SC20230140-42220;Salı, Ağustos 04, 2015;Pazar, Ağustos 09, 2015;Second Class;SC-202301404;Scot Coram;Corporate;98105;Seattle;Washington;United States;Western US;USCA;OFF-ST-5079;Office Supplies;Storage;Letter/Legal File Tote with Clear Snap-On Lid, Black Granite;16,06;1;0;4,1756;1,69;Medium;August;2015
35573;CA-2015-NF18595140-42235;Çarşamba, Ağustos 19, 2015;Pazar, Ağustos 23, 2015;Standard Class;NF-185951404;Nicole Fjeld;Home Office;98105;Seattle;Washington;United States;Western US;USCA;OFF-ST-4291;Office Supplies;Storage;Fellowes Super Stor/Drawer Files;323,1;2;0;61,389;29,34;High;August;2015
33782;CA-2015-KN16705140-42245;Cumartesi, Ağustos 29, 2015;Cuma, Eylül 04, 2015;Standard Class;KN-167051404;Kristina Nunn;Home Office;98105;Seattle;Washington;United States;Western US;USCA;OFF-AR-5324;Office Supplies;Art;Newell 344;5,56;2;0;1,4456;1,34;Medium;August;2015
33780;CA-2015-KN16705140-42245;Cumartesi, Ağustos 29, 2015;Cuma, Eylül 04, 2015;Standard Class;KN-167051404;Kristina Nunn;Home Office;98105;Seattle;Washington;United States;Western US;USCA;FUR-TA-4675;Furniture;Tables;Hon Practical Foundations 30 x 60 Training Table, Light Gray/Charcoal;1137,75;5;0;250,305;98,35;Medium;August;2015
36908;CA-2015-HW14935140-42235;Çarşamba, Ağustos 19, 2015;Pazar, Ağustos 23, 2015;Standard Class;HW-149351404;Helen Wasserman;Corporate;98105;Seattle;Washington;United States;Western US;USCA;TEC-AC-5610;Technology;Accessories;Plantronics Savi W720 Multi-Device Wireless Headset System;843,9;2;0;371,316;92,93;High;August;2015
36909;CA-2015-HW14935140-42235;Çarşamba, Ağustos 19, 2015;Pazar, Ağustos 23, 2015;Standard Class;HW-149351404;Helen Wasserman;Corporate;98105;Seattle;Washington;United States;Western US;USCA;TEC-AC-4870;Technology;Accessories;Imation Bio 8GB USB Flash Drive Imation Corp;1496,16;9;0;224,424;142,08;High;August;2015
40681;CA-2015-SJ20125140-42228;Çarşamba, Ağustos 12, 2015;Pazartesi, Ağustos 17, 2015;Standard Class;SJ-201251406;Sanjit Jacobs;Home Office;10009;New York City;New York;United States;Eastern US;USCA;OFF-PA-6590;Office Supplies;Paper;Xerox 226;25,92;4;0;12,4416;2,01;Medium;August;2015
33092;US-2015-MR17545140-42244;Cuma, Ağustos 28, 2015;Pazartesi, Ağustos 31, 2015;First Class;MR-175451406;Mathew Reese;Home Office;10024;New York City;New York;United States;Eastern US;USCA;OFF-ST-4891;Office Supplies;Storage;Iris Project Case;63,84;8;0;16,5984;12,58;High;August;2015
33093;US-2015-MR17545140-42244;Cuma, Ağustos 28, 2015;Pazartesi, Ağustos 31, 2015;First Class;MR-175451406;Mathew Reese;Home Office;10024;New York City;New York;United States;Eastern US;USCA;TEC-PH-4381;Technology;Phones;GE 30522EE2;347,97;3;0;100,9113;88,39;High;August;2015
38699;CA-2015-SH20395140-42223;Cuma, Ağustos 07, 2015;Salı, Ağustos 11, 2015;Standard Class;SH-203951406;Shahid Hopkins;Consumer;10011;New York City;New York;United States;Eastern US;USCA;OFF-SU-2963;Office Supplies;Supplies;"Acme 10"" Easy Grip Assistive Scissors";70,12;4;0;21,036;6,78;High;August;2015
31914;CA-2015-NG18355140-42235;Çarşamba, Ağustos 19, 2015;Pazartesi, Ağustos 24, 2015;Second Class;NG-183551406;Nat Gilpin;Corporate;10011;New York City;New York;United States;Eastern US;USCA;FUR-FU-3923;Furniture;Furnishings;DAX Value U-Channel Document Frames, Easel Back;9,94;2;0;3,0814;1,73;Medium;August;2015
31913;CA-2015-NG18355140-42235;Çarşamba, Ağustos 19, 2015;Pazartesi, Ağustos 24, 2015;Second Class;NG-183551406;Nat Gilpin;Corporate;10011;New York City;New York;United States;Eastern US;USCA;FUR-FU-3918;Furniture;Furnishings;DAX Metal Frame, Desktop, Stepped-Edge;40,48;2;0;15,7872;2,12;Medium;August;2015
31916;CA-2015-NG18355140-42235;Çarşamba, Ağustos 19, 2015;Pazartesi, Ağustos 24, 2015;Second Class;NG-183551406;Nat Gilpin;Corporate;10011;New York City;New York;United States;Eastern US;USCA;TEC-PH-4458;Technology;Phones;Grandstream GXP1160 VoIP phone;37,91;1;0;10,9939;2,22;Medium;August;2015
31917;CA-2015-NG18355140-42235;Çarşamba, Ağustos 19, 2015;Pazartesi, Ağustos 24, 2015;Second Class;NG-183551406;Nat Gilpin;Corporate;10011;New York City;New York;United States;Eastern US;USCA;FUR-FU-5985;Furniture;Furnishings;"Seth Thomas 14"" Putty-Colored Wall Clock";88,02;3;0;27,2862;5,17;Medium;August;2015
34870;CA-2015-JW15955140-42224;Cumartesi, Ağustos 08, 2015;Perşembe, Ağustos 13, 2015;Standard Class;JW-159551406;Joni Wasserman;Consumer;11561;Long Beach;New York;United States;Eastern US;USCA;OFF-AR-5653;Office Supplies;Art;Quartet Omega Colored Chalk, 12/Pack;11,68;2;0;5,4896;1,24;Medium;August;2015
34871;CA-2015-JW15955140-42224;Cumartesi, Ağustos 08, 2015;Perşembe, Ağustos 13, 2015;Standard Class;JW-159551406;Joni Wasserman;Consumer;11561;Long Beach;New York;United States;Eastern US;USCA;OFF-FA-6129;Office Supplies;Fasteners;Staples;104,8;10;0;26,2;7,99;Medium;August;2015
35787;CA-2015-JM15250140-42231;Cumartesi, Ağustos 15, 2015;Cumartesi, Ağustos 22, 2015;Standard Class;JM-152501404;Janet Martin;Consumer;90032;Los Angeles;California;United States;Western US;USCA;FUR-TA-3768;Furniture;Tables;Chromcraft Round Conference Tables;418,296;3;0,2;5,2287;39,44;Low;August;2015
36531;CA-2015-TM21490140-42239;Pazar, Ağustos 23, 2015;Pazartesi, Ağustos 24, 2015;First Class;TM-214901404;Tony Molinari;Consumer;94110;San Francisco;California;United States;Western US;USCA;FUR-TA-4676;Furniture;Tables;Hon Racetrack Conference Tables;210,008;1;0,2;2,6251;65,94;High;August;2015
37263;CA-2015-LR17035140-42237;Cuma, Ağustos 21, 2015;Çarşamba, Ağustos 26, 2015;Standard Class;LR-170351404;Lisa Ryan;Corporate;94109;San Francisco;California;United States;Western US;USCA;TEC-PH-5606;Technology;Phones;Plantronics Encore H101 Dual Earpieces Headset;107,88;3;0,2;10,788;11,71;High;August;2015
38672;CA-2015-MK17905140-42230;Cuma, Ağustos 14, 2015;Cuma, Ağustos 21, 2015;Standard Class;MK-179051404;Michael Kennedy;Corporate;92037;San Diego;California;United States;Western US;USCA;OFF-BI-4357;Office Supplies;Binders;GBC Prepunched Paper, 19-Hole, for Binding Systems, 24-lb;36,024;3;0,2;11,7078;1,71;Medium;August;2015
35402;US-2015-JK15370140-42224;Cumartesi, Ağustos 08, 2015;Cuma, Ağustos 14, 2015;Standard Class;JK-153701404;Jay Kimmel;Consumer;92105;San Diego;California;United States;Western US;USCA;OFF-BI-3307;Office Supplies;Binders;Avery Printable Repositionable Plastic Tabs;13,76;2;0,2;4,644;1,64;Medium;August;2015
35401;US-2015-JK15370140-42224;Cumartesi, Ağustos 08, 2015;Cuma, Ağustos 14, 2015;Standard Class;JK-153701404;Jay Kimmel;Consumer;92105;San Diego;California;United States;Western US;USCA;TEC-PH-4385;Technology;Phones;GE DSL Phone Line Filter;159,96;5;0,2;17,9955;9,23;Medium;August;2015
39233;CA-2015-RW19540140-42234;Salı, Ağustos 18, 2015;Salı, Ağustos 25, 2015;Standard Class;RW-195401404;Rick Wilson;Corporate;94513;Brentwood;California;United States;Western US;USCA;OFF-BI-6387;Office Supplies;Binders;Wilson Jones Clip & Carry Folder Binder Tool for Ring Binders, Clear;13,92;3;0,2;4,872;1,33;Medium;August;2015
39236;CA-2015-RW19540140-42234;Salı, Ağustos 18, 2015;Salı, Ağustos 25, 2015;Standard Class;RW-195401404;Rick Wilson;Corporate;94513;Brentwood;California;United States;Western US;USCA;OFF-BI-4362;Office Supplies;Binders;GBC Recycled Grain Textured Covers;221,056;8;0,2;77,3696;22,01;Medium;August;2015
34635;US-2015-PR18880140-42238;Cumartesi, Ağustos 22, 2015;Pazar, Ağustos 23, 2015;First Class;PR-188801404;Patrick Ryan;Consumer;94601;Oakland;California;United States;Western US;USCA;OFF-BI-2908;Office Supplies;Binders;"Acco Flexible ACCOHIDE Square Ring Data Binder, Dark Blue, 11 1/2"" X 14"" 7/8""";117,144;9;0,2;42,4647;3,65;Medium;August;2015
40477;CA-2015-JL15505140-42224;Cumartesi, Ağustos 08, 2015;Çarşamba, Ağustos 12, 2015;Standard Class;JL-155051404;Jeremy Lonsdale;Consumer;92683;Westminster;California;United States;Western US;USCA;OFF-BI-3729;Office Supplies;Binders;Cardinal Holdit Business Card Pockets;11,952;3;0,2;4,1832;1,97;High;August;2015
40478;CA-2015-JL15505140-42224;Cumartesi, Ağustos 08, 2015;Çarşamba, Ağustos 12, 2015;Standard Class;JL-155051404;Jeremy Lonsdale;Consumer;92683;Westminster;California;United States;Western US;USCA;OFF-BI-5188;Office Supplies;Binders;"Mead 1st Gear 2"" Zipper Binder, Asst. Colors";31,128;3;0,2;11,673;3,94;High;August;2015
33482;CA-2015-HK14890140-42218;Pazar, Ağustos 02, 2015;Çarşamba, Ağustos 05, 2015;Second Class;HK-148901404;Heather Kirkland;Corporate;93905;Salinas;California;United States;Western US;USCA;OFF-BI-4358;Office Supplies;Binders;GBC Prestige Therm-A-Bind Covers;54,896;2;0,2;18,5274;6,43;Critical;August;2015
33321;US-2015-GM14500140-42237;Cuma, Ağustos 21, 2015;Pazar, Ağustos 23, 2015;Second Class;GM-145001404;Gene McClure;Consumer;93727;Fresno;California;United States;Western US;USCA;OFF-BI-4363;Office Supplies;Binders;GBC Recycled Regency Composition Covers;239,12;5;0,2;77,714;23,63;Medium;August;2015
35050;CA-2015-DR12880140-42244;Cuma, Ağustos 28, 2015;Pazar, Ağustos 30, 2015;Second Class;DR-128801404;Dan Reichenbach;Corporate;90301;Inglewood;California;United States;Western US;USCA;OFF-BI-4338;Office Supplies;Binders;GBC DocuBind 300 Electric Binding Machine;841,568;2;0,2;294,5488;17,1;Medium;August;2015
39231;CA-2015-RW19540140-42234;Salı, Ağustos 18, 2015;Salı, Ağustos 25, 2015;Standard Class;RW-195401404;Rick Wilson;Corporate;94513;Brentwood;California;United States;Western US;USCA;TEC-PH-5535;Technology;Phones;OtterBox Defender Series Case - Samsung Galaxy S4;71,976;3;0,2;8,997;5,04;Medium;August;2015
34632;US-2015-PR18880140-42238;Cumartesi, Ağustos 22, 2015;Pazar, Ağustos 23, 2015;First Class;PR-188801404;Patrick Ryan;Consumer;94601;Oakland;California;United States;Western US;USCA;TEC-PH-3782;Technology;Phones;Cisco 8x8 Inc. 6753i IP Business Phone System;431,968;4;0,2;37,7972;37,76;Medium;August;2015
34634;US-2015-PR18880140-42238;Cumartesi, Ağustos 22, 2015;Pazar, Ağustos 23, 2015;First Class;PR-188801404;Patrick Ryan;Consumer;94601;Oakland;California;United States;Western US;USCA;FUR-TA-3767;Furniture;Tables;Chromcraft Rectangular Conference Tables;568,728;3;0,2;28,4364;104,24;Medium;August;2015
40482;CA-2015-JL15505140-42224;Cumartesi, Ağustos 08, 2015;Çarşamba, Ağustos 12, 2015;Standard Class;JL-155051404;Jeremy Lonsdale;Consumer;92683;Westminster;California;United States;Western US;USCA;FUR-CH-4406;Furniture;Chairs;Global Enterprise Series Seating Low-Back Swivel/Tilt Chairs;207,184;1;0,2;25,898;26,94;High;August;2015
40476;CA-2015-JL15505140-42224;Cumartesi, Ağustos 08, 2015;Çarşamba, Ağustos 12, 2015;Standard Class;JL-155051404;Jeremy Lonsdale;Consumer;92683;Westminster;California;United States;Western US;USCA;TEC-PH-5625;Technology;Phones;Polycom VoiceStation 500 Conference phone;707,88;3;0,2;44,2425;106,23;High;August;2015
35048;CA-2015-DR12880140-42244;Cuma, Ağustos 28, 2015;Pazar, Ağustos 30, 2015;Second Class;DR-128801404;Dan Reichenbach;Corporate;90301;Inglewood;California;United States;Western US;USCA;FUR-CH-3433;Furniture;Chairs;Bevis Steel Folding Chairs;230,28;3;0,2;23,028;32,16;Medium;August;2015
35046;CA-2015-DR12880140-42244;Cuma, Ağustos 28, 2015;Pazar, Ağustos 30, 2015;Second Class;DR-128801404;Dan Reichenbach;Corporate;90301;Inglewood;California;United States;Western US;USCA;TEC-CO-5988;Technology;Copiers;Sharp 1540cs Digital Laser Copier;879,984;2;0,2;329,994;67,42;Medium;August;2015
36826;CA-2015-TB21355140-42223;Cuma, Ağustos 07, 2015;Çarşamba, Ağustos 12, 2015;Standard Class;TB-213551402;Todd Boyes;Corporate;75104;Cedar Hill;Texas;United States;Central US;USCA;OFF-PA-2859;Office Supplies;Paper;14-7/8 x 11 Blue Bar Computer Printout Paper;115,296;3;0,2;40,3536;9,69;Medium;August;2015
35323;CA-2015-SF20965140-42228;Çarşamba, Ağustos 12, 2015;Cuma, Ağustos 14, 2015;First Class;SF-209651402;Sylvia Foulston;Corporate;76021;Bedford;Texas;United States;Central US;USCA;OFF-AR-3443;Office Supplies;Art;BIC Brite Liner Grip Highlighters;9,184;7;0,2;2,87;1,52;High;August;2015
35322;CA-2015-SF20965140-42228;Çarşamba, Ağustos 12, 2015;Cuma, Ağustos 14, 2015;First Class;SF-209651402;Sylvia Foulston;Corporate;76021;Bedford;Texas;United States;Central US;USCA;OFF-PA-6420;Office Supplies;Paper;"Wirebound Message Books, Four 2 3/4"" x 5"" Forms per Page, 600 Sets per Book";29,664;4;0,2;10,0116;3,96;High;August;2015
35324;CA-2015-SF20965140-42228;Çarşamba, Ağustos 12, 2015;Cuma, Ağustos 14, 2015;First Class;SF-209651402;Sylvia Foulston;Corporate;76021;Bedford;Texas;United States;Central US;USCA;TEC-PH-5649;Technology;Phones;Pyle PMP37LED;153,584;2;0,2;13,4386;25,46;High;August;2015
33131;CA-2015-AS10045140-42218;Pazar, Ağustos 02, 2015;Cumartesi, Ağustos 08, 2015;Standard Class;AS-100451402;Aaron Smayling;Corporate;78745;Austin;Texas;United States;Central US;USCA;OFF-PA-6557;Office Supplies;Paper;Xerox 1998;36,288;7;0,2;12,7008;1,99;Medium;August;2015
38948;CA-2015-CK12205140-42224;Cumartesi, Ağustos 08, 2015;Pazar, Ağustos 09, 2015;First Class;CK-122051402;Chloris Kastensmidt;Consumer;75081;Dallas;Texas;United States;Central US;USCA;TEC-AC-5113;Technology;Accessories;Logitech K350 2.4Ghz Wireless Keyboard;119,448;3;0,2;-13,4379;13,12;High;August;2015
34214;CA-2015-SE20110140-42244;Cuma, Ağustos 28, 2015;Pazartesi, Ağustos 31, 2015;First Class;SE-201101402;Sanjit Engle;Consumer;75220;Dallas;Texas;United States;Central US;USCA;OFF-AR-4010;Office Supplies;Art;"Eberhard Faber 3 1/2"" Golf Pencils";5,952;1;0,2;0,372;1,94;Medium;August;2015
32809;CA-2015-RA19915140-42235;Çarşamba, Ağustos 19, 2015;Pazar, Ağustos 23, 2015;Standard Class;RA-199151402;Russell Applegate;Consumer;75220;Dallas;Texas;United States;Central US;USCA;OFF-ST-5804;Office Supplies;Storage;Safco Steel Mobile File Cart;200,064;3;0,2;12,504;13,8;Medium;August;2015
38949;CA-2015-CK12205140-42224;Cumartesi, Ağustos 08, 2015;Pazar, Ağustos 09, 2015;First Class;CK-122051402;Chloris Kastensmidt;Consumer;75081;Dallas;Texas;United States;Central US;USCA;OFF-ST-5782;Office Supplies;Storage;Safco Industrial Shelving;118,16;2;0,2;-25,109;19,97;High;August;2015
38482;CA-2015-ED13885140-42234;Salı, Ağustos 18, 2015;Salı, Ağustos 25, 2015;Standard Class;ED-138851402;Emily Ducich;Home Office;77095;Houston;Texas;United States;Central US;USCA;OFF-AR-3276;Office Supplies;Art;Avery Fluorescent Highlighter Four-Color Set;8,016;3;0,2;1,002;1,08;Medium;August;2015
38481;CA-2015-ED13885140-42234;Salı, Ağustos 18, 2015;Salı, Ağustos 25, 2015;Standard Class;ED-138851402;Emily Ducich;Home Office;77095;Houston;Texas;United States;Central US;USCA;OFF-SU-2931;Office Supplies;Supplies;Acco Side-Punched Conventional Columnar Pads;5,552;2;0,2;-1,041;1,39;Medium;August;2015
37377;CA-2015-NZ18565140-42222;Perşembe, Ağustos 06, 2015;Pazar, Ağustos 09, 2015;First Class;NZ-185651402;Nick Zandusky;Home Office;77070;Houston;Texas;United States;Central US;USCA;OFF-ST-6292;Office Supplies;Storage;Tennsco Lockers, Sand;151,056;9;0,2;7,5528;36,79;High;August;2015
35534;CA-2015-MD17860140-42246;Pazar, Ağustos 30, 2015;Cuma, Eylül 04, 2015;Second Class;MD-178601406;Michael Dominguez;Corporate;19134;Philadelphia;Pennsylvania;United States;Eastern US;USCA;OFF-AR-5301;Office Supplies;Art;Newell 323;9,408;7;0,2;0,7056;1,64;Medium;August;2015
33521;CA-2015-EA14035140-42217;Cumartesi, Ağustos 01, 2015;Perşembe, Ağustos 06, 2015;Standard Class;EA-140351406;Erin Ashbrook;Corporate;19134;Philadelphia;Pennsylvania;United States;Eastern US;USCA;OFF-PA-6550;Office Supplies;Paper;Xerox 1991;54,816;3;0,2;17,8152;2,07;Medium;August;2015
37367;CA-2015-KD16495140-42230;Cuma, Ağustos 14, 2015;Cuma, Ağustos 21, 2015;Standard Class;KD-164951406;Keith Dawkins;Corporate;19120;Philadelphia;Pennsylvania;United States;Eastern US;USCA;OFF-LA-3205;Office Supplies;Labels;Avery 486;17,544;3;0,2;5,9211;1,81;Low;August;2015
33831;US-2015-DL13495140-42232;Pazar, Ağustos 16, 2015;Çarşamba, Ağustos 19, 2015;Second Class;DL-134951406;Dionis Lloyd;Corporate;19120;Philadelphia;Pennsylvania;United States;Eastern US;USCA;OFF-ST-6294;Office Supplies;Storage;Tennsco Single-Tier Lockers;1801,632;6;0,2;-337,806;356,88;High;August;2015
40231;CA-2015-BP11185140-42244;Cuma, Ağustos 28, 2015;Cuma, Ağustos 28, 2015;Same Day;BP-111851406;Ben Peterman;Corporate;19120;Philadelphia;Pennsylvania;United States;Eastern US;USCA;OFF-PA-6539;Office Supplies;Paper;Xerox 1981;12,672;3;0,2;3,96;4,31;Critical;August;2015
40232;CA-2015-BP11185140-42244;Cuma, Ağustos 28, 2015;Cuma, Ağustos 28, 2015;Same Day;BP-111851406;Ben Peterman;Corporate;19120;Philadelphia;Pennsylvania;United States;Eastern US;USCA;TEC-AC-5142;Technology;Accessories;Logitech Wireless Headset h800;1119,888;14;0,2;209,979;212,12;Critical;August;2015
33216;US-2015-EH13765140-42234;Salı, Ağustos 18, 2015;Perşembe, Ağustos 20, 2015;First Class;EH-137651406;Edward Hooks;Corporate;13601;Watertown;New York;United States;Eastern US;USCA;OFF-BI-4342;Office Supplies;Binders;GBC DocuBind TL200 Manual Binding Machine;895,92;5;0,2;302,373;203,94;Medium;August;2015
40566;US-2015-PK19075140-42238;Cumartesi, Ağustos 22, 2015;Cumartesi, Ağustos 29, 2015;Standard Class;PK-190751406;Pete Kriz;Consumer;10035;New York City;New York;United States;Eastern US;USCA;OFF-BI-3301;Office Supplies;Binders;Avery Metallic Poly Binders;32,088;7;0,2;11,2308;1,9;Medium;August;2015
40567;US-2015-PK19075140-42238;Cumartesi, Ağustos 22, 2015;Cumartesi, Ağustos 29, 2015;Standard Class;PK-190751406;Pete Kriz;Consumer;10035;New York City;New York;United States;Eastern US;USCA;OFF-BI-4343;Office Supplies;Binders;GBC DocuBind TL300 Electric Binding System;4305,552;6;0,2;1453,1238;398,64;Medium;August;2015
36700;CA-2015-AH10195140-42241;Salı, Ağustos 25, 2015;Pazar, Ağustos 30, 2015;Standard Class;AH-101951406;Alan Haines;Corporate;10024;New York City;New York;United States;Eastern US;USCA;OFF-BI-2936;Office Supplies;Binders;Acco Translucent Poly Ring Binders;3,744;1;0,2;1,3104;1,25;Medium;August;2015
36699;CA-2015-AH10195140-42241;Salı, Ağustos 25, 2015;Pazar, Ağustos 30, 2015;Standard Class;AH-101951406;Alan Haines;Corporate;10024;New York City;New York;United States;Eastern US;USCA;OFF-BI-3983;Office Supplies;Binders;DXL Angle-View Binders with Locking Rings by Samsill;24,672;4;0,2;7,71;1,62;Medium;August;2015
31915;CA-2015-NG18355140-42235;Çarşamba, Ağustos 19, 2015;Pazartesi, Ağustos 24, 2015;Second Class;NG-183551406;Nat Gilpin;Corporate;10011;New York City;New York;United States;Eastern US;USCA;OFF-BI-5665;Office Supplies;Binders;Recycled Easel Ring Binders;107,424;9;0,2;33,57;6,51;Medium;August;2015
33094;US-2015-MR17545140-42244;Cuma, Ağustos 28, 2015;Pazartesi, Ağustos 31, 2015;First Class;MR-175451406;Mathew Reese;Home Office;10024;New York City;New York;United States;Eastern US;USCA;OFF-BI-3983;Office Supplies;Binders;DXL Angle-View Binders with Locking Rings by Samsill;37,008;6;0,2;11,565;4,69;High;August;2015
38008;CA-2015-PJ19015140-42235;Çarşamba, Ağustos 19, 2015;Cumartesi, Ağustos 22, 2015;Second Class;PJ-190151406;Pauline Johnson;Consumer;43229;Columbus;Ohio;United States;Eastern US;USCA;OFF-AR-5303;Office Supplies;Art;Newell 325;9,912;3;0,2;1,239;1,8;High;August;2015
41278;CA-2015-TB21055140-42220;Salı, Ağustos 04, 2015;Cuma, Ağustos 07, 2015;First Class;TB-210551406;Ted Butterfield;Consumer;45014;Fairfield;Ohio;United States;Eastern US;USCA;OFF-LA-3194;Office Supplies;Labels;Avery 476;16,52;5;0,2;5,369;1,87;Medium;August;2015
39210;US-2015-JE15715140-42242;Çarşamba, Ağustos 26, 2015;Cuma, Ağustos 28, 2015;First Class;JE-157151406;Joe Elijah;Consumer;44105;Cleveland;Ohio;United States;Eastern US;USCA;OFF-ST-5079;Office Supplies;Storage;Letter/Legal File Tote with Clear Snap-On Lid, Black Granite;25,696;2;0,2;1,9272;2,52;Medium;August;2015
37322;CA-2015-DM13015140-42241;Salı, Ağustos 25, 2015;Perşembe, Ağustos 27, 2015;Second Class;DM-130151406;Darrin Martin;Consumer;43130;Lancaster;Ohio;United States;Eastern US;USCA;OFF-PA-6522;Office Supplies;Paper;Xerox 1966;10,368;2;0,2;3,7584;1,39;High;August;2015
37321;CA-2015-DM13015140-42241;Salı, Ağustos 25, 2015;Perşembe, Ağustos 27, 2015;Second Class;DM-130151406;Darrin Martin;Consumer;43130;Lancaster;Ohio;United States;Eastern US;USCA;OFF-AP-3178;Office Supplies;Appliances;Avanti 1.7 Cu. Ft. Refrigerator;646,272;8;0,2;64,6272;94,81;High;August;2015
35081;CA-2015-EH14125140-42217;Cumartesi, Ağustos 01, 2015;Çarşamba, Ağustos 05, 2015;Standard Class;EH-141251408;Eugene Hildebrand;Home Office;33311;Fort Lauderdale;Florida;United States;Southern US;USCA;TEC-AC-6316;Technology;Accessories;TRENDnet 56K USB 2.0 Phone, Internet and Fax Modem;41,424;2;0,2;8,2848;2,96;Medium;August;2015
34159;CA-2015-RH19495140-42229;Perşembe, Ağustos 13, 2015;Salı, Ağustos 18, 2015;Standard Class;RH-194951408;Rick Hansen;Consumer;32839;Orlando;Florida;United States;Southern US;USCA;OFF-PA-6562;Office Supplies;Paper;Xerox 2000;20,736;4;0,2;7,2576;2,64;High;August;2015
39872;CA-2015-ST20530140-42244;Cuma, Ağustos 28, 2015;Pazartesi, Ağustos 31, 2015;Second Class;ST-205301408;Shui Tom;Consumer;34952;Port Saint Lucie;Florida;United States;Southern US;USCA;OFF-AP-4734;Office Supplies;Appliances;Hoover Portapower Portable Vacuum;14,336;4;0,2;0,896;2,35;High;August;2015
35597;CA-2015-PO18850140-42240;Pazartesi, Ağustos 24, 2015;Perşembe, Ağustos 27, 2015;Second Class;PO-188501408;Patrick O'Brill;Consumer;32303;Tallahassee;Florida;United States;Southern US;USCA;FUR-FU-4092;Furniture;Furnishings;Eldon Regeneration Recycled Desk Accessories, Smoke;2,784;2;0,2;0,4176;1,14;Medium;August;2015
35598;CA-2015-PO18850140-42240;Pazartesi, Ağustos 24, 2015;Perşembe, Ağustos 27, 2015;Second Class;PO-188501408;Patrick O'Brill;Consumer;32303;Tallahassee;Florida;United States;Southern US;USCA;OFF-PA-3113;Office Supplies;Paper;"Ampad Evidence Wirebond Steno Books, 6"" x 9""";8,72;5;0,2;2,943;1,45;Medium;August;2015
35595;CA-2015-PO18850140-42240;Pazartesi, Ağustos 24, 2015;Perşembe, Ağustos 27, 2015;Second Class;PO-188501408;Patrick O'Brill;Consumer;32303;Tallahassee;Florida;United States;Southern US;USCA;OFF-PA-4838;Office Supplies;Paper;"IBM Multi-Purpose Copy Paper, 8 1/2 x 11"", Case";49,568;2;0,2;15,49;6,15;Medium;August;2015
35596;CA-2015-PO18850140-42240;Pazartesi, Ağustos 24, 2015;Perşembe, Ağustos 27, 2015;Second Class;PO-188501408;Patrick O'Brill;Consumer;32303;Tallahassee;Florida;United States;Southern US;USCA;OFF-AP-4240;Office Supplies;Appliances;Fellowes 8 Outlet Superior Workstation Surge Protector w/o Phone/Fax/Modem Protection;161,376;6;0,2;12,1032;12,44;Medium;August;2015
35594;CA-2015-PO18850140-42240;Pazartesi, Ağustos 24, 2015;Perşembe, Ağustos 27, 2015;Second Class;PO-188501408;Patrick O'Brill;Consumer;32303;Tallahassee;Florida;United States;Southern US;USCA;TEC-PH-5817;Technology;Phones;Samsung Galaxy Mega 6.3;4367,896;13;0,2;327,5922;609,44;Medium;August;2015
34678;US-2015-SP20620140-42244;Cuma, Ağustos 28, 2015;Pazartesi, Ağustos 31, 2015;First Class;SP-206201408;Stefania Perrino;Corporate;33614;Tampa;Florida;United States;Southern US;USCA;OFF-EN-3850;Office Supplies;Envelopes;Convenience Packs of Business Envelopes;2,896;1;0,2;0,9774;1,51;Medium;August;2015
40682;CA-2015-SF20200140-42244;Cuma, Ağustos 28, 2015;Salı, Eylül 01, 2015;Standard Class;SF-202001404;Sarah Foster;Consumer;85204;Mesa;Arizona;United States;Western US;USCA;FUR-FU-4329;Furniture;Furnishings;Flat Face Poster Frame;120,576;8;0,2;33,1584;13,9;High;August;2015
37712;CA-2015-DL13495140-42238;Cumartesi, Ağustos 22, 2015;Cumartesi, Ağustos 22, 2015;Same Day;DL-134951404;Dionis Lloyd;Corporate;85224;Chandler;Arizona;United States;Western US;USCA;OFF-PA-6496;Office Supplies;Paper;Xerox 1941;83,88;1;0,2;29,358;9,42;High;August;2015
40102;US-2015-DO13435140-42236;Perşembe, Ağustos 20, 2015;Pazartesi, Ağustos 24, 2015;Standard Class;DO-134351404;Denny Ordway;Consumer;84106;Salt Lake City;Utah;United States;Western US;USCA;OFF-BI-6392;Office Supplies;Binders;"Wilson Jones Elliptical Ring 3 1/2"" Capacity Binders, 800 sheets";102,72;3;0,2;37,236;13,33;High;August;2015
41199;CA-2015-SC20845140-42238;Cumartesi, Ağustos 22, 2015;Çarşamba, Ağustos 26, 2015;Standard Class;SC-208451404;Sung Chung;Consumer;80027;Louisville;Colorado;United States;Western US;USCA;OFF-PA-6082;Office Supplies;Paper;Southworth 25% Cotton Antique Laid Paper & Envelopes;6,672;1;0,2;2,085;1,36;Medium;August;2015
41198;CA-2015-SC20845140-42238;Cumartesi, Ağustos 22, 2015;Çarşamba, Ağustos 26, 2015;Standard Class;SC-208451404;Sung Chung;Consumer;80027;Louisville;Colorado;United States;Western US;USCA;FUR-FU-3910;Furniture;Furnishings;DAX Charcoal/Nickel-Tone Document Frame, 5 x 7;22,752;3;0,2;7,11;1,87;Medium;August;2015
41197;CA-2015-SC20845140-42238;Cumartesi, Ağustos 22, 2015;Çarşamba, Ağustos 26, 2015;Standard Class;SC-208451404;Sung Chung;Consumer;80027;Louisville;Colorado;United States;Western US;USCA;OFF-ST-5663;Office Supplies;Storage;Recycled Data-Pak for Archival Bound Computer Printouts, 12-1/2 x 12-1/2 x 16;237,096;3;0,2;20,7459;10,89;Medium;August;2015
36387;CA-2015-HM14860140-42221;Çarşamba, Ağustos 05, 2015;Cumartesi, Ağustos 08, 2015;First Class;HM-148601404;Harry Marie;Corporate;80538;Loveland;Colorado;United States;Western US;USCA;OFF-EN-5167;Office Supplies;Envelopes;"Manila Recycled Extra-Heavyweight Clasp Envelopes, 6"" x 9""";8,784;1;0,2;3,1842;1,15;Medium;August;2015
36386;CA-2015-HM14860140-42221;Çarşamba, Ağustos 05, 2015;Cumartesi, Ağustos 08, 2015;First Class;HM-148601404;Harry Marie;Corporate;80538;Loveland;Colorado;United States;Western US;USCA;OFF-PA-4514;Office Supplies;Paper;Hammermill CopyPlus Copy Paper (20Lb. and 84 Bright);7,968;2;0,2;2,8884;1,98;Medium;August;2015
37506;CA-2015-YS21880140-42235;Çarşamba, Ağustos 19, 2015;Çarşamba, Ağustos 26, 2015;Standard Class;YS-218801404;Yana Sorensen;Corporate;98103;Seattle;Washington;United States;Western US;USCA;OFF-BI-4275;Office Supplies;Binders;Fellowes PB300 Plastic Comb Binding Machine;2793,528;9;0,2;942,8157;203,72;Medium;August;2015
33781;CA-2015-KN16705140-42245;Cumartesi, Ağustos 29, 2015;Cuma, Eylül 04, 2015;Standard Class;KN-167051404;Kristina Nunn;Home Office;98105;Seattle;Washington;United States;Western US;USCA;OFF-BI-4368;Office Supplies;Binders;GBC Standard Therm-A-Bind Covers;99,68;5;0,2;32,396;6,24;Medium;August;2015
39555;CA-2015-DK12895140-42229;Perşembe, Ağustos 13, 2015;Perşembe, Ağustos 20, 2015;Standard Class;DK-128951404;Dana Kaydos;Consumer;98103;Seattle;Washington;United States;Western US;USCA;OFF-BI-3296;Office Supplies;Binders;Avery Legal 4-Ring Binder;100,704;6;0,2;37,764;4,39;Medium;August;2015
33779;CA-2015-KN16705140-42245;Cumartesi, Ağustos 29, 2015;Cuma, Eylül 04, 2015;Standard Class;KN-167051404;Kristina Nunn;Home Office;98105;Seattle;Washington;United States;Western US;USCA;TEC-PH-3120;Technology;Phones;Anker 24W Portable Micro USB Car Charger;35,168;4;0,2;11,4296;2,25;Medium;August;2015
39552;CA-2015-DK12895140-42229;Perşembe, Ağustos 13, 2015;Perşembe, Ağustos 20, 2015;Standard Class;DK-128951404;Dana Kaydos;Consumer;98103;Seattle;Washington;United States;Western US;USCA;TEC-PH-4458;Technology;Phones;Grandstream GXP1160 VoIP phone;242,624;8;0,2;27,2952;9,58;Medium;August;2015
39336;CA-2015-CM11815140-42238;Cumartesi, Ağustos 22, 2015;Çarşamba, Ağustos 26, 2015;Second Class;CM-118151404;Candace McMahon;Corporate;98115;Seattle;Washington;United States;Western US;USCA;FUR-CH-5536;Furniture;Chairs;Padded Folding Chairs, Black, 4/Carton;388,704;6;0,2;38,8704;34,36;Medium;August;2015
35220;CA-2015-SC20305140-42245;Cumartesi, Ağustos 29, 2015;Çarşamba, Eylül 02, 2015;Standard Class;SC-203051402;Sean Christensen;Consumer;60623;Chicago;Illinois;United States;Central US;USCA;OFF-PA-4781;Office Supplies;Paper;HP Office Paper (20Lb. and 87 Bright);26,72;5;0,2;9,352;3,48;High;August;2015
35219;CA-2015-SC20305140-42245;Cumartesi, Ağustos 29, 2015;Çarşamba, Eylül 02, 2015;Standard Class;SC-203051402;Sean Christensen;Consumer;60623;Chicago;Illinois;United States;Central US;USCA;OFF-PA-6598;Office Supplies;Paper;Xerox 4200 Series MultiUse Premium Copy Paper (20Lb. and 84 Bright);25,344;6;0,2;7,92;4,51;High;August;2015
37009;CA-2015-KW16435140-42217;Cumartesi, Ağustos 01, 2015;Cumartesi, Ağustos 01, 2015;Same Day;KW-164351402;Katrina Willman;Consumer;60653;Chicago;Illinois;United States;Central US;USCA;TEC-PH-5257;Technology;Phones;Motorola L804;36,792;1;0,2;4,1391;10,83;Critical;August;2015
32306;CA-2015-AT10735140-42218;Pazar, Ağustos 02, 2015;Salı, Ağustos 04, 2015;First Class;AT-107351402;Annie Thurman;Consumer;60653;Chicago;Illinois;United States;Central US;USCA;TEC-PH-4900;Technology;Phones;JBL Micro Wireless Portable Bluetooth Speaker;95,984;2;0,2;5,999;9,23;Critical;August;2015
33239;CA-2015-CP12085140-42246;Pazar, Ağustos 30, 2015;Çarşamba, Eylül 02, 2015;First Class;CP-120851402;Cathy Prescott;Corporate;62301;Quincy;Illinois;United States;Central US;USCA;OFF-ST-3059;Office Supplies;Storage;Advantus Rolling Storage Box;27,44;2;0,2;2,401;5,27;High;August;2015
33238;CA-2015-CP12085140-42246;Pazar, Ağustos 30, 2015;Çarşamba, Eylül 02, 2015;First Class;CP-120851402;Cathy Prescott;Corporate;62301;Quincy;Illinois;United States;Central US;USCA;OFF-LA-3226;Office Supplies;Labels;Avery 505;47,36;4;0,2;17,76;13,77;High;August;2015
40504;CA-2015-AB10105140-42220;Salı, Ağustos 04, 2015;Cumartesi, Ağustos 08, 2015;Standard Class;AB-101051402;Adrian Barton;Consumer;61701;Bloomington;Illinois;United States;Central US;USCA;TEC-AC-4936;Technology;Accessories;Kensington K72356US Mouse-in-a-Box USB Desktop Mouse;39,816;3;0,2;7,4655;5,7;High;August;2015
38564;CA-2015-SJ20215140-42233;Pazartesi, Ağustos 17, 2015;Pazartesi, Ağustos 17, 2015;Same Day;SJ-202151408;Sarah Jordon;Consumer;38401;Columbia;Tennessee;United States;Southern US;USCA;OFF-ST-2921;Office Supplies;Storage;Acco Perma 3000 Stacking Storage Drawers;67,136;4;0,2;-0,8392;11,8;Medium;August;2015
32779;CA-2015-DW13540140-42242;Çarşamba, Ağustos 26, 2015;Cumartesi, Ağustos 29, 2015;Second Class;DW-135401408;Don Weiss;Consumer;38301;Jackson;Tennessee;United States;Southern US;USCA;OFF-AR-6632;Office Supplies;Art;Zebra Zazzle Fluorescent Highlighters;9,728;2;0,2;1,7024;1,21;High;August;2015
32780;CA-2015-DW13540140-42242;Çarşamba, Ağustos 26, 2015;Cumartesi, Ağustos 29, 2015;Second Class;DW-135401408;Don Weiss;Consumer;38301;Jackson;Tennessee;United States;Southern US;USCA;OFF-PA-6548;Office Supplies;Paper;Xerox 199;3,424;1;0,2;1,07;1,32;High;August;2015
35636;CA-2015-DK12895140-42244;Cuma, Ağustos 28, 2015;Çarşamba, Eylül 02, 2015;Standard Class;DK-128951408;Dana Kaydos;Consumer;37064;Franklin;Tennessee;United States;Southern US;USCA;OFF-PA-6580;Office Supplies;Paper;Xerox 217;5,184;1;0,2;1,8144;1,35;Medium;August;2015
39197;CA-2015-DC12850140-42230;Cuma, Ağustos 14, 2015;Çarşamba, Ağustos 19, 2015;Standard Class;DC-128501408;Dan Campbell;Consumer;38109;Memphis;Tennessee;United States;Southern US;USCA;TEC-AC-5179;Technology;Accessories;Maxell 4.7GB DVD-R 5/Pack;1,584;2;0,2;0,4752;1,1;Medium;August;2015
39196;CA-2015-DC12850140-42230;Cuma, Ağustos 14, 2015;Çarşamba, Ağustos 19, 2015;Standard Class;DC-128501408;Dan Campbell;Consumer;38109;Memphis;Tennessee;United States;Southern US;USCA;OFF-FA-6129;Office Supplies;Fasteners;Staples;24,32;5;0,2;9,12;1,86;Medium;August;2015
39199;CA-2015-DC12850140-42230;Cuma, Ağustos 14, 2015;Çarşamba, Ağustos 19, 2015;Standard Class;DC-128501408;Dan Campbell;Consumer;38109;Memphis;Tennessee;United States;Southern US;USCA;OFF-EN-3834;Office Supplies;Envelopes;Colored Envelopes;14,76;5;0,2;4,797;1,92;Medium;August;2015
39198;CA-2015-DC12850140-42230;Cuma, Ağustos 14, 2015;Çarşamba, Ağustos 19, 2015;Standard Class;DC-128501408;Dan Campbell;Consumer;38109;Memphis;Tennessee;United States;Southern US;USCA;FUR-FU-4090;Furniture;Furnishings;Eldon Radial Chair Mat for Low to Medium Pile Carpets;31,984;1;0,2;0;2,8;Medium;August;2015
39194;CA-2015-DC12850140-42230;Cuma, Ağustos 14, 2015;Çarşamba, Ağustos 19, 2015;Standard Class;DC-128501408;Dan Campbell;Consumer;38109;Memphis;Tennessee;United States;Southern US;USCA;OFF-AP-3400;Office Supplies;Appliances;Belkin Premiere Surge Master II 8-outlet surge protector;272,048;7;0,2;30,6054;14,46;Medium;August;2015
39200;CA-2015-DC12850140-42230;Cuma, Ağustos 14, 2015;Çarşamba, Ağustos 19, 2015;Standard Class;DC-128501408;Dan Campbell;Consumer;38109;Memphis;Tennessee;United States;Southern US;USCA;FUR-CH-4672;Furniture;Chairs;Hon Olson Stacker Chairs;423,648;2;0,2;47,6604;23,66;Medium;August;2015
40156;US-2015-TT21460140-42237;Cuma, Ağustos 21, 2015;Perşembe, Ağustos 27, 2015;Standard Class;TT-214601408;Tonja Turnell;Home Office;28205;Charlotte;North Carolina;United States;Southern US;USCA;TEC-PH-5606;Technology;Phones;Plantronics Encore H101 Dual Earpieces Headset;35,96;1;0,2;3,596;1,81;Medium;August;2015
32171;CA-2015-GA14725140-42242;Çarşamba, Ağustos 26, 2015;Pazar, Ağustos 30, 2015;Standard Class;GA-147251408;Guy Armstrong;Consumer;28205;Charlotte;North Carolina;United States;Southern US;USCA;OFF-PA-6462;Office Supplies;Paper;Xerox 1910;192,16;5;0,2;67,256;18,82;Medium;August;2015
32502;CA-2015-LH16750140-42218;Pazar, Ağustos 02, 2015;Çarşamba, Ağustos 05, 2015;First Class;LH-167501408;Larry Hughes;Consumer;28205;Charlotte;North Carolina;United States;Southern US;USCA;TEC-PH-5365;Technology;Phones;Nortel Networks T7316 E Nt8 B27;271,96;5;0,2;16,9975;19,04;High;August;2015
34042;CA-2015-FM14380140-42224;Cumartesi, Ağustos 08, 2015;Çarşamba, Ağustos 12, 2015;Second Class;FM-143801408;Fred McMath;Consumer;28540;Jacksonville;North Carolina;United States;Southern US;USCA;TEC-AC-5111;Technology;Accessories;Logitech G700s Rechargeable Gaming Mouse;79,992;1;0,2;21,9978;9,31;Medium;August;2015
40735;CA-2015-GM14680140-42217;Cumartesi, Ağustos 01, 2015;Perşembe, Ağustos 06, 2015;Standard Class;GM-146801406;Greg Matthias;Consumer;19134;Philadelphia;Pennsylvania;United States;Eastern US;USCA;TEC-PH-5623;Technology;Phones;Polycom SoundPoint Pro SE-225 Corded phone;285,576;4;0,4;-57,1152;27,84;Medium;August;2015
37401;US-2015-Dp13240140-42239;Pazar, Ağustos 23, 2015;Salı, Ağustos 25, 2015;First Class;Dp-132401406;Dean percer;Home Office;19143;Philadelphia;Pennsylvania;United States;Eastern US;USCA;FUR-TA-3412;Furniture;Tables;Bevis Boat-Shaped Conference Table;314,532;2;0,4;-83,8752;61,08;High;August;2015
38540;CA-2015-TP21415140-42234;Salı, Ağustos 18, 2015;Pazar, Ağustos 23, 2015;Second Class;TP-214151406;Tom Prescott;Consumer;19134;Philadelphia;Pennsylvania;United States;Eastern US;USCA;FUR-CH-4623;Furniture;Chairs;HON 5400 Series Task Chairs for Big and Tall;4416,174;9;0,3;-630,882;566,65;Medium;August;2015
39931;CA-2015-SV20365140-42242;Çarşamba, Ağustos 26, 2015;Pazar, Ağustos 30, 2015;Standard Class;SV-203651406;Seth Vernon;Consumer;19140;Philadelphia;Pennsylvania;United States;Eastern US;USCA;FUR-BO-3645;Furniture;Bookcases;Bush Somerset Collection Bookcase;130,98;2;0,5;-89,0664;19,94;High;August;2015
38194;CA-2015-CK12205140-42235;Çarşamba, Ağustos 19, 2015;Çarşamba, Ağustos 26, 2015;Standard Class;CK-122051406;Chloris Kastensmidt;Consumer;44107;Lakewood;Ohio;United States;Eastern US;USCA;OFF-BI-4351;Office Supplies;Binders;GBC Personal VeloBind Strips;10,782;3;0,7;-7,9068;1,78;Medium;August;2015
33217;US-2015-EH13765140-42234;Salı, Ağustos 18, 2015;Perşembe, Ağustos 20, 2015;First Class;EH-137651406;Edward Hooks;Corporate;13601;Watertown;New York;United States;Eastern US;USCA;FUR-CH-4399;Furniture;Chairs;Global Commerce Series Low-Back Swivel/Tilt Chairs;462,564;2;0,1;97,6524;31,13;Medium;August;2015
31674;US-2015-AR10405140-42244;Cuma, Ağustos 28, 2015;Çarşamba, Eylül 02, 2015;Standard Class;AR-104051406;Allen Rosenblatt;Corporate;2038;Franklin;Massachusetts;United States;Eastern US;USCA;FUR-TA-5421;Furniture;Tables;"Office Impressions End Table, 20-1/2""H x 24""W x 20""D";1488,424;7;0,3;-297,6848;138,1;Medium;August;2015
39195;CA-2015-DC12850140-42230;Cuma, Ağustos 14, 2015;Çarşamba, Ağustos 19, 2015;Standard Class;DC-128501408;Dan Campbell;Consumer;38109;Memphis;Tennessee;United States;Southern US;USCA;OFF-BI-4343;Office Supplies;Binders;GBC DocuBind TL300 Electric Binding System;1614,582;6;0,7;-1237,8462;67,68;Medium;August;2015
38563;CA-2015-SJ20215140-42233;Pazartesi, Ağustos 17, 2015;Pazartesi, Ağustos 17, 2015;Same Day;SJ-202151408;Sarah Jordon;Consumer;38401;Columbia;Tennessee;United States;Southern US;USCA;OFF-BI-5665;Office Supplies;Binders;Recycled Easel Ring Binders;13,428;3;0,7;-11,19;1,35;Medium;August;2015
36217;CA-2015-SC20575140-42236;Perşembe, Ağustos 20, 2015;Pazartesi, Ağustos 24, 2015;Standard Class;SC-205751402;Sonia Cooley;Consumer;60653;Chicago;Illinois;United States;Central US;USCA;OFF-BI-3473;Office Supplies;Binders;Binder Posts;2,296;2;0,8;-3,9032;1,35;High;August;2015
39425;CA-2015-DP13000140-42243;Perşembe, Ağustos 27, 2015;Çarşamba, Eylül 02, 2015;Standard Class;DP-130001402;Darren Powers;Consumer;60610;Chicago;Illinois;United States;Central US;USCA;FUR-FU-5986;Furniture;Furnishings;"Seth Thomas 16"" Steel Case Clock";64,96;5;0,6;-43,848;6,23;Medium;August;2015
33304;CA-2015-CM12190140-42220;Salı, Ağustos 04, 2015;Çarşamba, Ağustos 05, 2015;First Class;CM-121901402;Charlotte Melton;Consumer;60623;Chicago;Illinois;United States;Central US;USCA;FUR-BO-5526;Furniture;Bookcases;O'Sullivan Elevations Bookcase, Cherry Finish;183,372;2;0,3;-36,6744;27,67;Medium;August;2015
33240;CA-2015-CP12085140-42246;Pazar, Ağustos 30, 2015;Çarşamba, Eylül 02, 2015;First Class;CP-120851402;Cathy Prescott;Corporate;62301;Quincy;Illinois;United States;Central US;USCA;OFF-BI-6391;Office Supplies;Binders;Wilson Jones Easy Flow II Sheet Lifters;3,24;9;0,8;-5,184;1,71;High;August;2015
35325;CA-2015-SF20965140-42228;Çarşamba, Ağustos 12, 2015;Cuma, Ağustos 14, 2015;First Class;SF-209651402;Sylvia Foulston;Corporate;76021;Bedford;Texas;United States;Central US;USCA;OFF-BI-4297;Office Supplies;Binders;Fellowes Twister Kit, Gray/Clear, 3/pkg;12,864;8;0,8;-22,512;1,84;High;August;2015
32811;CA-2015-RA19915140-42235;Çarşamba, Ağustos 19, 2015;Pazar, Ağustos 23, 2015;Standard Class;RA-199151402;Russell Applegate;Consumer;75220;Dallas;Texas;United States;Central US;USCA;OFF-BI-4832;Office Supplies;Binders;Ibico Plastic and Wire Spiral Binding Combs;6,744;4;0,8;-11,4648;1,54;Medium;August;2015
32810;CA-2015-RA19915140-42235;Çarşamba, Ağustos 19, 2015;Pazar, Ağustos 23, 2015;Standard Class;RA-199151402;Russell Applegate;Consumer;75220;Dallas;Texas;United States;Central US;USCA;OFF-BI-2905;Office Supplies;Binders;Acco D-Ring Binder w/DublLock;21,38;5;0,8;-33,139;1,69;Medium;August;2015
36539;CA-2015-HM14860140-42221;Çarşamba, Ağustos 05, 2015;Pazar, Ağustos 09, 2015;Standard Class;HM-148601402;Harry Marie;Corporate;75007;Carrollton;Texas;United States;Central US;USCA;OFF-BI-3266;Office Supplies;Binders;Avery Durable Poly Binders;3,318;3;0,8;-5,6406;1,21;Medium;August;2015
33130;CA-2015-AS10045140-42218;Pazar, Ağustos 02, 2015;Cumartesi, Ağustos 08, 2015;Standard Class;AS-100451402;Aaron Smayling;Corporate;78745;Austin;Texas;United States;Central US;USCA;TEC-MA-3329;Technology;Machines;Bady BDG101FRU Card Printer;1439,982;3;0,4;-263,9967;103,62;Medium;August;2015
38484;CA-2015-ED13885140-42234;Salı, Ağustos 18, 2015;Salı, Ağustos 25, 2015;Standard Class;ED-138851402;Emily Ducich;Home Office;77095;Houston;Texas;United States;Central US;USCA;FUR-FU-2864;Furniture;Furnishings;36X48 HARDFLOOR CHAIRMAT;16,784;2;0,6;-22,2388;1,24;Medium;August;2015
38483;CA-2015-ED13885140-42234;Salı, Ağustos 18, 2015;Salı, Ağustos 25, 2015;Standard Class;ED-138851402;Emily Ducich;Home Office;77095;Houston;Texas;United States;Central US;USCA;FUR-CH-5790;Furniture;Chairs;SAFCO Optional Arm Kit for Workspace Cribbage Stacking Chair;74,592;4;0,3;-2,1312;2,72;Medium;August;2015
38485;CA-2015-ED13885140-42234;Salı, Ağustos 18, 2015;Salı, Ağustos 25, 2015;Standard Class;ED-138851402;Emily Ducich;Home Office;77095;Houston;Texas;United States;Central US;USCA;OFF-AP-3400;Office Supplies;Appliances;Belkin Premiere Surge Master II 8-outlet surge protector;38,864;4;0,8;-99,1032;3,94;Medium;August;2015
30146;IN-2015-AJ109457-42234;Salı, Ağustos 18, 2015;Salı, Ağustos 25, 2015;Standard Class;AJ-109457;Ashley Jarboe;Consumer;;Sydney;New South Wales;Australia;Oceania;Asia Pacific;TEC-PH-3133;Technology;Phones;Apple Headset, Full Size;201,285;3;0,1;64,845;11,33;Low;August;2015
30145;IN-2015-AJ109457-42234;Salı, Ağustos 18, 2015;Salı, Ağustos 25, 2015;Standard Class;AJ-109457;Ashley Jarboe;Consumer;;Sydney;New South Wales;Australia;Oceania;Asia Pacific;OFF-EN-4910;Office Supplies;Envelopes;Jiffy Interoffice Envelope, Recycled;162,864;4;0,1;68,664;15,92;Low;August;2015
25428;IN-2015-PS190457-42244;Cuma, Ağustos 28, 2015;Pazar, Ağustos 30, 2015;First Class;PS-190457;Penelope Sewall;Home Office;;Sydney;New South Wales;Australia;Oceania;Asia Pacific;OFF-FA-6196;Office Supplies;Fasteners;Stockwell Push Pins, Metal;12,69;1;0,1;4,35;1,99;Critical;August;2015
25429;IN-2015-PS190457-42244;Cuma, Ağustos 28, 2015;Pazar, Ağustos 30, 2015;First Class;PS-190457;Penelope Sewall;Home Office;;Sydney;New South Wales;Australia;Oceania;Asia Pacific;OFF-SU-6169;Office Supplies;Supplies;Stiletto Ruler, High Speed;40,176;3;0,1;6,246;8,11;Critical;August;2015
25427;IN-2015-PS190457-42244;Cuma, Ağustos 28, 2015;Pazar, Ağustos 30, 2015;First Class;PS-190457;Penelope Sewall;Home Office;;Sydney;New South Wales;Australia;Oceania;Asia Pacific;OFF-AR-3494;Office Supplies;Art;Binney & Smith Pencil Sharpener, Water Color;48,492;2;0,1;17,232;11,71;Critical;August;2015
29536;IN-2015-CR125807-42237;Cuma, Ağustos 21, 2015;Perşembe, Ağustos 27, 2015;Standard Class;CR-125807;Clay Rozendal;Home Office;;Port Macquarie;New South Wales;Australia;Oceania;Asia Pacific;OFF-FA-3056;Office Supplies;Fasteners;Advantus Push Pins, Bulk Pack;38,961;3;0,1;12,051;3,29;Medium;August;2015
29535;IN-2015-CR125807-42237;Cuma, Ağustos 21, 2015;Perşembe, Ağustos 27, 2015;Standard Class;CR-125807;Clay Rozendal;Home Office;;Port Macquarie;New South Wales;Australia;Oceania;Asia Pacific;OFF-PA-4177;Office Supplies;Paper;Enermax Note Cards, Premium;53,838;2;0,1;17,898;4,46;Medium;August;2015
29537;IN-2015-CR125807-42237;Cuma, Ağustos 21, 2015;Perşembe, Ağustos 27, 2015;Standard Class;CR-125807;Clay Rozendal;Home Office;;Port Macquarie;New South Wales;Australia;Oceania;Asia Pacific;OFF-AR-3447;Office Supplies;Art;BIC Canvas, Blue;241,65;5;0,1;-21,6;28,16;Medium;August;2015
22590;IN-2015-MR175457-42244;Cuma, Ağustos 28, 2015;Çarşamba, Eylül 02, 2015;Second Class;MR-175457;Mathew Reese;Home Office;;Griffith;New South Wales;Australia;Oceania;Asia Pacific;TEC-CO-4568;Technology;Copiers;Hewlett Copy Machine, Color;707,049;3;0,1;78,489;53,32;High;August;2015
21535;IN-2015-LH171557-42237;Cuma, Ağustos 21, 2015;Salı, Ağustos 25, 2015;Standard Class;LH-171557;Logan Haushalter;Consumer;;Wollongong;New South Wales;Australia;Oceania;Asia Pacific;OFF-EN-4453;Office Supplies;Envelopes;GlobeWeis Peel and Seal, Set of 50;57,753;3;0,1;10,863;7,52;High;August;2015
25801;ID-2015-AA103157-42241;Salı, Ağustos 25, 2015;Pazar, Ağustos 30, 2015;Standard Class;AA-103157;Alex Avila;Consumer;;Wollongong;New South Wales;Australia;Oceania;Asia Pacific;FUR-FU-3941;Furniture;Furnishings;Deflect-O Frame, Duo Pack;99,09;1;0,1;-9,93;14,44;High;August;2015
25800;ID-2015-AA103157-42241;Salı, Ağustos 25, 2015;Pazar, Ağustos 30, 2015;Standard Class;AA-103157;Alex Avila;Consumer;;Wollongong;New South Wales;Australia;Oceania;Asia Pacific;OFF-AP-4509;Office Supplies;Appliances;Hamilton Beach Toaster, Black;256,23;5;0,1;-17,22;26,93;High;August;2015
21536;IN-2015-LH171557-42237;Cuma, Ağustos 21, 2015;Salı, Ağustos 25, 2015;Standard Class;LH-171557;Logan Haushalter;Consumer;;Wollongong;New South Wales;Australia;Oceania;Asia Pacific;TEC-MA-6136;Technology;Machines;StarTech Card Printer, Durable;736,29;5;0,1;8,04;46,31;High;August;2015
24233;IN-2015-RK193007-42242;Çarşamba, Ağustos 26, 2015;Pazar, Ağustos 30, 2015;Standard Class;RK-193007;Ralph Kennedy;Consumer;;Newcastle;New South Wales;Australia;Oceania;Asia Pacific;FUR-CH-4682;Furniture;Chairs;Hon Rocking Chair, Black;346,113;3;0,1;49,923;66,9;High;August;2015
24594;IN-2015-CM121607-42221;Çarşamba, Ağustos 05, 2015;Perşembe, Ağustos 06, 2015;First Class;CM-121607;Charles McCrossin;Consumer;;Newcastle;New South Wales;Australia;Oceania;Asia Pacific;TEC-CO-3695;Technology;Copiers;Canon Ink, Digital;528,444;4;0,1;88,044;92,83;Medium;August;2015
24175;IN-2015-DB132707-42221;Çarşamba, Ağustos 05, 2015;Pazartesi, Ağustos 10, 2015;Standard Class;DB-132707;Deborah Brumfield;Home Office;;Townsville;Queensland;Australia;Oceania;Asia Pacific;OFF-BI-3253;Office Supplies;Binders;Avery Binder, Economy;58,05;5;0,1;19,95;1,01;Medium;August;2015
22981;IN-2015-RD198107-42224;Cumartesi, Ağustos 08, 2015;Çarşamba, Ağustos 12, 2015;Standard Class;RD-198107;Ross DeVincentis;Home Office;;Toowoomba;Queensland;Australia;Oceania;Asia Pacific;OFF-BI-3739;Office Supplies;Binders;Cardinal Index Tab, Economy;31,536;4;0,1;9,096;1,31;Medium;August;2015
29229;IN-2015-FH143507-42222;Perşembe, Ağustos 06, 2015;Cumartesi, Ağustos 08, 2015;First Class;FH-143507;Fred Harton;Consumer;;Mackay;Queensland;Australia;Oceania;Asia Pacific;OFF-LA-5389;Office Supplies;Labels;Novimex Legal Exhibit Labels, Alphabetical;18,522;2;0,1;6,762;1,59;Medium;August;2015
23511;IN-2015-BO114257-42222;Perşembe, Ağustos 06, 2015;Pazartesi, Ağustos 10, 2015;Standard Class;BO-114257;Bobby Odegard;Consumer;;Caloundra;Queensland;Australia;Oceania;Asia Pacific;OFF-LA-4659;Office Supplies;Labels;Hon File Folder Labels, Alphabetical;45,684;6;0,1;18,144;1,88;Medium;August;2015
21466;IN-2015-AS102857-42217;Cumartesi, Ağustos 01, 2015;Çarşamba, Ağustos 05, 2015;Standard Class;AS-102857;Alejandro Savely;Corporate;;Caloundra;Queensland;Australia;Oceania;Asia Pacific;OFF-PA-5868;Office Supplies;Paper;SanDisk Memo Slips, 8.5 x 11;76,032;4;0,1;33,792;3,22;Medium;August;2015
26666;ID-2015-PF192257-42242;Çarşamba, Ağustos 26, 2015;Pazartesi, Ağustos 31, 2015;Standard Class;PF-192257;Phillip Flathmann;Consumer;;Townsville;Queensland;Australia;Oceania;Asia Pacific;OFF-FA-6186;Office Supplies;Fasteners;Stockwell Clamps, Bulk Pack;51,921;3;0,1;-0,639;6,19;High;August;2015
28803;ID-2015-BF109757-42243;Perşembe, Ağustos 27, 2015;Perşembe, Ağustos 27, 2015;Same Day;BF-109757;Barbara Fisher;Corporate;;Rockhampton;Queensland;Australia;Oceania;Asia Pacific;OFF-EN-3655;Office Supplies;Envelopes;Cameo Business Envelopes, Security-Tint;30,51;2;0,1;-0,69;8,96;Critical;August;2015
26667;ID-2015-PF192257-42242;Çarşamba, Ağustos 26, 2015;Pazartesi, Ağustos 31, 2015;Standard Class;PF-192257;Phillip Flathmann;Consumer;;Townsville;Queensland;Australia;Oceania;Asia Pacific;OFF-AR-6120;Office Supplies;Art;Stanley Pencil Sharpener, Water Color;75,492;3;0,1;9,162;11,11;High;August;2015
29230;IN-2015-FH143507-42222;Perşembe, Ağustos 06, 2015;Cumartesi, Ağustos 08, 2015;First Class;FH-143507;Fred Harton;Consumer;;Mackay;Queensland;Australia;Oceania;Asia Pacific;OFF-SU-4985;Office Supplies;Supplies;Kleencut Scissors, Easy Grip;107,595;5;0,1;3,495;17,41;Medium;August;2015
28804;ID-2015-BF109757-42243;Perşembe, Ağustos 27, 2015;Perşembe, Ağustos 27, 2015;Same Day;BF-109757;Barbara Fisher;Corporate;;Rockhampton;Queensland;Australia;Oceania;Asia Pacific;OFF-SU-4984;Office Supplies;Supplies;Kleencut Ruler, Steel;58,32;5;0,1;7,02;17,9;Critical;August;2015
23510;IN-2015-BO114257-42222;Perşembe, Ağustos 06, 2015;Pazartesi, Ağustos 10, 2015;Standard Class;BO-114257;Bobby Odegard;Consumer;;Caloundra;Queensland;Australia;Oceania;Asia Pacific;TEC-PH-5335;Technology;Phones;Nokia Audio Dock, Cordless;457,893;3;0,1;111,843;39,54;Medium;August;2015
24930;IN-2015-XP218657-42239;Pazar, Ağustos 23, 2015;Cuma, Ağustos 28, 2015;Standard Class;XP-218657;Xylona Preis;Consumer;;Gold Coast;Queensland;Australia;Oceania;Asia Pacific;TEC-AC-5216;Technology;Accessories;Memorex Mouse, Bluetooth;76,059;3;0,1;1,629;5,82;Medium;August;2015
24929;IN-2015-XP218657-42239;Pazar, Ağustos 23, 2015;Cuma, Ağustos 28, 2015;Standard Class;XP-218657;Xylona Preis;Consumer;;Gold Coast;Queensland;Australia;Oceania;Asia Pacific;TEC-PH-3150;Technology;Phones;Apple Speaker Phone, Cordless;227,07;2;0,1;37,83;11,64;Medium;August;2015
24931;IN-2015-XP218657-42239;Pazar, Ağustos 23, 2015;Cuma, Ağustos 28, 2015;Standard Class;XP-218657;Xylona Preis;Consumer;;Gold Coast;Queensland;Australia;Oceania;Asia Pacific;FUR-CH-5411;Furniture;Chairs;Novimex Swivel Stool, Adjustable;300,51;2;0,1;50,07;23,55;Medium;August;2015
29808;IN-2015-NP183257-42217;Cumartesi, Ağustos 01, 2015;Salı, Ağustos 04, 2015;First Class;NP-183257;Naresj Patel;Consumer;;Gold Coast;Queensland;Australia;Oceania;Asia Pacific;OFF-LA-4540;Office Supplies;Labels;Harbour Creations Legal Exhibit Labels, Laser Printer Compatible;19,71;2;0,1;4,11;7,44;Critical;August;2015
29306;IN-2015-SV207857-42235;Çarşamba, Ağustos 19, 2015;Pazar, Ağustos 23, 2015;Standard Class;SV-207857;Stewart Visinsky;Consumer;;Melbourne;Victoria;Australia;Oceania;Asia Pacific;OFF-BI-2915;Office Supplies;Binders;Acco Hole Reinforcements, Recycled;18,954;3;0,1;-1,746;1,43;Medium;August;2015
29308;IN-2015-SV207857-42235;Çarşamba, Ağustos 19, 2015;Pazar, Ağustos 23, 2015;Standard Class;SV-207857;Stewart Visinsky;Consumer;;Melbourne;Victoria;Australia;Oceania;Asia Pacific;OFF-SU-4978;Office Supplies;Supplies;Kleencut Letter Opener, Easy Grip;51,624;2;0,1;14,904;2,78;Medium;August;2015
29304;IN-2015-SV207857-42235;Çarşamba, Ağustos 19, 2015;Pazar, Ağustos 23, 2015;Standard Class;SV-207857;Stewart Visinsky;Consumer;;Melbourne;Victoria;Australia;Oceania;Asia Pacific;OFF-ST-6275;Office Supplies;Storage;Tenex Shelving, Wire Frame;386,856;8;0,1;29,976;8,43;Medium;August;2015
26946;IN-2015-JH159857-42221;Çarşamba, Ağustos 05, 2015;Çarşamba, Ağustos 12, 2015;Standard Class;JH-159857;Joseph Holt;Consumer;;Melbourne;Victoria;Australia;Oceania;Asia Pacific;OFF-EN-4926;Office Supplies;Envelopes;Jiffy Peel and Seal, with clear poly window;127,17;6;0,1;32,49;9,79;Low;August;2015
29305;IN-2015-SV207857-42235;Çarşamba, Ağustos 19, 2015;Pazar, Ağustos 23, 2015;Standard Class;SV-207857;Stewart Visinsky;Consumer;;Melbourne;Victoria;Australia;Oceania;Asia Pacific;OFF-ST-4106;Office Supplies;Storage;Eldon Trays, Industrial;218,025;5;0,1;-24,225;16,32;Medium;August;2015
21294;IN-2015-JO155507-42241;Salı, Ağustos 25, 2015;Cumartesi, Ağustos 29, 2015;Standard Class;JO-155507;Jesus Ocampo;Home Office;;Melbourne;Victoria;Australia;Oceania;Asia Pacific;OFF-EN-4438;Office Supplies;Envelopes;GlobeWeis Clasp Envelope, with clear poly window;24,192;2;0,1;6,132;2,34;High;August;2015
30107;IN-2015-AH106907-42224;Cumartesi, Ağustos 08, 2015;Pazartesi, Ağustos 10, 2015;Second Class;AH-106907;Anna Häberlin;Corporate;;Melbourne;Victoria;Australia;Oceania;Asia Pacific;OFF-AR-6110;Office Supplies;Art;Stanley Highlighters, Blue;26,46;2;0,1;5,88;6,86;Critical;August;2015
30106;IN-2015-AH106907-42224;Cumartesi, Ağustos 08, 2015;Pazartesi, Ağustos 10, 2015;Second Class;AH-106907;Anna Häberlin;Corporate;;Melbourne;Victoria;Australia;Oceania;Asia Pacific;OFF-PA-4471;Office Supplies;Paper;Green Bar Memo Slips, Multicolor;66,096;4;0,1;2,856;22,53;Critical;August;2015
21293;IN-2015-JO155507-42241;Salı, Ağustos 25, 2015;Cumartesi, Ağustos 29, 2015;Standard Class;JO-155507;Jesus Ocampo;Home Office;;Melbourne;Victoria;Australia;Oceania;Asia Pacific;TEC-AC-5126;Technology;Accessories;Logitech Mouse, Bluetooth;26,352;1;0,1;1,152;3,55;High;August;2015
29307;IN-2015-SV207857-42235;Çarşamba, Ağustos 19, 2015;Pazar, Ağustos 23, 2015;Standard Class;SV-207857;Stewart Visinsky;Consumer;;Melbourne;Victoria;Australia;Oceania;Asia Pacific;TEC-AC-5889;Technology;Accessories;SanDisk Numeric Keypad, USB;47,844;1;0,1;10,074;4,66;Medium;August;2015
23208;ID-2015-BD115607-42239;Pazar, Ağustos 23, 2015;Cumartesi, Ağustos 29, 2015;Standard Class;BD-115607;Brendan Dodson;Home Office;;Melbourne;Victoria;Australia;Oceania;Asia Pacific;TEC-CO-6006;Technology;Copiers;Sharp Personal Copier, Digital;323,028;3;0,1;-25,182;29,72;Medium;August;2015
30108;IN-2015-AH106907-42224;Cumartesi, Ağustos 08, 2015;Pazartesi, Ağustos 10, 2015;Second Class;AH-106907;Anna Häberlin;Corporate;;Melbourne;Victoria;Australia;Oceania;Asia Pacific;TEC-CO-4581;Technology;Copiers;Hewlett Ink, High-Speed;264,384;2;0,1;-23,556;87,48;Critical;August;2015
20837;IN-2015-BM111407-42227;Salı, Ağustos 11, 2015;Cumartesi, Ağustos 15, 2015;Standard Class;BM-111407;Becky Martin;Consumer;;Wodonga;Victoria;Australia;Oceania;Asia Pacific;OFF-BI-4830;Office Supplies;Binders;Ibico Index Tab, Economy;37,476;4;0,1;14,916;2,81;High;August;2015
20838;IN-2015-BM111407-42227;Salı, Ağustos 11, 2015;Cumartesi, Ağustos 15, 2015;Standard Class;BM-111407;Becky Martin;Consumer;;Wodonga;Victoria;Australia;Oceania;Asia Pacific;OFF-LA-4554;Office Supplies;Labels;Harbour Creations Shipping Labels, Alphabetical;30,456;3;0,1;12,456;3;High;August;2015
26117;IN-2015-TD209957-42234;Salı, Ağustos 18, 2015;Pazartesi, Ağustos 24, 2015;Standard Class;TD-209957;Tamara Dahlen;Consumer;;Bendigo;Victoria;Australia;Oceania;Asia Pacific;TEC-MA-5544;Technology;Machines;Panasonic Card Printer, White;155,007;1;0,1;34,437;7,43;Medium;August;2015
24747;ID-2015-SM200057-42222;Perşembe, Ağustos 06, 2015;Pazartesi, Ağustos 10, 2015;Standard Class;SM-200057;Sally Matthias;Consumer;;Geelong;Victoria;Australia;Oceania;Asia Pacific;OFF-ST-6060;Office Supplies;Storage;Smead Shelving, Wire Frame;43,2;1;0,1;-4,32;3,84;Medium;August;2015
23335;IN-2015-MP179657-42244;Cuma, Ağustos 28, 2015;Salı, Eylül 01, 2015;Standard Class;MP-179657;Michael Paige;Corporate;;Perth;Western Australia;Australia;Oceania;Asia Pacific;OFF-LA-6035;Office Supplies;Labels;Smead File Folder Labels, Adjustable;18,306;3;0,1;7,866;1,97;High;August;2015
20335;ID-2015-RB193307-42228;Çarşamba, Ağustos 12, 2015;Cuma, Ağustos 14, 2015;Second Class;RB-193307;Randy Bradley;Consumer;;Perth;Western Australia;Australia;Oceania;Asia Pacific;FUR-FU-3940;Furniture;Furnishings;Deflect-O Frame, Black;99,036;1;0,1;29,706;15,75;High;August;2015
20332;ID-2015-RB193307-42228;Çarşamba, Ağustos 12, 2015;Cuma, Ağustos 14, 2015;Second Class;RB-193307;Randy Bradley;Consumer;;Perth;Western Australia;Australia;Oceania;Asia Pacific;OFF-ST-4078;Office Supplies;Storage;Eldon Lockers, Blue;178,119;1;0,1;-15,861;15,91;High;August;2015
20334;ID-2015-RB193307-42228;Çarşamba, Ağustos 12, 2015;Cuma, Ağustos 14, 2015;Second Class;RB-193307;Randy Bradley;Consumer;;Perth;Western Australia;Australia;Oceania;Asia Pacific;OFF-BI-3255;Office Supplies;Binders;Avery Binding Machine, Clear;608,58;14;0,1;0;43,25;High;August;2015
20333;ID-2015-RB193307-42228;Çarşamba, Ağustos 12, 2015;Cuma, Ağustos 14, 2015;Second Class;RB-193307;Randy Bradley;Consumer;;Perth;Western Australia;Australia;Oceania;Asia Pacific;FUR-CH-4546;Furniture;Chairs;Harbour Creations Rocking Chair, Red;397,143;3;0,1;70,533;56,41;High;August;2015
24397;IN-2015-CK125957-42241;Salı, Ağustos 25, 2015;Cumartesi, Ağustos 29, 2015;Standard Class;CK-125957;Clytie Kelty;Consumer;;Mandurah;Western Australia;Australia;Oceania;Asia Pacific;OFF-ST-6059;Office Supplies;Storage;Smead Shelving, Single Width;44,064;1;0,1;-2,946;2,48;Medium;August;2015
24398;IN-2015-CK125957-42241;Salı, Ağustos 25, 2015;Cumartesi, Ağustos 29, 2015;Standard Class;CK-125957;Clytie Kelty;Consumer;;Mandurah;Western Australia;Australia;Oceania;Asia Pacific;OFF-BI-2901;Office Supplies;Binders;Acco Binding Machine, Economy;91,962;2;0,1;1,002;10,13;Medium;August;2015
24402;IN-2015-CK125957-42241;Salı, Ağustos 25, 2015;Cumartesi, Ağustos 29, 2015;Standard Class;CK-125957;Clytie Kelty;Consumer;;Mandurah;Western Australia;Australia;Oceania;Asia Pacific;TEC-CO-4785;Technology;Copiers;HP Personal Copier, Digital;334,611;3;0,1;3,681;12,34;Medium;August;2015
24396;IN-2015-CK125957-42241;Salı, Ağustos 25, 2015;Cumartesi, Ağustos 29, 2015;Standard Class;CK-125957;Clytie Kelty;Consumer;;Mandurah;Western Australia;Australia;Oceania;Asia Pacific;OFF-PA-4480;Office Supplies;Paper;Green Bar Note Cards, Premium;241,299;9;0,1;2,619;12,78;Medium;August;2015
24010;IN-2015-BO113507-42230;Cuma, Ağustos 14, 2015;Salı, Ağustos 18, 2015;Second Class;BO-113507;Bill Overfelt;Corporate;;Kwinana;Western Australia;Australia;Oceania;Asia Pacific;OFF-BI-2899;Office Supplies;Binders;Acco Binding Machine, Clear;136,485;3;0,1;37,845;13,05;Medium;August;2015
24400;IN-2015-CK125957-42241;Salı, Ağustos 25, 2015;Cumartesi, Ağustos 29, 2015;Standard Class;CK-125957;Clytie Kelty;Consumer;;Mandurah;Western Australia;Australia;Oceania;Asia Pacific;OFF-BI-3257;Office Supplies;Binders;Avery Binding Machine, Economy;219,78;5;0,1;9,63;13,55;Medium;August;2015
24401;IN-2015-CK125957-42241;Salı, Ağustos 25, 2015;Cumartesi, Ağustos 29, 2015;Standard Class;CK-125957;Clytie Kelty;Consumer;;Mandurah;Western Australia;Australia;Oceania;Asia Pacific;OFF-AP-4747;Office Supplies;Appliances;Hoover Toaster, Red;602,208;8;0,1;213,888;34,21;Medium;August;2015
24399;IN-2015-CK125957-42241;Salı, Ağustos 25, 2015;Cumartesi, Ağustos 29, 2015;Standard Class;CK-125957;Clytie Kelty;Consumer;;Mandurah;Western Australia;Australia;Oceania;Asia Pacific;FUR-BO-3903;Furniture;Bookcases;Dania Library with Doors, Pine;982,125;3;0,1;87,255;60,7;Medium;August;2015
24011;IN-2015-BO113507-42230;Cuma, Ağustos 14, 2015;Salı, Ağustos 18, 2015;Second Class;BO-113507;Bill Overfelt;Corporate;;Kwinana;Western Australia;Australia;Oceania;Asia Pacific;FUR-BO-5967;Furniture;Bookcases;Sauder Library with Doors, Mobile;702,27;2;0,1;179,43;64,54;Medium;August;2015
23499;IN-2015-MW182207-42221;Çarşamba, Ağustos 05, 2015;Perşembe, Ağustos 06, 2015;First Class;MW-182207;Mitch Webber;Consumer;;Geraldton;Western Australia;Australia;Oceania;Asia Pacific;OFF-AP-3577;Office Supplies;Appliances;Breville Refrigerator, White;4191,507;9;0,1;1164,267;614,34;High;August;2015
26023;IN-2015-EJ141557-42230;Cuma, Ağustos 14, 2015;Salı, Ağustos 18, 2015;Standard Class;EJ-141557;Eva Jacobs;Consumer;;Adelaide;South Australia;Australia;Oceania;Asia Pacific;OFF-BI-6404;Office Supplies;Binders;Wilson Jones Index Tab, Economy;23,22;4;0,1;6,9;1,25;Medium;August;2015
26024;IN-2015-EJ141557-42230;Cuma, Ağustos 14, 2015;Salı, Ağustos 18, 2015;Standard Class;EJ-141557;Eva Jacobs;Consumer;;Adelaide;South Australia;Australia;Oceania;Asia Pacific;OFF-PA-5870;Office Supplies;Paper;SanDisk Memo Slips, Premium;61,128;4;0,1;16,248;1,27;Medium;August;2015
26022;IN-2015-EJ141557-42230;Cuma, Ağustos 14, 2015;Salı, Ağustos 18, 2015;Standard Class;EJ-141557;Eva Jacobs;Consumer;;Adelaide;South Australia;Australia;Oceania;Asia Pacific;OFF-LA-5392;Office Supplies;Labels;Novimex Removable Labels, Adjustable;6,993;1;0,1;0,843;1,33;Medium;August;2015
29640;IN-2015-NH186107-42239;Pazar, Ağustos 23, 2015;Cuma, Ağustos 28, 2015;Standard Class;NH-186107;Nicole Hansen;Corporate;;Adelaide;South Australia;Australia;Oceania;Asia Pacific;OFF-FA-5481;Office Supplies;Fasteners;OIC Staples, Assorted Sizes;31,644;4;0,1;-2,916;2,64;Medium;August;2015
27138;IN-2015-LS172307-42243;Perşembe, Ağustos 27, 2015;Pazartesi, Ağustos 31, 2015;Standard Class;LS-172307;Lycoris Saunders;Consumer;;Adelaide;South Australia;Australia;Oceania;Asia Pacific;OFF-BI-4806;Office Supplies;Binders;Ibico 3-Hole Punch, Recycled;55,458;2;0,1;22,758;3,77;Medium;August;2015
29639;IN-2015-NH186107-42239;Pazar, Ağustos 23, 2015;Cuma, Ağustos 28, 2015;Standard Class;NH-186107;Nicole Hansen;Corporate;;Adelaide;South Australia;Australia;Oceania;Asia Pacific;OFF-PA-5871;Office Supplies;Paper;SanDisk Memo Slips, Recycled;60,804;4;0,1;7,404;5,8;Medium;August;2015
30345;ID-2015-VG217907-42219;Pazartesi, Ağustos 03, 2015;Pazartesi, Ağustos 03, 2015;Same Day;VG-217907;Vivek Gonzalez;Consumer;;Cairns;Queensland;Australia;Oceania;Asia Pacific;OFF-EN-3665;Office Supplies;Envelopes;Cameo Mailers, Recycled;44,352;2;0,4;-0,048;1,17;Medium;August;2015
30343;ID-2015-VG217907-42219;Pazartesi, Ağustos 03, 2015;Pazartesi, Ağustos 03, 2015;Same Day;VG-217907;Vivek Gonzalez;Consumer;;Cairns;Queensland;Australia;Oceania;Asia Pacific;OFF-AR-5918;Office Supplies;Art;Sanford Markers, Easy-Erase;14,112;1;0,4;-0,708;2,5;Medium;August;2015
30723;ID-2015-BE114557-42242;Çarşamba, Ağustos 26, 2015;Cuma, Ağustos 28, 2015;First Class;BE-114557;Brad Eason;Home Office;;Gold Coast;Queensland;Australia;Oceania;Asia Pacific;TEC-MA-5509;Technology;Machines;Okidata Phone, Wireless;104,22;2;0,4;-12,18;14,37;High;August;2015
30726;ID-2015-BE114557-42242;Çarşamba, Ağustos 26, 2015;Cuma, Ağustos 28, 2015;First Class;BE-114557;Brad Eason;Home Office;;Gold Coast;Queensland;Australia;Oceania;Asia Pacific;OFF-SU-4328;Office Supplies;Supplies;Fiskars Trimmer, Steel;100,08;4;0,4;-51,72;19,77;High;August;2015
30725;ID-2015-BE114557-42242;Çarşamba, Ağustos 26, 2015;Cuma, Ağustos 28, 2015;First Class;BE-114557;Brad Eason;Home Office;;Gold Coast;Queensland;Australia;Oceania;Asia Pacific;OFF-EN-5032;Office Supplies;Envelopes;Kraft Interoffice Envelope, with clear poly window;60,552;2;0,4;-5,088;19,91;High;August;2015
30722;ID-2015-BE114557-42242;Çarşamba, Ağustos 26, 2015;Cuma, Ağustos 28, 2015;First Class;BE-114557;Brad Eason;Home Office;;Gold Coast;Queensland;Australia;Oceania;Asia Pacific;TEC-MA-5577;Technology;Machines;Panasonic Receipt Printer, White;143,172;2;0,4;-64,428;20,07;High;August;2015
30344;ID-2015-VG217907-42219;Pazartesi, Ağustos 03, 2015;Pazartesi, Ağustos 03, 2015;Same Day;VG-217907;Vivek Gonzalez;Consumer;;Cairns;Queensland;Australia;Oceania;Asia Pacific;TEC-PH-5246;Technology;Phones;Motorola Audio Dock, Cordless;211,464;2;0,4;-66,996;40,05;Medium;August;2015
30720;ID-2015-BE114557-42242;Çarşamba, Ağustos 26, 2015;Cuma, Ağustos 28, 2015;First Class;BE-114557;Brad Eason;Home Office;;Gold Coast;Queensland;Australia;Oceania;Asia Pacific;FUR-CH-5793;Furniture;Chairs;SAFCO Rocking Chair, Adjustable;329,76;4;0,4;-126,48;49,7;High;August;2015
30721;ID-2015-BE114557-42242;Çarşamba, Ağustos 26, 2015;Cuma, Ağustos 28, 2015;First Class;BE-114557;Brad Eason;Home Office;;Gold Coast;Queensland;Australia;Oceania;Asia Pacific;TEC-PH-5247;Technology;Phones;Motorola Audio Dock, Full Size;209,592;2;0,4;-55,908;57,98;High;August;2015
30724;ID-2015-BE114557-42242;Çarşamba, Ağustos 26, 2015;Cuma, Ağustos 28, 2015;First Class;BE-114557;Brad Eason;Home Office;;Gold Coast;Queensland;Australia;Oceania;Asia Pacific;FUR-CH-4656;Furniture;Chairs;Hon Executive Leather Armchair, Red;1653,804;6;0,4;-689,256;237,38;High;August;2015
31265;ID-2015-IG150857-42222;Perşembe, Ağustos 06, 2015;Pazartesi, Ağustos 10, 2015;Standard Class;IG-150857;Ivan Gibson;Consumer;;Geelong;Victoria;Australia;Oceania;Asia Pacific;OFF-BI-6397;Office Supplies;Binders;Wilson Jones Hole Reinforcements, Clear;4,788;2;0,4;-0,972;1,31;Medium;August;2015
31268;ID-2015-IG150857-42222;Perşembe, Ağustos 06, 2015;Pazartesi, Ağustos 10, 2015;Standard Class;IG-150857;Ivan Gibson;Consumer;;Geelong;Victoria;Australia;Oceania;Asia Pacific;OFF-ST-6249;Office Supplies;Storage;Tenex Folders, Blue;13,932;1;0,4;1,392;1,34;Medium;August;2015
26485;ID-2015-HM148607-42243;Perşembe, Ağustos 27, 2015;Salı, Eylül 01, 2015;Standard Class;HM-148607;Harry Marie;Corporate;;Hobart;Tasmania;Australia;Oceania;Asia Pacific;OFF-PA-6616;Office Supplies;Paper;Xerox Message Books, Recycled;48,672;4;0,4;-26,808;2,61;Medium;August;2015
31267;ID-2015-IG150857-42222;Perşembe, Ağustos 06, 2015;Pazartesi, Ağustos 10, 2015;Standard Class;IG-150857;Ivan Gibson;Consumer;;Geelong;Victoria;Australia;Oceania;Asia Pacific;FUR-FU-4102;Furniture;Furnishings;Eldon Stacking Tray, Duo Pack;37,872;2;0,4;-20,208;3,21;Medium;August;2015
30791;ID-2015-SW202457-42221;Çarşamba, Ağustos 05, 2015;Pazartesi, Ağustos 10, 2015;Standard Class;SW-202457;Scot Wooten;Consumer;;Bendigo;Victoria;Australia;Oceania;Asia Pacific;OFF-ST-6039;Office Supplies;Storage;Smead Folders, Industrial;43,128;4;0,4;4,248;3,84;Medium;August;2015
30790;ID-2015-SW202457-42221;Çarşamba, Ağustos 05, 2015;Pazartesi, Ağustos 10, 2015;Standard Class;SW-202457;Scot Wooten;Consumer;;Bendigo;Victoria;Australia;Oceania;Asia Pacific;TEC-MA-5541;Technology;Machines;Panasonic Calculator, Wireless;60,336;2;0,4;-26,184;4,11;Medium;August;2015
31024;ID-2015-DW135857-42230;Cuma, Ağustos 14, 2015;Salı, Ağustos 18, 2015;Standard Class;DW-135857;Dorothy Wardle;Corporate;;Warrnambool;Victoria;Australia;Oceania;Asia Pacific;OFF-SU-6170;Office Supplies;Supplies;Stiletto Ruler, Serrated;69,48;10;0,4;-38,22;4,54;Medium;August;2015
31266;ID-2015-IG150857-42222;Perşembe, Ağustos 06, 2015;Pazartesi, Ağustos 10, 2015;Standard Class;IG-150857;Ivan Gibson;Consumer;;Geelong;Victoria;Australia;Oceania;Asia Pacific;TEC-MA-5547;Technology;Machines;Panasonic Inkjet, Red;1113,264;6;0,4;-705,096;10,92;Medium;August;2015
31023;ID-2015-DW135857-42230;Cuma, Ağustos 14, 2015;Salı, Ağustos 18, 2015;Standard Class;DW-135857;Dorothy Wardle;Corporate;;Warrnambool;Victoria;Australia;Oceania;Asia Pacific;TEC-CO-4589;Technology;Copiers;Hewlett Personal Copier, Laser;346,248;4;0,4;-207,792;17,57;Medium;August;2015
31190;IN-2015-CM119357-42217;Cumartesi, Ağustos 01, 2015;Cuma, Ağustos 07, 2015;Standard Class;CM-119357;Carlos Meador;Consumer;;Geelong;Victoria;Australia;Oceania;Asia Pacific;OFF-AP-4956;Office Supplies;Appliances;KitchenAid Microwave, Black;371,7;2;0,4;43,32;25,64;Medium;August;2015
26486;ID-2015-HM148607-42243;Perşembe, Ağustos 27, 2015;Salı, Eylül 01, 2015;Standard Class;HM-148607;Harry Marie;Corporate;;Hobart;Tasmania;Australia;Oceania;Asia Pacific;FUR-BO-3640;Furniture;Bookcases;Bush Library with Doors, Mobile;880,416;4;0,4;44,016;61,06;Medium;August;2015
30434;ID-2015-TZ214457-42242;Çarşamba, Ağustos 26, 2015;Cumartesi, Ağustos 29, 2015;First Class;TZ-214457;Tom Zandusky;Corporate;;Bendigo;Victoria;Australia;Oceania;Asia Pacific;FUR-BO-3898;Furniture;Bookcases;Dania Floating Shelf Set, Mobile;274,992;4;0,6;-158,208;46,37;High;August;2015
26751;ID-2015-HJ148757-42229;Perşembe, Ağustos 13, 2015;Salı, Ağustos 18, 2015;Standard Class;HJ-148757;Heather Jas;Home Office;;Canberra;Australian Capital Territory;Australia;Oceania;Asia Pacific;FUR-TA-3772;Furniture;Tables;Chromcraft Round Table, with Bottom Storage;560,52;3;0,6;-210,24;60,33;High;August;2015
22596;ID-2015-JH1598559-42243;Perşembe, Ağustos 27, 2015;Perşembe, Eylül 03, 2015;Standard Class;JH-1598559;Joseph Holt;Consumer;;Jakarta;Jakarta;Indonesia;Southeastern Asia;Asia Pacific;OFF-EN-4918;Office Supplies;Envelopes;Jiffy Manila Envelope, Recycled;184,0902;14;0,47;-159,8898;18,59;Low;August;2015
28931;ID-2015-SS2059059-42217;Cumartesi, Ağustos 01, 2015;Çarşamba, Ağustos 05, 2015;Second Class;SS-2059059;Sonia Sunley;Consumer;;Jakarta;Jakarta;Indonesia;Southeastern Asia;Asia Pacific;OFF-PA-5878;Office Supplies;Paper;SanDisk Message Books, Premium;12,6246;1;0,47;-11,1954;1,41;Medium;August;2015
29246;ID-2015-KB1631559-42241;Salı, Ağustos 25, 2015;Cuma, Ağustos 28, 2015;First Class;KB-1631559;Karl Braun;Consumer;;Jakarta;Jakarta;Indonesia;Southeastern Asia;Asia Pacific;OFF-EN-3110;Office Supplies;Envelopes;Ames Peel and Seal, Set of 50;9,9057;1;0,47;-8,2443;1,93;High;August;2015
24961;ID-2015-CS1195059-42246;Pazar, Ağustos 30, 2015;Perşembe, Eylül 03, 2015;Second Class;CS-1195059;Carlos Soltero;Consumer;;Jakarta;Jakarta;Indonesia;Southeastern Asia;Asia Pacific;OFF-LA-3310;Office Supplies;Labels;Avery Removable Labels, 5000 Label Set;41,2923;7;0,47;-8,6877;2,64;Medium;August;2015
23957;ID-2015-SG2089059-42217;Cumartesi, Ağustos 01, 2015;Perşembe, Ağustos 06, 2015;Standard Class;SG-2089059;Susan Gilcrest;Corporate;;Jakarta;Jakarta;Indonesia;Southeastern Asia;Asia Pacific;TEC-AC-5195;Technology;Accessories;Memorex Flash Drive, Programmable;32,754;2;0,47;-14,226;2,09;Medium;August;2015
23958;ID-2015-SG2089059-42217;Cumartesi, Ağustos 01, 2015;Perşembe, Ağustos 06, 2015;Standard Class;SG-2089059;Susan Gilcrest;Corporate;;Jakarta;Jakarta;Indonesia;Southeastern Asia;Asia Pacific;TEC-PH-3807;Technology;Phones;Cisco Smart Phone, with Caller ID;2172,0768;4;0,17;628,0368;155,13;Medium;August;2015
23337;ID-2015-JP1552059-42223;Cuma, Ağustos 07, 2015;Pazar, Ağustos 09, 2015;First Class;JP-1552059;Jeremy Pistek;Consumer;;Jakarta;Jakarta;Indonesia;Southeastern Asia;Asia Pacific;OFF-ST-5703;Office Supplies;Storage;Rogers Lockers, Wire Frame;874,3635;5;0,17;-10,6365;27,22;Medium;August;2015
23338;ID-2015-JP1552059-42223;Cuma, Ağustos 07, 2015;Pazar, Ağustos 09, 2015;First Class;JP-1552059;Jeremy Pistek;Consumer;;Jakarta;Jakarta;Indonesia;Southeastern Asia;Asia Pacific;TEC-MA-5510;Technology;Machines;Okidata Printer, Durable;668,8638;3;0,17;-32,2362;28;Medium;August;2015
23336;ID-2015-JP1552059-42223;Cuma, Ağustos 07, 2015;Pazar, Ağustos 09, 2015;First Class;JP-1552059;Jeremy Pistek;Consumer;;Jakarta;Jakarta;Indonesia;Southeastern Asia;Asia Pacific;OFF-ST-6275;Office Supplies;Storage;Tenex Shelving, Wire Frame;222,9795;5;0,17;-0,0705;40,93;Medium;August;2015
24960;ID-2015-CS1195059-42246;Pazar, Ağustos 30, 2015;Perşembe, Eylül 03, 2015;Second Class;CS-1195059;Carlos Soltero;Consumer;;Jakarta;Jakarta;Indonesia;Southeastern Asia;Asia Pacific;FUR-FU-5729;Furniture;Furnishings;Rubbermaid Frame, Durable;156,1032;2;0,27;-29,9568;11;Medium;August;2015
24962;ID-2015-CS1195059-42246;Pazar, Ağustos 30, 2015;Perşembe, Eylül 03, 2015;Second Class;CS-1195059;Carlos Soltero;Consumer;;Jakarta;Jakarta;Indonesia;Southeastern Asia;Asia Pacific;TEC-CO-3591;Technology;Copiers;Brother Fax and Copier, Color;358,8498;2;0,07;57,8298;34,62;Medium;August;2015
25721;IN-2015-VW2177559-42246;Pazar, Ağustos 30, 2015;Cuma, Eylül 04, 2015;Standard Class;VW-2177559;Victoria Wilson;Corporate;;Jakarta;Jakarta;Indonesia;Southeastern Asia;Asia Pacific;FUR-CH-5807;Furniture;Chairs;SAFCO Swivel Stool, Red;612,981;5;0,27;100,731;43,27;Medium;August;2015
21288;ID-2015-JC1534059-42225;Pazar, Ağustos 09, 2015;Pazartesi, Ağustos 10, 2015;First Class;JC-1534059;Jasper Cacioppo;Consumer;;Bandung;Jawa Barat;Indonesia;Southeastern Asia;Asia Pacific;OFF-LA-3315;Office Supplies;Labels;Avery Round Labels, Adjustable;8,0136;3;0,47;-6,3864;1,31;High;August;2015
21741;IN-2015-MV1748559-42238;Cumartesi, Ağustos 22, 2015;Çarşamba, Ağustos 26, 2015;Standard Class;MV-1748559;Mark Van Huff;Consumer;;Bandung;Jawa Barat;Indonesia;Southeastern Asia;Asia Pacific;OFF-AP-4953;Office Supplies;Appliances;KitchenAid Coffee Grinder, Red;175,4703;3;0,17;46,5003;14,63;Medium;August;2015
26877;ID-2015-VB2174559-42230;Cuma, Ağustos 14, 2015;Salı, Ağustos 18, 2015;Second Class;VB-2174559;Victoria Brennan;Corporate;;Bandung;Jawa Barat;Indonesia;Southeastern Asia;Asia Pacific;FUR-CH-4627;Furniture;Chairs;Hon Bag Chairs, Black;124,7424;4;0,27;-44,4576;18,29;High;August;2015
26878;ID-2015-VB2174559-42230;Cuma, Ağustos 14, 2015;Salı, Ağustos 18, 2015;Second Class;VB-2174559;Victoria Brennan;Corporate;;Bandung;Jawa Barat;Indonesia;Southeastern Asia;Asia Pacific;FUR-FU-6269;Furniture;Furnishings;Tenex Photo Frame, Duo Pack;189,435;5;0,27;23,235;28,35;High;August;2015
29811;IN-2015-HK1489059-42244;Cuma, Ağustos 28, 2015;Salı, Eylül 01, 2015;Standard Class;HK-1489059;Heather Kirkland;Corporate;;Bandung;Jawa Barat;Indonesia;Southeastern Asia;Asia Pacific;TEC-CO-5998;Technology;Copiers;Sharp Fax Machine, Digital;823,8591;3;0,07;97,3791;140,86;High;August;2015
22745;IN-2015-PP1895559-42224;Cumartesi, Ağustos 08, 2015;Cumartesi, Ağustos 15, 2015;Standard Class;PP-1895559;Paul Prost;Home Office;;Bekasi;Jawa Barat;Indonesia;Southeastern Asia;Asia Pacific;TEC-PH-5337;Technology;Phones;Nokia Audio Dock, VoIP;138,4689;1;0,17;23,3289;6,19;Medium;August;2015
22744;IN-2015-PP1895559-42224;Cumartesi, Ağustos 08, 2015;Cumartesi, Ağustos 15, 2015;Standard Class;PP-1895559;Paul Prost;Home Office;;Bekasi;Jawa Barat;Indonesia;Southeastern Asia;Asia Pacific;OFF-BI-2897;Office Supplies;Binders;Acco Binder, Economy;88,0215;7;0,17;14,7315;6,5;Medium;August;2015
23453;IN-2015-AT1043559-42243;Perşembe, Ağustos 27, 2015;Pazartesi, Ağustos 31, 2015;Standard Class;AT-1043559;Alyssa Tate;Home Office;;Depok;Jawa Barat;Indonesia;Southeastern Asia;Asia Pacific;OFF-ST-4028;Office Supplies;Storage;Eldon Box, Blue;8,5158;1;0,17;1,7358;1,58;Medium;August;2015
23454;IN-2015-AT1043559-42243;Perşembe, Ağustos 27, 2015;Pazartesi, Ağustos 31, 2015;Standard Class;AT-1043559;Alyssa Tate;Home Office;;Depok;Jawa Barat;Indonesia;Southeastern Asia;Asia Pacific;OFF-AR-3528;Office Supplies;Art;Boston Canvas, Water Color;290,3502;7;0,27;-107,3898;20,49;Medium;August;2015
23452;IN-2015-AT1043559-42243;Perşembe, Ağustos 27, 2015;Pazartesi, Ağustos 31, 2015;Standard Class;AT-1043559;Alyssa Tate;Home Office;;Depok;Jawa Barat;Indonesia;Southeastern Asia;Asia Pacific;TEC-CO-4578;Technology;Copiers;Hewlett Fax Machine, Laser;892,5768;3;0,07;393,4368;93,01;Medium;August;2015
23455;IN-2015-AT1043559-42243;Perşembe, Ağustos 27, 2015;Pazartesi, Ağustos 31, 2015;Standard Class;AT-1043559;Alyssa Tate;Home Office;;Depok;Jawa Barat;Indonesia;Southeastern Asia;Asia Pacific;TEC-CO-4791;Technology;Copiers;HP Wireless Fax, High-Speed;999,9639;3;0,07;268,8039;102,59;Medium;August;2015
24856;ID-2015-DP1339059-42236;Perşembe, Ağustos 20, 2015;Çarşamba, Ağustos 26, 2015;Standard Class;DP-1339059;Dennis Pardue;Home Office;;Surabaya;Jawa Timur;Indonesia;Southeastern Asia;Asia Pacific;OFF-BI-4823;Office Supplies;Binders;Ibico Hole Reinforcements, Clear;10,707;2;0,17;-0,813;1,1;Medium;August;2015
24269;ID-2015-SH2063559-42237;Cuma, Ağustos 21, 2015;Cuma, Ağustos 28, 2015;Standard Class;SH-2063559;Stefanie Holloman;Corporate;;Surabaya;Jawa Timur;Indonesia;Southeastern Asia;Asia Pacific;OFF-LA-5398;Office Supplies;Labels;Novimex Round Labels, 5000 Label Set;10,5894;3;0,47;-3,2706;1,82;Low;August;2015
24270;ID-2015-SH2063559-42237;Cuma, Ağustos 21, 2015;Cuma, Ağustos 28, 2015;Standard Class;SH-2063559;Stefanie Holloman;Corporate;;Surabaya;Jawa Timur;Indonesia;Southeastern Asia;Asia Pacific;OFF-PA-5891;Office Supplies;Paper;SanDisk Parchment Paper, Multicolor;28,8108;3;0,47;-5,4792;3,38;Low;August;2015
29112;ID-2015-CC1243059-42236;Perşembe, Ağustos 20, 2015;Çarşamba, Ağustos 26, 2015;Standard Class;CC-1243059;Chuck Clark;Home Office;;Surabaya;Jawa Timur;Indonesia;Southeastern Asia;Asia Pacific;TEC-AC-3393;Technology;Accessories;Belkin Mouse, Erganomic;40,8312;2;0,47;-19,2888;3,59;Medium;August;2015
24268;ID-2015-SH2063559-42237;Cuma, Ağustos 21, 2015;Cuma, Ağustos 28, 2015;Standard Class;SH-2063559;Stefanie Holloman;Corporate;;Surabaya;Jawa Timur;Indonesia;Southeastern Asia;Asia Pacific;OFF-AR-3454;Office Supplies;Art;BIC Highlighters, Water Color;129,1224;8;0,27;-47,7576;18,6;Low;August;2015
29113;ID-2015-CC1243059-42236;Perşembe, Ağustos 20, 2015;Çarşamba, Ağustos 26, 2015;Standard Class;CC-1243059;Chuck Clark;Home Office;;Surabaya;Jawa Timur;Indonesia;Southeastern Asia;Asia Pacific;TEC-PH-5813;Technology;Phones;Samsung Audio Dock, Full Size;418,6188;3;0,17;105,8688;20,97;Medium;August;2015
24271;ID-2015-SH2063559-42237;Cuma, Ağustos 21, 2015;Cuma, Ağustos 28, 2015;Standard Class;SH-2063559;Stefanie Holloman;Corporate;;Surabaya;Jawa Timur;Indonesia;Southeastern Asia;Asia Pacific;FUR-BO-5943;Furniture;Bookcases;Sauder 3-Shelf Cabinet, Traditional;465,0372;3;0,07;19,9872;43,69;Low;August;2015
24272;ID-2015-SH2063559-42237;Cuma, Ağustos 21, 2015;Cuma, Ağustos 28, 2015;Standard Class;SH-2063559;Stefanie Holloman;Corporate;;Surabaya;Jawa Timur;Indonesia;Southeastern Asia;Asia Pacific;TEC-MA-4209;Technology;Machines;Epson Receipt Printer, Durable;486,1725;5;0,17;128,7225;44,34;Low;August;2015
24555;ID-2015-TC2129559-42223;Cuma, Ağustos 07, 2015;Çarşamba, Ağustos 12, 2015;Standard Class;TC-2129559;Toby Carlisle;Consumer;;Malang;Jawa Timur;Indonesia;Southeastern Asia;Asia Pacific;OFF-BI-2898;Office Supplies;Binders;Acco Binder, Recycled;64,3665;5;0,17;-10,1835;4,03;Medium;August;2015
23171;IN-2015-SK1999059-42231;Cumartesi, Ağustos 15, 2015;Perşembe, Ağustos 20, 2015;Second Class;SK-1999059;Sally Knutson;Consumer;;Medan;Sumatera Utara;Indonesia;Southeastern Asia;Asia Pacific;OFF-AR-3484;Office Supplies;Art;Binney & Smith Highlighters, Water Color;72,1605;5;0,27;15,7605;4,19;Medium;August;2015
23172;IN-2015-SK1999059-42231;Cumartesi, Ağustos 15, 2015;Perşembe, Ağustos 20, 2015;Second Class;SK-1999059;Sally Knutson;Consumer;;Medan;Sumatera Utara;Indonesia;Southeastern Asia;Asia Pacific;FUR-FU-3928;Furniture;Furnishings;Deflect-O Clock, Black;146,9052;4;0,27;-40,2948;12,48;Medium;August;2015
22004;ID-2015-TB2119059-42227;Salı, Ağustos 11, 2015;Pazar, Ağustos 16, 2015;Second Class;TB-2119059;Thomas Brumley;Home Office;;Pekalongan;Jawa Tengah;Indonesia;Southeastern Asia;Asia Pacific;TEC-AC-4188;Technology;Accessories;Enermax Router, USB;685,131;5;0,47;-232,719;1,53;Medium;August;2015
22003;ID-2015-TB2119059-42227;Salı, Ağustos 11, 2015;Pazar, Ağustos 16, 2015;Second Class;TB-2119059;Thomas Brumley;Home Office;;Pekalongan;Jawa Tengah;Indonesia;Southeastern Asia;Asia Pacific;OFF-SU-4122;Office Supplies;Supplies;Elite Letter Opener, Steel;12,72;1;0,47;-1,44;1,95;Medium;August;2015
24994;IN-2015-KE1642059-42220;Salı, Ağustos 04, 2015;Pazartesi, Ağustos 10, 2015;Standard Class;KE-1642059;Katrina Edelman;Corporate;;Tegal;Jawa Tengah;Indonesia;Southeastern Asia;Asia Pacific;TEC-AC-3392;Technology;Accessories;Belkin Mouse, Bluetooth;194,1867;9;0,47;-121,1733;10,41;Medium;August;2015
26044;ID-2015-RO1978059-42230;Cuma, Ağustos 14, 2015;Çarşamba, Ağustos 19, 2015;Standard Class;RO-1978059;Rose O'Brian;Consumer;;Semarang;Jawa Tengah;Indonesia;Southeastern Asia;Asia Pacific;TEC-AC-3391;Technology;Accessories;Belkin Memory Card, USB;243,8424;4;0,47;-202,4376;18,97;Medium;August;2015
22875;ID-2015-TB2152059-42234;Salı, Ağustos 18, 2015;Cumartesi, Ağustos 22, 2015;Second Class;TB-2152059;Tracy Blumstein;Consumer;;Semarang;Jawa Tengah;Indonesia;Southeastern Asia;Asia Pacific;OFF-AR-3555;Office Supplies;Art;Boston Sketch Pad, Water Color;264,5958;7;0,27;-58,1742;21,56;Medium;August;2015
22005;ID-2015-TB2119059-42227;Salı, Ağustos 11, 2015;Pazar, Ağustos 16, 2015;Second Class;TB-2119059;Thomas Brumley;Home Office;;Pekalongan;Jawa Tengah;Indonesia;Southeastern Asia;Asia Pacific;FUR-BO-3639;Furniture;Bookcases;Bush Library with Doors, Metal;338,3154;1;0,07;3,6354;32,35;Medium;August;2015
24993;IN-2015-KE1642059-42220;Salı, Ağustos 04, 2015;Pazartesi, Ağustos 10, 2015;Standard Class;KE-1642059;Katrina Edelman;Corporate;;Tegal;Jawa Tengah;Indonesia;Southeastern Asia;Asia Pacific;TEC-CO-4580;Technology;Copiers;Hewlett Ink, Digital;551,7504;4;0,07;195,7104;38,52;Medium;August;2015
21821;IN-2015-SS2059059-42236;Perşembe, Ağustos 20, 2015;Pazar, Ağustos 23, 2015;Second Class;SS-2059059;Sonia Sunley;Consumer;;Depok;Yogyakarta;Indonesia;Southeastern Asia;Asia Pacific;OFF-FA-3053;Office Supplies;Fasteners;Advantus Push Pins, 12 Pack;22,0374;3;0,47;1,2474;1,26;Medium;August;2015
24577;IN-2015-KL1655559-42232;Pazar, Ağustos 16, 2015;Cuma, Ağustos 21, 2015;Second Class;KL-1655559;Kelly Lampkin;Corporate;;Yogyakarta;Yogyakarta;Indonesia;Southeastern Asia;Asia Pacific;OFF-LA-4640;Office Supplies;Labels;Hon Color Coded Labels, Laser Printer Compatible;47,5251;7;0,47;-12,7449;2,09;Medium;August;2015
24576;IN-2015-KL1655559-42232;Pazar, Ağustos 16, 2015;Cuma, Ağustos 21, 2015;Second Class;KL-1655559;Kelly Lampkin;Corporate;;Yogyakarta;Yogyakarta;Indonesia;Southeastern Asia;Asia Pacific;OFF-ST-6251;Office Supplies;Storage;Tenex Folders, Single Width;57,8925;3;0,17;2,0925;5,39;Medium;August;2015
21825;IN-2015-SS2059059-42236;Perşembe, Ağustos 20, 2015;Pazar, Ağustos 23, 2015;Second Class;SS-2059059;Sonia Sunley;Consumer;;Depok;Yogyakarta;Indonesia;Southeastern Asia;Asia Pacific;OFF-PA-4176;Office Supplies;Paper;Enermax Note Cards, Multicolor;86,496;5;0,47;-66,954;7,39;Medium;August;2015
21824;IN-2015-SS2059059-42236;Perşembe, Ağustos 20, 2015;Pazar, Ağustos 23, 2015;Second Class;SS-2059059;Sonia Sunley;Consumer;;Depok;Yogyakarta;Indonesia;Southeastern Asia;Asia Pacific;OFF-SU-6179;Office Supplies;Supplies;Stiletto Shears, Steel;125,8485;5;0,47;-87,9015;8,07;Medium;August;2015
21822;IN-2015-SS2059059-42236;Perşembe, Ağustos 20, 2015;Pazar, Ağustos 23, 2015;Second Class;SS-2059059;Sonia Sunley;Consumer;;Depok;Yogyakarta;Indonesia;Southeastern Asia;Asia Pacific;OFF-EN-4444;Office Supplies;Envelopes;GlobeWeis Mailers, Security-Tint;130,221;6;0,47;-14,859;13,4;Medium;August;2015
21823;IN-2015-SS2059059-42236;Perşembe, Ağustos 20, 2015;Pazar, Ağustos 23, 2015;Second Class;SS-2059059;Sonia Sunley;Consumer;;Depok;Yogyakarta;Indonesia;Southeastern Asia;Asia Pacific;FUR-FU-6276;Furniture;Furnishings;Tenex Stacking Tray, Black;110,7702;6;0,27;4,3902;15,11;Medium;August;2015
22344;ID-2015-FC1433559-42222;Perşembe, Ağustos 06, 2015;Pazartesi, Ağustos 10, 2015;Standard Class;FC-1433559;Fred Chung;Corporate;;Banjarmasin;Kalimantan Selatan;Indonesia;Southeastern Asia;Asia Pacific;OFF-PA-6619;Office Supplies;Paper;Xerox Note Cards, Premium;13,9761;1;0,47;-4,5039;1,34;Medium;August;2015
21208;IN-2015-LA1678059-42242;Çarşamba, Ağustos 26, 2015;Perşembe, Ağustos 27, 2015;First Class;LA-1678059;Laura Armstrong;Corporate;;Palembang;Sumatera Selatan;Indonesia;Southeastern Asia;Asia Pacific;OFF-FA-6198;Office Supplies;Fasteners;Stockwell Rubber Bands, Assorted Sizes;7,4094;1;0,47;0,4194;1,54;High;August;2015
27835;ID-2015-DB1291059-42239;Pazar, Ağustos 23, 2015;Perşembe, Ağustos 27, 2015;Standard Class;DB-1291059;Daniel Byrd;Home Office;;Padang;Sumatera Barat;Indonesia;Southeastern Asia;Asia Pacific;OFF-AR-3463;Office Supplies;Art;BIC Pencil Sharpener, Water Color;23,4987;1;0,27;-7,1013;3,65;High;August;2015
25345;ID-2015-AW1093059-42221;Çarşamba, Ağustos 05, 2015;Pazartesi, Ağustos 10, 2015;Standard Class;AW-1093059;Arthur Wiediger;Home Office;;Palembang;Sumatera Selatan;Indonesia;Southeastern Asia;Asia Pacific;OFF-PA-4466;Office Supplies;Paper;Green Bar Computer Printout Paper, 8.5 x 11;53,901;3;0,47;-21,429;7,21;High;August;2015
21209;IN-2015-LA1678059-42242;Çarşamba, Ağustos 26, 2015;Perşembe, Ağustos 27, 2015;First Class;LA-1678059;Laura Armstrong;Corporate;;Palembang;Sumatera Selatan;Indonesia;Southeastern Asia;Asia Pacific;FUR-TA-3422;Furniture;Tables;Bevis Conference Table, with Bottom Storage;3427,1496;7;0,47;-452,8104;586,57;High;August;2015
23236;ID-2015-TP21130130-42221;Çarşamba, Ağustos 05, 2015;Pazar, Ağustos 09, 2015;Standard Class;TP-21130130;Theone Pippenger;Consumer;;Bangkok;Bangkok;Thailand;Southeastern Asia;Asia Pacific;OFF-ST-4250;Office Supplies;Storage;Fellowes Box, Blue;41,7216;4;0,47;1,5216;1,13;Medium;August;2015
23239;ID-2015-TP21130130-42221;Çarşamba, Ağustos 05, 2015;Pazar, Ağustos 09, 2015;Standard Class;TP-21130130;Theone Pippenger;Consumer;;Bangkok;Bangkok;Thailand;Southeastern Asia;Asia Pacific;OFF-FA-6208;Office Supplies;Fasteners;Stockwell Thumb Tacks, Metal;21,7035;3;0,47;-5,7465;1,27;Medium;August;2015
23235;ID-2015-TP21130130-42221;Çarşamba, Ağustos 05, 2015;Pazar, Ağustos 09, 2015;Standard Class;TP-21130130;Theone Pippenger;Consumer;;Bangkok;Bangkok;Thailand;Southeastern Asia;Asia Pacific;OFF-FA-6205;Office Supplies;Fasteners;Stockwell Thumb Tacks, 12 Pack;20,6064;3;0,47;-5,8536;1,49;Medium;August;2015
23826;ID-2015-JS15880130-42224;Cumartesi, Ağustos 08, 2015;Salı, Ağustos 11, 2015;First Class;JS-15880130;John Stevenson;Consumer;;Bangkok;Bangkok;Thailand;Southeastern Asia;Asia Pacific;OFF-FA-5467;Office Supplies;Fasteners;OIC Paper Clips, 12 Pack;22,0374;3;0,47;-12,5226;2,04;Medium;August;2015
28436;ID-2015-VD21670130-42238;Cumartesi, Ağustos 22, 2015;Cuma, Ağustos 28, 2015;Standard Class;VD-21670130;Valerie Dominguez;Consumer;;Bangkok;Bangkok;Thailand;Southeastern Asia;Asia Pacific;OFF-AR-3449;Office Supplies;Art;BIC Canvas, Fluorescent;116,5152;4;0,47;-30,8448;2,24;Medium;August;2015
23232;ID-2015-TP21130130-42221;Çarşamba, Ağustos 05, 2015;Pazar, Ağustos 09, 2015;Standard Class;TP-21130130;Theone Pippenger;Consumer;;Bangkok;Bangkok;Thailand;Southeastern Asia;Asia Pacific;OFF-AR-3449;Office Supplies;Art;BIC Canvas, Fluorescent;174,7728;6;0,47;-46,2672;8,03;Medium;August;2015
28435;ID-2015-VD21670130-42238;Cumartesi, Ağustos 22, 2015;Cuma, Ağustos 28, 2015;Standard Class;VD-21670130;Valerie Dominguez;Consumer;;Bangkok;Bangkok;Thailand;Southeastern Asia;Asia Pacific;OFF-PA-4466;Office Supplies;Paper;Green Bar Computer Printout Paper, 8.5 x 11;197,637;11;0,47;-78,573;11,55;Medium;August;2015
24890;ID-2015-DJ13630130-42221;Çarşamba, Ağustos 05, 2015;Pazar, Ağustos 09, 2015;Standard Class;DJ-13630130;Doug Jacobs;Consumer;;Bangkok;Bangkok;Thailand;Southeastern Asia;Asia Pacific;OFF-PA-5890;Office Supplies;Paper;SanDisk Parchment Paper, 8.5 x 11;33,1515;3;0,47;-23,1885;3,78;High;August;2015
24729;ID-2015-AC10660130-42236;Perşembe, Ağustos 20, 2015;Pazar, Ağustos 23, 2015;First Class;AC-10660130;Anna Chung;Consumer;;Bangkok;Bangkok;Thailand;Southeastern Asia;Asia Pacific;OFF-AR-3450;Office Supplies;Art;BIC Canvas, Water Color;60,2928;2;0,47;-38,7072;8,06;High;August;2015
23240;ID-2015-TP21130130-42221;Çarşamba, Ağustos 05, 2015;Pazar, Ağustos 09, 2015;Standard Class;TP-21130130;Theone Pippenger;Consumer;;Bangkok;Bangkok;Thailand;Southeastern Asia;Asia Pacific;TEC-AC-4157;Technology;Accessories;Enermax Keyboard, Programmable;90,0576;2;0,47;-28,9224;5,41;Medium;August;2015
28432;ID-2015-VD21670130-42238;Cumartesi, Ağustos 22, 2015;Cuma, Ağustos 28, 2015;Standard Class;VD-21670130;Valerie Dominguez;Consumer;;Bangkok;Bangkok;Thailand;Southeastern Asia;Asia Pacific;OFF-BI-3736;Office Supplies;Binders;Cardinal Hole Reinforcements, Recycled;42,579;9;0,17;3,969;1,7;Medium;August;2015
23827;ID-2015-JS15880130-42224;Cumartesi, Ağustos 08, 2015;Salı, Ağustos 11, 2015;First Class;JS-15880130;John Stevenson;Consumer;;Bangkok;Bangkok;Thailand;Southeastern Asia;Asia Pacific;OFF-BI-3722;Office Supplies;Binders;Cardinal Binder, Economy;34,4367;3;0,17;2,8467;3,52;Medium;August;2015
22864;IN-2015-FP14320130-42225;Pazar, Ağustos 09, 2015;Perşembe, Ağustos 13, 2015;Standard Class;FP-14320130;Frank Preis;Consumer;;Bangkok;Bangkok;Thailand;Southeastern Asia;Asia Pacific;OFF-BI-3189;Office Supplies;Binders;Avery 3-Hole Punch, Recycled;117,1545;5;0,17;43,6545;7,5;Medium;August;2015
23238;ID-2015-TP21130130-42221;Çarşamba, Ağustos 05, 2015;Pazar, Ağustos 09, 2015;Standard Class;TP-21130130;Theone Pippenger;Consumer;;Bangkok;Bangkok;Thailand;Southeastern Asia;Asia Pacific;TEC-PH-5259;Technology;Phones;Motorola Office Telephone, Cordless;123,8526;2;0,17;7,4526;9,06;Medium;August;2015
23234;ID-2015-TP21130130-42221;Çarşamba, Ağustos 05, 2015;Pazar, Ağustos 09, 2015;Standard Class;TP-21130130;Theone Pippenger;Consumer;;Bangkok;Bangkok;Thailand;Southeastern Asia;Asia Pacific;TEC-CO-4771;Technology;Copiers;HP Fax and Copier, High-Speed;323,3601;3;0,37;-66,7899;2,99;Medium;August;2015
23237;ID-2015-TP21130130-42221;Çarşamba, Ağustos 05, 2015;Pazar, Ağustos 09, 2015;Standard Class;TP-21130130;Theone Pippenger;Consumer;;Bangkok;Bangkok;Thailand;Southeastern Asia;Asia Pacific;FUR-CH-5759;Furniture;Chairs;SAFCO Chairmat, Set of Two;90,6222;2;0,27;9,9222;5,5;Medium;August;2015
28434;ID-2015-VD21670130-42238;Cumartesi, Ağustos 22, 2015;Cuma, Ağustos 28, 2015;Standard Class;VD-21670130;Valerie Dominguez;Consumer;;Bangkok;Bangkok;Thailand;Southeastern Asia;Asia Pacific;FUR-CH-4546;Furniture;Chairs;Harbour Creations Rocking Chair, Red;322,1271;3;0,27;-4,4829;9,69;Medium;August;2015
22863;IN-2015-FP14320130-42225;Pazar, Ağustos 09, 2015;Perşembe, Ağustos 13, 2015;Standard Class;FP-14320130;Frank Preis;Consumer;;Bangkok;Bangkok;Thailand;Southeastern Asia;Asia Pacific;FUR-BO-4858;Furniture;Bookcases;Ikea Floating Shelf Set, Pine;216,3294;2;0,37;-113,3706;21,47;Medium;August;2015
23233;ID-2015-TP21130130-42221;Çarşamba, Ağustos 05, 2015;Pazar, Ağustos 09, 2015;Standard Class;TP-21130130;Theone Pippenger;Consumer;;Bangkok;Bangkok;Thailand;Southeastern Asia;Asia Pacific;FUR-BO-5747;Furniture;Bookcases;Safco 3-Shelf Cabinet, Pine;321,6591;3;0,37;-132,7509;30,79;Medium;August;2015
28433;ID-2015-VD21670130-42238;Cumartesi, Ağustos 22, 2015;Cuma, Ağustos 28, 2015;Standard Class;VD-21670130;Valerie Dominguez;Consumer;;Bangkok;Bangkok;Thailand;Southeastern Asia;Asia Pacific;TEC-CO-3611;Technology;Copiers;Brother Wireless Fax, Laser;477,3006;2;0,37;45,4206;39,73;Medium;August;2015
28431;ID-2015-VD21670130-42238;Cumartesi, Ağustos 22, 2015;Cuma, Ağustos 28, 2015;Standard Class;VD-21670130;Valerie Dominguez;Consumer;;Bangkok;Bangkok;Thailand;Southeastern Asia;Asia Pacific;FUR-FU-5729;Furniture;Furnishings;Rubbermaid Frame, Durable;546,3612;7;0,27;-104,8488;44,16;Medium;August;2015
24891;ID-2015-DJ13630130-42221;Çarşamba, Ağustos 05, 2015;Pazar, Ağustos 09, 2015;Standard Class;DJ-13630130;Doug Jacobs;Consumer;;Bangkok;Bangkok;Thailand;Southeastern Asia;Asia Pacific;FUR-TA-5062;Furniture;Tables;Lesro Round Table, Adjustable Height;781,224;4;0,57;-599,616;86,6;High;August;2015
24218;ID-2015-RA19915102-42227;Salı, Ağustos 11, 2015;Pazar, Ağustos 16, 2015;Second Class;RA-19915102;Russell Applegate;Consumer;;San Jose del Monte;Central Luzon;Philippines;Southeastern Asia;Asia Pacific;TEC-AC-5100;Technology;Accessories;Logitech Flash Drive, Erganomic;31,152;2;0,45;-0,588;1,58;Medium;August;2015
28684;IN-2015-BK1126088-42238;Cumartesi, Ağustos 22, 2015;Cuma, Ağustos 28, 2015;Standard Class;BK-1126088;Berenike Kampe;Consumer;;Yangon;Yangon;Myanmar (Burma);Southeastern Asia;Asia Pacific;OFF-EN-4911;Office Supplies;Envelopes;Jiffy Interoffice Envelope, Security-Tint;121,6116;3;0,17;16,0416;10,99;Medium;August;2015
20531;IN-2015-MC1727588-42241;Salı, Ağustos 25, 2015;Salı, Ağustos 25, 2015;Same Day;MC-1727588;Marc Crier;Consumer;;Yangon;Yangon;Myanmar (Burma);Southeastern Asia;Asia Pacific;OFF-EN-3667;Office Supplies;Envelopes;Cameo Mailers, Set of 50;63,3456;2;0,17;16,7856;12,67;Medium;August;2015
20532;IN-2015-MC1727588-42241;Salı, Ağustos 25, 2015;Salı, Ağustos 25, 2015;Same Day;MC-1727588;Marc Crier;Consumer;;Yangon;Yangon;Myanmar (Burma);Southeastern Asia;Asia Pacific;OFF-AR-3501;Office Supplies;Art;Binney & Smith Sketch Pad, Fluorescent;78,9828;2;0,17;10,4628;16,64;Medium;August;2015
21893;IN-2015-NP1868588-42242;Çarşamba, Ağustos 26, 2015;Pazartesi, Ağustos 31, 2015;Standard Class;NP-1868588;Nora Pelletier;Home Office;;Yangon;Yangon;Myanmar (Burma);Southeastern Asia;Asia Pacific;TEC-PH-3785;Technology;Phones;Cisco Audio Dock, Full Size;304,3776;2;0,17;-3,7224;48,01;High;August;2015
20533;IN-2015-MC1727588-42241;Salı, Ağustos 25, 2015;Salı, Ağustos 25, 2015;Same Day;MC-1727588;Marc Crier;Consumer;;Yangon;Yangon;Myanmar (Burma);Southeastern Asia;Asia Pacific;TEC-PH-5836;Technology;Phones;Samsung Signal Booster, Full Size;457,7616;4;0,17;-82,8384;99,87;Medium;August;2015
21894;IN-2015-NP1868588-42242;Çarşamba, Ağustos 26, 2015;Pazartesi, Ağustos 31, 2015;Standard Class;NP-1868588;Nora Pelletier;Home Office;;Yangon;Yangon;Myanmar (Burma);Southeastern Asia;Asia Pacific;FUR-CH-4654;Furniture;Chairs;Hon Executive Leather Armchair, Adjustable;1006,5897;3;0,27;-110,4003;123,83;High;August;2015
30032;IN-2015-TW21025144-42224;Cumartesi, Ağustos 08, 2015;Salı, Ağustos 11, 2015;First Class;TW-21025144;Tamara Willingham;Home Office;;Ho Chi Minh City;Ho Chí Minh City;Vietnam;Southeastern Asia;Asia Pacific;TEC-MA-4194;Technology;Machines;Epson Card Printer, Red;138,693;1;0,17;31,743;18,72;High;August;2015
27217;ID-2015-BF11215144-42236;Perşembe, Ağustos 20, 2015;Pazartesi, Ağustos 24, 2015;Standard Class;BF-11215144;Benjamin Farhat;Home Office;;Ho Chi Minh City;Ho Chí Minh City;Vietnam;Southeastern Asia;Asia Pacific;OFF-SU-6175;Office Supplies;Supplies;Stiletto Scissors, Steel;38,1966;2;0,17;-6,9234;3,6;Medium;August;2015
27215;ID-2015-BF11215144-42236;Perşembe, Ağustos 20, 2015;Pazartesi, Ağustos 24, 2015;Standard Class;BF-11215144;Benjamin Farhat;Home Office;;Ho Chi Minh City;Ho Chí Minh City;Vietnam;Southeastern Asia;Asia Pacific;OFF-PA-4475;Office Supplies;Paper;Green Bar Message Books, Multicolor;146,412;7;0,17;-19,488;8,22;Medium;August;2015
27216;ID-2015-BF11215144-42236;Perşembe, Ağustos 20, 2015;Pazartesi, Ağustos 24, 2015;Standard Class;BF-11215144;Benjamin Farhat;Home Office;;Ho Chi Minh City;Ho Chí Minh City;Vietnam;Southeastern Asia;Asia Pacific;OFF-SU-4992;Office Supplies;Supplies;Kleencut Shears, Steel;153,2844;4;0,17;3,6444;12,11;Medium;August;2015
21875;ID-2015-FH14365102-42245;Cumartesi, Ağustos 29, 2015;Perşembe, Eylül 03, 2015;Standard Class;FH-14365102;Fred Hopkins;Corporate;;Manila;National Capital;Philippines;Southeastern Asia;Asia Pacific;OFF-LA-5376;Office Supplies;Labels;Novimex Color Coded Labels, Alphabetical;20,196;3;0,45;-9,954;1,23;Medium;August;2015
22557;ID-2015-RB19645102-42219;Pazartesi, Ağustos 03, 2015;Cuma, Ağustos 07, 2015;Standard Class;RB-19645102;Robert Barroso;Corporate;;Manila;National Capital;Philippines;Southeastern Asia;Asia Pacific;OFF-SU-2993;Office Supplies;Supplies;Acme Shears, Easy Grip;85,041;3;0,45;-54,189;4,07;Medium;August;2015
26769;ID-2015-LC16960102-42229;Perşembe, Ağustos 13, 2015;Salı, Ağustos 18, 2015;Standard Class;LC-16960102;Lindsay Castell;Home Office;;Manila;National Capital;Philippines;Southeastern Asia;Asia Pacific;OFF-EN-5031;Office Supplies;Envelopes;Kraft Interoffice Envelope, Set of 50;103,224;4;0,45;-47,016;15,12;High;August;2015
28717;ID-2015-BD11620102-42232;Pazar, Ağustos 16, 2015;Çarşamba, Ağustos 19, 2015;Second Class;BD-11620102;Brian DeCherney;Consumer;;Manila;National Capital;Philippines;Southeastern Asia;Asia Pacific;OFF-PA-3997;Office Supplies;Paper;Eaton Memo Slips, Recycled;22,5225;3;0,45;2,0025;1,25;Medium;August;2015
28718;ID-2015-BD11620102-42232;Pazar, Ağustos 16, 2015;Çarşamba, Ağustos 19, 2015;Second Class;BD-11620102;Brian DeCherney;Consumer;;Manila;National Capital;Philippines;Southeastern Asia;Asia Pacific;OFF-FA-5486;Office Supplies;Fasteners;OIC Thumb Tacks, Bulk Pack;38,6925;5;0,45;-12,7575;2,79;Medium;August;2015
26772;ID-2015-LC16960102-42229;Perşembe, Ağustos 13, 2015;Salı, Ağustos 18, 2015;Standard Class;LC-16960102;Lindsay Castell;Home Office;;Manila;National Capital;Philippines;Southeastern Asia;Asia Pacific;FUR-CH-5396;Furniture;Chairs;Novimex Rocking Chair, Red;295,7175;3;0,25;-67,0725;56,13;High;August;2015
26770;ID-2015-LC16960102-42229;Perşembe, Ağustos 13, 2015;Salı, Ağustos 18, 2015;Standard Class;LC-16960102;Lindsay Castell;Home Office;;Manila;National Capital;Philippines;Southeastern Asia;Asia Pacific;TEC-MA-4212;Technology;Machines;Epson Receipt Printer, Wireless;789,9525;9;0,25;-10,5975;77,14;High;August;2015
25785;IN-2015-HA14905102-42230;Cuma, Ağustos 14, 2015;Pazar, Ağustos 16, 2015;First Class;HA-14905102;Helen Abelman;Consumer;;Manila;National Capital;Philippines;Southeastern Asia;Asia Pacific;OFF-BI-3722;Office Supplies;Binders;Cardinal Binder, Economy;35,2665;3;0,15;3,6765;3,21;High;August;2015
27403;ID-2015-NP18685102-42224;Cumartesi, Ağustos 08, 2015;Perşembe, Ağustos 13, 2015;Standard Class;NP-18685102;Nora Pelletier;Home Office;;Manila;National Capital;Philippines;Southeastern Asia;Asia Pacific;OFF-AP-3859;Office Supplies;Appliances;Cuisinart Blender, White;55,3605;1;0,15;-7,1895;4,74;High;August;2015
22558;ID-2015-RB19645102-42219;Pazartesi, Ağustos 03, 2015;Cuma, Ağustos 07, 2015;Standard Class;RB-19645102;Robert Barroso;Corporate;;Manila;National Capital;Philippines;Southeastern Asia;Asia Pacific;TEC-CO-4591;Technology;Copiers;Hewlett Wireless Fax, Digital;740,6685;3;0,35;68,3685;13,01;Medium;August;2015
28716;ID-2015-BD11620102-42232;Pazar, Ağustos 16, 2015;Çarşamba, Ağustos 19, 2015;Second Class;BD-11620102;Brian DeCherney;Consumer;;Manila;National Capital;Philippines;Southeastern Asia;Asia Pacific;FUR-TA-3353;Furniture;Tables;Barricks Training Table, Fully Assembled;719,4825;5;0,55;-143,9175;61,48;Medium;August;2015
26771;ID-2015-LC16960102-42229;Perşembe, Ağustos 13, 2015;Salı, Ağustos 18, 2015;Standard Class;LC-16960102;Lindsay Castell;Home Office;;Manila;National Capital;Philippines;Southeastern Asia;Asia Pacific;FUR-BO-3631;Furniture;Bookcases;Bush Corner Shelving, Traditional;725,3415;9;0,35;122,7015;64;High;August;2015
21876;ID-2015-FH14365102-42245;Cumartesi, Ağustos 29, 2015;Perşembe, Eylül 03, 2015;Standard Class;FH-14365102;Fred Hopkins;Corporate;;Manila;National Capital;Philippines;Southeastern Asia;Asia Pacific;OFF-AP-3573;Office Supplies;Appliances;Breville Microwave, White;1274,3625;5;0,15;314,8125;113,16;Medium;August;2015
28861;ID-2015-HL15040102-42228;Çarşamba, Ağustos 12, 2015;Pazar, Ağustos 16, 2015;Standard Class;HL-15040102;Hunter Lopez;Consumer;;Caloocan;National Capital;Philippines;Southeastern Asia;Asia Pacific;OFF-BI-3293;Office Supplies;Binders;Avery Index Tab, Clear;16,1415;3;0,15;6,2415;1,22;Medium;August;2015
29871;ID-2015-HM14980102-42234;Salı, Ağustos 18, 2015;Cumartesi, Ağustos 22, 2015;Standard Class;HM-14980102;Henry MacAllister;Consumer;;Makati;National Capital;Philippines;Southeastern Asia;Asia Pacific;OFF-BI-3737;Office Supplies;Binders;Cardinal Index Tab, Clear;30,855;5;0,15;1,005;1,81;Medium;August;2015
29870;ID-2015-HM14980102-42234;Salı, Ağustos 18, 2015;Cumartesi, Ağustos 22, 2015;Standard Class;HM-14980102;Henry MacAllister;Consumer;;Makati;National Capital;Philippines;Southeastern Asia;Asia Pacific;OFF-PA-5884;Office Supplies;Paper;SanDisk Note Cards, 8.5 x 11;81,7575;5;0,45;-56,5425;2,17;Medium;August;2015
29777;ID-2015-AA10480102-42244;Cuma, Ağustos 28, 2015;Salı, Eylül 01, 2015;Standard Class;AA-10480102;Andrew Allen;Consumer;;Valenzuela;National Capital;Philippines;Southeastern Asia;Asia Pacific;OFF-EN-5037;Office Supplies;Envelopes;Kraft Manila Envelope, Recycled;27,819;2;0,45;-7,101;2,66;High;August;2015
28860;ID-2015-HL15040102-42228;Çarşamba, Ağustos 12, 2015;Pazar, Ağustos 16, 2015;Standard Class;HL-15040102;Hunter Lopez;Consumer;;Caloocan;National Capital;Philippines;Southeastern Asia;Asia Pacific;TEC-MA-6148;Technology;Machines;StarTech Printer, Red;569,97;3;0,25;-159,66;45,98;Medium;August;2015
50023;TU-2015-PS8970134-42245;Cumartesi, Ağustos 29, 2015;Çarşamba, Eylül 02, 2015;Standard Class;PS-8970134;Paul Stevenson;Home Office;;Istanbul;Istanbul;Turkey;Western Asia;Asia Pacific;OFF-AR-3532;Office Supplies;Art;Boston Highlighters, Easy-Erase;7,656;1;0,6;-7,284;1,85;High;August;2015
46953;TU-2015-AR345134-42228;Çarşamba, Ağustos 12, 2015;Pazar, Ağustos 16, 2015;Second Class;AR-345134;Alex Russell;Corporate;;Istanbul;Istanbul;Turkey;Western Asia;Asia Pacific;OFF-AR-5920;Office Supplies;Art;Sanford Markers, Water Color;10,572;1;0,6;-13,488;1,11;High;August;2015
42157;TU-2015-BC1125134-42238;Cumartesi, Ağustos 22, 2015;Salı, Ağustos 25, 2015;First Class;BC-1125134;Becky Castell;Home Office;;Istanbul;Istanbul;Turkey;Western Asia;Asia Pacific;OFF-BI-3290;Office Supplies;Binders;Avery Hole Reinforcements, Durable;2,364;1;0,6;-1,446;1,18;Medium;August;2015
42153;TU-2015-BC1125134-42238;Cumartesi, Ağustos 22, 2015;Salı, Ağustos 25, 2015;First Class;BC-1125134;Becky Castell;Home Office;;Istanbul;Istanbul;Turkey;Western Asia;Asia Pacific;OFF-BI-6377;Office Supplies;Binders;Wilson Jones Binder Covers, Recycled;4,62;1;0,6;-4,17;1,3;Medium;August;2015
42155;TU-2015-BC1125134-42238;Cumartesi, Ağustos 22, 2015;Salı, Ağustos 25, 2015;First Class;BC-1125134;Becky Castell;Home Office;;Istanbul;Istanbul;Turkey;Western Asia;Asia Pacific;OFF-BI-6381;Office Supplies;Binders;Wilson Jones Binder, Recycled;5,352;1;0,6;-2,958;1,95;Medium;August;2015
42156;TU-2015-BC1125134-42238;Cumartesi, Ağustos 22, 2015;Salı, Ağustos 25, 2015;First Class;BC-1125134;Becky Castell;Home Office;;Istanbul;Istanbul;Turkey;Western Asia;Asia Pacific;TEC-MA-5541;Technology;Machines;Panasonic Calculator, Wireless;20,112;1;0,6;-29,178;3,79;Medium;August;2015
48960;TU-2015-CC2100134-42224;Cumartesi, Ağustos 08, 2015;Salı, Ağustos 11, 2015;Second Class;CC-2100134;Chad Cunningham;Home Office;;Istanbul;Istanbul;Turkey;Western Asia;Asia Pacific;OFF-BI-3251;Office Supplies;Binders;Avery Binder, Clear;9,888;2;0,6;-12,372;2,16;Critical;August;2015
41747;TU-2015-RA9885134-42244;Cuma, Ağustos 28, 2015;Çarşamba, Eylül 02, 2015;Standard Class;RA-9885134;Ruben Ausman;Corporate;;Istanbul;Istanbul;Turkey;Western Asia;Asia Pacific;OFF-BI-2912;Office Supplies;Binders;Acco Hole Reinforcements, Clear;19,584;8;0,6;-27,456;1,61;Medium;August;2015
42154;TU-2015-BC1125134-42238;Cumartesi, Ağustos 22, 2015;Salı, Ağustos 25, 2015;First Class;BC-1125134;Becky Castell;Home Office;;Istanbul;Istanbul;Turkey;Western Asia;Asia Pacific;OFF-AR-3481;Office Supplies;Art;Binney & Smith Highlighters, Blue;26,544;4;0,6;-29,976;3,23;Medium;August;2015
50022;TU-2015-PS8970134-42245;Cumartesi, Ağustos 29, 2015;Çarşamba, Eylül 02, 2015;Standard Class;PS-8970134;Paul Stevenson;Home Office;;Istanbul;Istanbul;Turkey;Western Asia;Asia Pacific;FUR-BO-3885;Furniture;Bookcases;Dania 3-Shelf Cabinet, Metal;450,912;8;0,6;-451,008;41,73;High;August;2015
50542;TU-2015-EM4065134-42229;Perşembe, Ağustos 13, 2015;Salı, Ağustos 18, 2015;Standard Class;EM-4065134;Erin Mull;Consumer;;Esenyurt;Istanbul;Turkey;Western Asia;Asia Pacific;FUR-FU-3943;Furniture;Furnishings;Deflect-O Frame, Erganomic;86,928;2;0,6;-126,072;7,2;High;August;2015
43863;TU-2015-MS7830134-42238;Cumartesi, Ağustos 22, 2015;Cuma, Ağustos 28, 2015;Standard Class;MS-7830134;Melanie Seite;Consumer;;Sincan;Ankara;Turkey;Western Asia;Asia Pacific;OFF-AR-6119;Office Supplies;Art;Stanley Pencil Sharpener, Fluorescent;9,912;1;0,6;-6,948;1,62;Medium;August;2015
47308;TU-2015-BS1665134-42217;Cumartesi, Ağustos 01, 2015;Salı, Ağustos 04, 2015;First Class;BS-1665134;Brian Stugart;Consumer;;Ankara;Ankara;Turkey;Western Asia;Asia Pacific;OFF-LA-3272;Office Supplies;Labels;Avery File Folder Labels, Adjustable;2,808;1;0,6;-1,692;1,86;High;August;2015
43864;TU-2015-MS7830134-42238;Cumartesi, Ağustos 22, 2015;Cuma, Ağustos 28, 2015;Standard Class;MS-7830134;Melanie Seite;Consumer;;Sincan;Ankara;Turkey;Western Asia;Asia Pacific;OFF-SU-4304;Office Supplies;Supplies;Fiskars Box Cutter, High Speed;14,208;1;0,6;-8,892;1,91;Medium;August;2015
43862;TU-2015-MS7830134-42238;Cumartesi, Ağustos 22, 2015;Cuma, Ağustos 28, 2015;Standard Class;MS-7830134;Melanie Seite;Consumer;;Sincan;Ankara;Turkey;Western Asia;Asia Pacific;TEC-CO-3591;Technology;Copiers;Brother Fax and Copier, Color;77,172;1;0,6;-69,468;4,75;Medium;August;2015
50150;TU-2015-AB10060134-42236;Perşembe, Ağustos 20, 2015;Çarşamba, Ağustos 26, 2015;Standard Class;AB-10060134;Adam Bellavance;Home Office;;Izmir;Izmir;Turkey;Western Asia;Asia Pacific;OFF-PA-4176;Office Supplies;Paper;Enermax Note Cards, Multicolor;13,056;1;0,6;-12,744;1,13;Medium;August;2015
43127;TU-2015-IM5055134-42237;Cuma, Ağustos 21, 2015;Salı, Ağustos 25, 2015;Standard Class;IM-5055134;Ionia McGrath;Consumer;;Izmir;Izmir;Turkey;Western Asia;Asia Pacific;OFF-AR-3490;Office Supplies;Art;Binney & Smith Markers, Fluorescent;10,14;1;0,6;-8,37;1,19;High;August;2015
44464;TU-2015-JG5805134-42236;Perşembe, Ağustos 20, 2015;Pazartesi, Ağustos 24, 2015;Standard Class;JG-5805134;John Grady;Corporate;;Adana;Adana;Turkey;Western Asia;Asia Pacific;OFF-FA-6204;Office Supplies;Fasteners;Stockwell Staples, Metal;4,212;1;0,6;-3,498;1,27;Medium;August;2015
48376;TU-2015-HG4845134-42228;Çarşamba, Ağustos 12, 2015;Pazar, Ağustos 16, 2015;Second Class;HG-4845134;Harry Greene;Consumer;;Konya;Konya;Turkey;Western Asia;Asia Pacific;OFF-AR-6117;Office Supplies;Art;Stanley Markers, Water Color;10,152;1;0,6;-6,858;1,3;High;August;2015
47964;TU-2015-CD2790134-42238;Cumartesi, Ağustos 22, 2015;Perşembe, Ağustos 27, 2015;Standard Class;CD-2790134;Cynthia Delaney;Home Office;;Izmir;Izmir;Turkey;Western Asia;Asia Pacific;OFF-FA-6199;Office Supplies;Fasteners;Stockwell Rubber Bands, Bulk Pack;6,456;1;0,6;-6,954;1,35;Medium;August;2015
42792;TU-2015-NC8535134-42231;Cumartesi, Ağustos 15, 2015;Çarşamba, Ağustos 19, 2015;Standard Class;NC-8535134;Nick Crebassa;Corporate;;Kahramanmaras;Kahramanmaras;Turkey;Western Asia;Asia Pacific;OFF-BI-4811;Office Supplies;Binders;Ibico Binder, Clear;5,976;1;0,6;-7,644;1,46;Medium;August;2015
42793;TU-2015-NC8535134-42231;Cumartesi, Ağustos 15, 2015;Çarşamba, Ağustos 19, 2015;Standard Class;NC-8535134;Nick Crebassa;Corporate;;Kahramanmaras;Kahramanmaras;Turkey;Western Asia;Asia Pacific;TEC-PH-5835;Technology;Phones;Samsung Signal Booster, Cordless;55,776;1;0,6;-26,514;2,55;Medium;August;2015
50196;TU-2015-NW8400134-42225;Pazar, Ağustos 09, 2015;Salı, Ağustos 11, 2015;First Class;NW-8400134;Natalie Webber;Consumer;;Gaziantep;Gaziantep;Turkey;Western Asia;Asia Pacific;OFF-BI-3726;Office Supplies;Binders;Cardinal Binding Machine, Economy;19,908;1;0,6;-15,942;5,3;High;August;2015
47420;TU-2015-HA4920134-42236;Perşembe, Ağustos 20, 2015;Perşembe, Ağustos 27, 2015;Standard Class;HA-4920134;Helen Andreada;Consumer;;Kayseri;Kayseri;Turkey;Western Asia;Asia Pacific;FUR-BO-4865;Furniture;Bookcases;Ikea Stackable Bookrack, Mobile;50,04;1;0,6;-15,03;6,81;Low;August;2015
45578;TU-2015-SS10410134-42238;Cumartesi, Ağustos 22, 2015;Çarşamba, Ağustos 26, 2015;Standard Class;SS-10410134;Shahid Shariari;Consumer;;Sanliurfa;Sanliurfa;Turkey;Western Asia;Asia Pacific;TEC-AC-5896;Technology;Accessories;SanDisk Router, Programmable;103,14;1;0,6;-98,01;9,9;Medium;August;2015
48375;TU-2015-HG4845134-42228;Çarşamba, Ağustos 12, 2015;Pazar, Ağustos 16, 2015;Second Class;HG-4845134;Harry Greene;Consumer;;Konya;Konya;Turkey;Western Asia;Asia Pacific;FUR-CH-4562;Furniture;Chairs;Harbour Creations Swivel Stool, Black;71,076;1;0,6;-47,994;15,85;High;August;2015
47419;TU-2015-HA4920134-42236;Perşembe, Ağustos 20, 2015;Perşembe, Ağustos 27, 2015;Standard Class;HA-4920134;Helen Andreada;Consumer;;Kayseri;Kayseri;Turkey;Western Asia;Asia Pacific;OFF-EN-4436;Office Supplies;Envelopes;GlobeWeis Clasp Envelope, Security-Tint;9,84;2;0,6;-5,46;1,53;Low;August;2015
50195;TU-2015-NW8400134-42225;Pazar, Ağustos 09, 2015;Salı, Ağustos 11, 2015;First Class;NW-8400134;Natalie Webber;Consumer;;Gaziantep;Gaziantep;Turkey;Western Asia;Asia Pacific;FUR-CH-5372;Furniture;Chairs;Novimex Chairmat, Red;45,072;2;0,6;-33,828;1,54;High;August;2015
49806;TU-2015-FH4275134-42235;Çarşamba, Ağustos 19, 2015;Pazartesi, Ağustos 24, 2015;Standard Class;FH-4275134;Frank Hawley;Corporate;;Corlu;Tekirdag;Turkey;Western Asia;Asia Pacific;OFF-LA-6064;Office Supplies;Labels;Smead Shipping Labels, Laser Printer Compatible;9,288;2;0,6;-12,312;1,81;Medium;August;2015
42791;TU-2015-NC8535134-42231;Cumartesi, Ağustos 15, 2015;Çarşamba, Ağustos 19, 2015;Standard Class;NC-8535134;Nick Crebassa;Corporate;;Kahramanmaras;Kahramanmaras;Turkey;Western Asia;Asia Pacific;OFF-AR-3453;Office Supplies;Art;BIC Highlighters, Fluorescent;16,152;2;0,6;-10,908;2,05;Medium;August;2015
45383;TU-2015-RM9675134-42228;Çarşamba, Ağustos 12, 2015;Cuma, Ağustos 14, 2015;Second Class;RM-9675134;Robert Marley;Home Office;;Gaziantep;Gaziantep;Turkey;Western Asia;Asia Pacific;OFF-FA-5462;Office Supplies;Fasteners;OIC Clamps, 12 Pack;15,36;2;0,6;-3,84;2,06;Medium;August;2015
50197;TU-2015-NW8400134-42225;Pazar, Ağustos 09, 2015;Salı, Ağustos 11, 2015;First Class;NW-8400134;Natalie Webber;Consumer;;Gaziantep;Gaziantep;Turkey;Western Asia;Asia Pacific;OFF-BI-3252;Office Supplies;Binders;Avery Binder, Durable;11,52;2;0,6;-15,84;2,23;High;August;2015
47307;TU-2015-BS1665134-42217;Cumartesi, Ağustos 01, 2015;Salı, Ağustos 04, 2015;First Class;BS-1665134;Brian Stugart;Consumer;;Ankara;Ankara;Turkey;Western Asia;Asia Pacific;OFF-ST-6047;Office Supplies;Storage;Smead Lockers, Industrial;159,12;2;0,6;-127,32;31,01;High;August;2015
45787;TU-2015-KN6705134-42246;Pazar, Ağustos 30, 2015;Perşembe, Eylül 03, 2015;Standard Class;KN-6705134;Kristina Nunn;Home Office;;Menemen;Izmir;Turkey;Western Asia;Asia Pacific;TEC-PH-3799;Technology;Phones;Cisco Office Telephone, with Caller ID;128,736;4;0,6;-151,344;6,52;Medium;August;2015
42790;TU-2015-NC8535134-42231;Cumartesi, Ağustos 15, 2015;Çarşamba, Ağustos 19, 2015;Standard Class;NC-8535134;Nick Crebassa;Corporate;;Kahramanmaras;Kahramanmaras;Turkey;Western Asia;Asia Pacific;FUR-FU-3047;Furniture;Furnishings;Advantus Photo Frame, Black;84,768;4;0,6;-125,112;7,54;Medium;August;2015
43861;TU-2015-MS7830134-42238;Cumartesi, Ağustos 22, 2015;Cuma, Ağustos 28, 2015;Standard Class;MS-7830134;Melanie Seite;Consumer;;Sincan;Ankara;Turkey;Western Asia;Asia Pacific;TEC-AC-5121;Technology;Accessories;Logitech Memory Card, Bluetooth;165,408;4;0,6;-190,272;11,89;Medium;August;2015
44902;TU-2015-BT1485134-42235;Çarşamba, Ağustos 19, 2015;Çarşamba, Ağustos 26, 2015;Standard Class;BT-1485134;Brad Thomas;Home Office;;Kirsehir;Kirsehir;Turkey;Western Asia;Asia Pacific;FUR-BO-4844;Furniture;Bookcases;Ikea 3-Shelf Cabinet, Metal;227,04;4;0,6;-249,84;14,79;Low;August;2015
44901;TU-2015-BT1485134-42235;Çarşamba, Ağustos 19, 2015;Çarşamba, Ağustos 26, 2015;Standard Class;BT-1485134;Brad Thomas;Home Office;;Kirsehir;Kirsehir;Turkey;Western Asia;Asia Pacific;FUR-BO-3894;Furniture;Bookcases;Dania Corner Shelving, Mobile;199,344;4;0,6;-154,536;33,31;Low;August;2015
44903;TU-2015-BT1485134-42235;Çarşamba, Ağustos 19, 2015;Çarşamba, Ağustos 26, 2015;Standard Class;BT-1485134;Brad Thomas;Home Office;;Kirsehir;Kirsehir;Turkey;Western Asia;Asia Pacific;OFF-BI-3723;Office Supplies;Binders;Cardinal Binder, Recycled;34,056;6;0,6;-33,264;4,74;Low;August;2015
47418;TU-2015-HA4920134-42236;Perşembe, Ağustos 20, 2015;Perşembe, Ağustos 27, 2015;Standard Class;HA-4920134;Helen Andreada;Consumer;;Kayseri;Kayseri;Turkey;Western Asia;Asia Pacific;OFF-SU-4316;Office Supplies;Supplies;Fiskars Scissors, High Speed;55,584;6;0,6;-16,776;5,87;Low;August;2015
45384;TU-2015-RM9675134-42228;Çarşamba, Ağustos 12, 2015;Cuma, Ağustos 14, 2015;Second Class;RM-9675134;Robert Marley;Home Office;;Gaziantep;Gaziantep;Turkey;Western Asia;Asia Pacific;OFF-AP-4747;Office Supplies;Appliances;Hoover Toaster, Red;200,736;6;0,6;-260,964;29,34;Medium;August;2015
31216;IN-2015-LH1675092-42218;Pazar, Ağustos 02, 2015;Salı, Ağustos 04, 2015;First Class;LH-1675092;Larry Hughes;Consumer;;Auckland;Auckland;New Zealand;Oceania;Asia Pacific;OFF-AR-3546;Office Supplies;Art;Boston Pens, Blue;8,532;1;0,4;-5,688;3,16;Critical;August;2015
31218;IN-2015-LH1675092-42218;Pazar, Ağustos 02, 2015;Salı, Ağustos 04, 2015;First Class;LH-1675092;Larry Hughes;Consumer;;Auckland;Auckland;New Zealand;Oceania;Asia Pacific;OFF-EN-4924;Office Supplies;Envelopes;Jiffy Peel and Seal, Security-Tint;53,784;4;0,4;-0,936;14,18;Critical;August;2015
31215;IN-2015-LH1675092-42218;Pazar, Ağustos 02, 2015;Salı, Ağustos 04, 2015;First Class;LH-1675092;Larry Hughes;Consumer;;Auckland;Auckland;New Zealand;Oceania;Asia Pacific;OFF-LA-4695;Office Supplies;Labels;Hon Shipping Labels, Alphabetical;67,14;10;0,4;5,34;21,49;Critical;August;2015
31217;IN-2015-LH1675092-42218;Pazar, Ağustos 02, 2015;Salı, Ağustos 04, 2015;First Class;LH-1675092;Larry Hughes;Consumer;;Auckland;Auckland;New Zealand;Oceania;Asia Pacific;TEC-AC-5122;Technology;Accessories;Logitech Memory Card, Erganomic;242,856;4;0,4;-137,664;97,89;Critical;August;2015
30972;ID-2015-PC1900092-42231;Cumartesi, Ağustos 15, 2015;Salı, Ağustos 18, 2015;Second Class;PC-1900092;Pauline Chand;Home Office;;Manukau City;Auckland;New Zealand;Oceania;Asia Pacific;OFF-AR-5918;Office Supplies;Art;Sanford Markers, Easy-Erase;28,224;2;0,4;-1,416;4,16;Critical;August;2015
30973;ID-2015-PC1900092-42231;Cumartesi, Ağustos 15, 2015;Salı, Ağustos 18, 2015;Second Class;PC-1900092;Pauline Chand;Home Office;;Manukau City;Auckland;New Zealand;Oceania;Asia Pacific;OFF-EN-4903;Office Supplies;Envelopes;Jiffy Business Envelopes, Recycled;17,712;2;0,4;-7,728;5,45;Critical;August;2015
30665;IN-2015-HZ1495092-42223;Cuma, Ağustos 07, 2015;Pazar, Ağustos 09, 2015;Second Class;HZ-1495092;Henia Zydlo;Consumer;;Manukau City;Auckland;New Zealand;Oceania;Asia Pacific;OFF-FA-3055;Office Supplies;Fasteners;Advantus Push Pins, Assorted Sizes;28,512;4;0,4;0,432;7,21;Critical;August;2015
30667;IN-2015-HZ1495092-42223;Cuma, Ağustos 07, 2015;Pazar, Ağustos 09, 2015;Second Class;HZ-1495092;Henia Zydlo;Consumer;;Manukau City;Auckland;New Zealand;Oceania;Asia Pacific;FUR-CH-5758;Furniture;Chairs;SAFCO Chairmat, Red;35,892;1;0,4;-0,618;7,26;Critical;August;2015
30555;ID-2015-FW1439592-42232;Pazar, Ağustos 16, 2015;Cuma, Ağustos 21, 2015;Standard Class;FW-1439592;Fred Wasserman;Corporate;;Manukau City;Auckland;New Zealand;Oceania;Asia Pacific;OFF-SU-3004;Office Supplies;Supplies;Acme Trimmer, Steel;105,552;4;0,4;-56,328;9,89;Medium;August;2015
30556;ID-2015-FW1439592-42232;Pazar, Ağustos 16, 2015;Cuma, Ağustos 21, 2015;Standard Class;FW-1439592;Fred Wasserman;Corporate;;Manukau City;Auckland;New Zealand;Oceania;Asia Pacific;TEC-CO-4785;Technology;Copiers;HP Personal Copier, Digital;297,432;4;0,4;-143,808;10,13;Medium;August;2015
30558;ID-2015-FW1439592-42232;Pazar, Ağustos 16, 2015;Cuma, Ağustos 21, 2015;Standard Class;FW-1439592;Fred Wasserman;Corporate;;Manukau City;Auckland;New Zealand;Oceania;Asia Pacific;OFF-ST-6033;Office Supplies;Storage;Smead File Cart, Single Width;154,116;2;0,4;5,136;12,07;Medium;August;2015
30557;ID-2015-FW1439592-42232;Pazar, Ağustos 16, 2015;Cuma, Ağustos 21, 2015;Standard Class;FW-1439592;Fred Wasserman;Corporate;;Manukau City;Auckland;New Zealand;Oceania;Asia Pacific;FUR-CH-4545;Furniture;Chairs;Harbour Creations Rocking Chair, Black;520,776;6;0,4;-199,764;20,47;Medium;August;2015
30559;ID-2015-FW1439592-42232;Pazar, Ağustos 16, 2015;Cuma, Ağustos 21, 2015;Standard Class;FW-1439592;Fred Wasserman;Corporate;;Manukau City;Auckland;New Zealand;Oceania;Asia Pacific;FUR-BO-4845;Furniture;Bookcases;Ikea 3-Shelf Cabinet, Mobile;695,808;8;0,4;-301,632;48,13;Medium;August;2015
30666;IN-2015-HZ1495092-42223;Cuma, Ağustos 07, 2015;Pazar, Ağustos 09, 2015;Second Class;HZ-1495092;Henia Zydlo;Consumer;;Manukau City;Auckland;New Zealand;Oceania;Asia Pacific;TEC-CO-3605;Technology;Copiers;Brother Personal Copier, Digital;342,072;4;0,4;-57,048;68,89;Critical;August;2015
27006;ID-2015-CL1189097-42242;Çarşamba, Ağustos 26, 2015;Pazartesi, Ağustos 31, 2015;Second Class;CL-1189097;Carl Ludwig;Consumer;;Lahore;Punjab;Pakistan;Southern Asia;Asia Pacific;OFF-FA-2956;Office Supplies;Fasteners;Accos Staples, Assorted Sizes;12,6;3;0,5;-7,11;2,76;High;August;2015
27004;ID-2015-CL1189097-42242;Çarşamba, Ağustos 26, 2015;Pazartesi, Ağustos 31, 2015;Second Class;CL-1189097;Carl Ludwig;Consumer;;Lahore;Punjab;Pakistan;Southern Asia;Asia Pacific;OFF-BI-4830;Office Supplies;Binders;Ibico Index Tab, Economy;36,435;7;0,5;-3,045;3,86;High;August;2015
27005;ID-2015-CL1189097-42242;Çarşamba, Ağustos 26, 2015;Pazartesi, Ağustos 31, 2015;Second Class;CL-1189097;Carl Ludwig;Consumer;;Lahore;Punjab;Pakistan;Southern Asia;Asia Pacific;OFF-AP-4723;Office Supplies;Appliances;Hoover Coffee Grinder, Red;68,79;2;0,5;-39,93;7,52;High;August;2015
22856;IN-2015-JS1603097-42223;Cuma, Ağustos 07, 2015;Çarşamba, Ağustos 12, 2015;Standard Class;JS-1603097;Joy Smith;Consumer;;Lahore;Punjab;Pakistan;Southern Asia;Asia Pacific;OFF-ST-5691;Office Supplies;Storage;Rogers File Cart, Blue;140,67;2;0,5;-36,63;8,81;Medium;August;2015
27008;ID-2015-CL1189097-42242;Çarşamba, Ağustos 26, 2015;Pazartesi, Ağustos 31, 2015;Second Class;CL-1189097;Carl Ludwig;Consumer;;Lahore;Punjab;Pakistan;Southern Asia;Asia Pacific;OFF-SU-6176;Office Supplies;Supplies;Stiletto Shears, Easy Grip;74,565;3;0,5;-26,865;10;High;August;2015
23789;ID-2015-TP2156597-42242;Çarşamba, Ağustos 26, 2015;Cuma, Ağustos 28, 2015;Second Class;TP-2156597;Tracy Poddar;Corporate;;Lahore;Punjab;Pakistan;Southern Asia;Asia Pacific;OFF-AR-6121;Office Supplies;Art;Stanley Pens, Blue;35,175;7;0,5;-3,675;10,47;Critical;August;2015
23788;ID-2015-TP2156597-42242;Çarşamba, Ağustos 26, 2015;Cuma, Ağustos 28, 2015;Second Class;TP-2156597;Tracy Poddar;Corporate;;Lahore;Punjab;Pakistan;Southern Asia;Asia Pacific;OFF-EN-4921;Office Supplies;Envelopes;Jiffy Manila Envelope, with clear poly window;103,425;7;0,5;-2,205;16,89;Critical;August;2015
27007;ID-2015-CL1189097-42242;Çarşamba, Ağustos 26, 2015;Pazartesi, Ağustos 31, 2015;Second Class;CL-1189097;Carl Ludwig;Consumer;;Lahore;Punjab;Pakistan;Southern Asia;Asia Pacific;TEC-CO-4580;Technology;Copiers;Hewlett Ink, Digital;296,64;4;0,5;-59,4;47,02;High;August;2015
30065;ID-2015-HG1496597-42230;Cuma, Ağustos 14, 2015;Salı, Ağustos 18, 2015;Standard Class;HG-1496597;Henry Goldwyn;Corporate;;Lahore;Punjab;Pakistan;Southern Asia;Asia Pacific;OFF-AP-4960;Office Supplies;Appliances;KitchenAid Refrigerator, Black;1582,11;6;0,5;-886,05;231,11;High;August;2015
29417;ID-2015-CM12160118-42242;Çarşamba, Ağustos 26, 2015;Pazartesi, Ağustos 31, 2015;Standard Class;CM-12160118;Charles McCrossin;Consumer;;Seoul;Seoul;South Korea;Eastern Asia;Asia Pacific;OFF-PA-6607;Office Supplies;Paper;Xerox Computer Printout Paper, Premium;26,34;2;0,5;-1,62;1,41;Medium;August;2015
29418;ID-2015-CM12160118-42242;Çarşamba, Ağustos 26, 2015;Pazartesi, Ağustos 31, 2015;Standard Class;CM-12160118;Charles McCrossin;Consumer;;Seoul;Seoul;South Korea;Eastern Asia;Asia Pacific;OFF-FA-5474;Office Supplies;Fasteners;OIC Push Pins, Metal;22,545;3;0,5;-1,395;1,58;Medium;August;2015
23730;ID-2015-SR20425118-42235;Çarşamba, Ağustos 19, 2015;Pazar, Ağustos 23, 2015;Second Class;SR-20425118;Sharelle Roach;Home Office;;Seoul;Seoul;South Korea;Eastern Asia;Asia Pacific;OFF-LA-4693;Office Supplies;Labels;Hon Shipping Labels, 5000 Label Set;17,64;3;0,5;-10,62;2,45;High;August;2015
27172;ID-2015-CC12370118-42225;Pazar, Ağustos 09, 2015;Cuma, Ağustos 14, 2015;Standard Class;CC-12370118;Christopher Conant;Consumer;;Daejeon;Daejeon;South Korea;Eastern Asia;Asia Pacific;OFF-LA-4679;Office Supplies;Labels;Hon Removable Labels, Adjustable;31,95;6;0,5;-16,65;3,15;High;August;2015
27171;ID-2015-CC12370118-42225;Pazar, Ağustos 09, 2015;Cuma, Ağustos 14, 2015;Standard Class;CC-12370118;Christopher Conant;Consumer;;Daejeon;Daejeon;South Korea;Eastern Asia;Asia Pacific;OFF-PA-4003;Office Supplies;Paper;Eaton Note Cards, Multicolor;30,72;2;0,5;-15,36;3,5;High;August;2015
29419;ID-2015-CM12160118-42242;Çarşamba, Ağustos 26, 2015;Pazartesi, Ağustos 31, 2015;Standard Class;CM-12160118;Charles McCrossin;Consumer;;Seoul;Seoul;South Korea;Eastern Asia;Asia Pacific;TEC-PH-3793;Technology;Phones;Cisco Headset, with Caller ID;309,54;7;0,5;-49,56;21,8;Medium;August;2015
23728;ID-2015-SR20425118-42235;Çarşamba, Ağustos 19, 2015;Pazar, Ağustos 23, 2015;Second Class;SR-20425118;Sharelle Roach;Home Office;;Seoul;Seoul;South Korea;Eastern Asia;Asia Pacific;TEC-PH-3793;Technology;Phones;Cisco Headset, with Caller ID;176,88;4;0,5;-28,32;29,05;High;August;2015
26711;IN-2015-MP18175118-42236;Perşembe, Ağustos 20, 2015;Pazartesi, Ağustos 24, 2015;Standard Class;MP-18175118;Mike Pelletier;Home Office;;Busan;Busan;South Korea;Eastern Asia;Asia Pacific;TEC-PH-3148;Technology;Phones;Apple Smart Phone, Full Size;1272,42;4;0,5;-1094,34;85,2;Medium;August;2015
27170;ID-2015-CC12370118-42225;Pazar, Ağustos 09, 2015;Cuma, Ağustos 14, 2015;Standard Class;CC-12370118;Christopher Conant;Consumer;;Daejeon;Daejeon;South Korea;Eastern Asia;Asia Pacific;TEC-PH-5267;Technology;Phones;Motorola Smart Phone, Cordless;964,17;3;0,5;-887,04;102,3;High;August;2015
28484;IN-2015-SL2015558-42222;Perşembe, Ağustos 06, 2015;Pazartesi, Ağustos 10, 2015;Standard Class;SL-2015558;Sara Luxemburg;Home Office;;Mumbai;Maharashtra;India;Southern Asia;Asia Pacific;OFF-BI-6381;Office Supplies;Binders;Wilson Jones Binder, Recycled;13,38;2;0,5;-1,62;1,68;High;August;2015
28485;IN-2015-SL2015558-42222;Perşembe, Ağustos 06, 2015;Pazartesi, Ağustos 10, 2015;Standard Class;SL-2015558;Sara Luxemburg;Home Office;;Mumbai;Maharashtra;India;Southern Asia;Asia Pacific;OFF-BI-2893;Office Supplies;Binders;Acco Binder Covers, Economy;19,98;3;0,5;-14,04;2,15;High;August;2015
28487;IN-2015-SL2015558-42222;Perşembe, Ağustos 06, 2015;Pazartesi, Ağustos 10, 2015;Standard Class;SL-2015558;Sara Luxemburg;Home Office;;Mumbai;Maharashtra;India;Southern Asia;Asia Pacific;OFF-ST-4080;Office Supplies;Storage;Eldon Lockers, Single Width;197,94;2;0,5;-126,72;21,83;High;August;2015
28923;ID-2015-MC1784558-42228;Çarşamba, Ağustos 12, 2015;Salı, Ağustos 18, 2015;Standard Class;MC-1784558;Michael Chen;Consumer;;Mumbai;Maharashtra;India;Southern Asia;Asia Pacific;FUR-CH-4698;Furniture;Chairs;Hon Steel Folding Chair, Black;39,495;1;0,5;-28,455;2,07;Medium;August;2015
28486;IN-2015-SL2015558-42222;Perşembe, Ağustos 06, 2015;Pazartesi, Ağustos 10, 2015;Standard Class;SL-2015558;Sara Luxemburg;Home Office;;Mumbai;Maharashtra;India;Southern Asia;Asia Pacific;FUR-BO-5972;Furniture;Bookcases;Sauder Stackable Bookrack, Pine;148,17;2;0,5;-5,97;7,92;High;August;2015
22271;IN-2015-KH1669027-42236;Perşembe, Ağustos 20, 2015;Cumartesi, Ağustos 22, 2015;First Class;KH-1669027;Kristen Hastings;Corporate;;Wuhan;Hubei;China;Eastern Asia;Asia Pacific;OFF-PA-4467;Office Supplies;Paper;Green Bar Computer Printout Paper, Multicolor;31,17;2;0,5;-17,49;1,31;High;August;2015
22273;IN-2015-KH1669027-42236;Perşembe, Ağustos 20, 2015;Cumartesi, Ağustos 22, 2015;First Class;KH-1669027;Kristen Hastings;Corporate;;Wuhan;Hubei;China;Eastern Asia;Asia Pacific;OFF-EN-5028;Office Supplies;Envelopes;Kraft Clasp Envelope, with clear poly window;18,81;3;0,5;-12,87;1,92;High;August;2015
22272;IN-2015-KH1669027-42236;Perşembe, Ağustos 20, 2015;Cumartesi, Ağustos 22, 2015;First Class;KH-1669027;Kristen Hastings;Corporate;;Wuhan;Hubei;China;Eastern Asia;Asia Pacific;OFF-FA-3062;Office Supplies;Fasteners;Advantus Rubber Bands, Bulk Pack;41,475;5;0,5;-8,325;2,18;High;August;2015
27173;ID-2015-CC12370118-42225;Pazar, Ağustos 09, 2015;Cuma, Ağustos 14, 2015;Standard Class;CC-12370118;Christopher Conant;Consumer;;Daejeon;Daejeon;South Korea;Eastern Asia;Asia Pacific;FUR-CH-5802;Furniture;Chairs;SAFCO Steel Folding Chair, Red;137,136;2;0,2;-0,024;15,1;High;August;2015
42446;SY-2015-SC10725126-42231;Cumartesi, Ağustos 15, 2015;Çarşamba, Ağustos 19, 2015;Standard Class;SC-10725126;Steven Cartwright;Consumer;;Dayr az Zawr;Dayr Az Zawr;Syria;Western Asia;Asia Pacific;OFF-ST-6046;Office Supplies;Storage;Smead Lockers, Blue;119,052;1;0,4;-45,648;19,13;High;August;2015
23729;ID-2015-SR20425118-42235;Çarşamba, Ağustos 19, 2015;Pazar, Ağustos 23, 2015;Second Class;SR-20425118;Sharelle Roach;Home Office;;Seoul;Seoul;South Korea;Eastern Asia;Asia Pacific;FUR-FU-5727;Furniture;Furnishings;Rubbermaid Frame, Black;263,736;3;0,2;23,076;44,36;High;August;2015
25084;ID-2015-BV1124527-42232;Pazar, Ağustos 16, 2015;Cumartesi, Ağustos 22, 2015;Standard Class;BV-1124527;Benjamin Venier;Corporate;;Xiaogan;Hubei;China;Eastern Asia;Asia Pacific;FUR-TA-4642;Furniture;Tables;Hon Computer Table, Adjustable Height;1028,601;3;0,3;-220,419;118,06;Low;August;2015
22855;IN-2015-JS1603097-42223;Cuma, Ağustos 07, 2015;Çarşamba, Ağustos 12, 2015;Standard Class;JS-1603097;Joy Smith;Consumer;;Lahore;Punjab;Pakistan;Southern Asia;Asia Pacific;FUR-CH-5775;Furniture;Chairs;SAFCO Executive Leather Armchair, Red;2584,008;7;0,2;290,598;291,06;Medium;August;2015
42965;KZ-2015-KC625568-42217;Cumartesi, Ağustos 01, 2015;Çarşamba, Ağustos 05, 2015;Standard Class;KC-625568;Karen Carlisle;Corporate;;Taldyqorghan;Almaty;Kazakhstan;Central Asia;Asia Pacific;OFF-BI-3188;Office Supplies;Binders;Avery 3-Hole Punch, Economy;8,361;1;0,7;-5,589;1,16;Medium;August;2015
42966;KZ-2015-KC625568-42217;Cumartesi, Ağustos 01, 2015;Çarşamba, Ağustos 05, 2015;Standard Class;KC-625568;Karen Carlisle;Corporate;;Taldyqorghan;Almaty;Kazakhstan;Central Asia;Asia Pacific;OFF-AR-6120;Office Supplies;Art;Stanley Pencil Sharpener, Water Color;7,515;1;0,7;-16,035;1,7;Medium;August;2015
42967;KZ-2015-KC625568-42217;Cumartesi, Ağustos 01, 2015;Çarşamba, Ağustos 05, 2015;Standard Class;KC-625568;Karen Carlisle;Corporate;;Taldyqorghan;Almaty;Kazakhstan;Central Asia;Asia Pacific;TEC-AC-4163;Technology;Accessories;Enermax Memory Card, Bluetooth;34,317;1;0,7;-61,773;2,01;Medium;August;2015
42329;KZ-2015-RM975068-42228;Çarşamba, Ağustos 12, 2015;Cuma, Ağustos 14, 2015;Second Class;RM-975068;Roland Murray;Consumer;;Temirtau;Qaraghandy;Kazakhstan;Central Asia;Asia Pacific;TEC-PH-5260;Technology;Phones;Motorola Office Telephone, Full Size;21,915;1;0,7;-27,765;4;High;August;2015
47222;KZ-2015-IM507068-42243;Perşembe, Ağustos 27, 2015;Cumartesi, Ağustos 29, 2015;First Class;IM-507068;Irene Maddox;Consumer;;Qostanay;Qostanay;Kazakhstan;Central Asia;Asia Pacific;TEC-MA-5575;Technology;Machines;Panasonic Receipt Printer, Durable;363,06;10;0,7;-314,94;9,38;High;August;2015
42330;KZ-2015-RM975068-42228;Çarşamba, Ağustos 12, 2015;Cuma, Ağustos 14, 2015;Second Class;RM-975068;Roland Murray;Consumer;;Temirtau;Qaraghandy;Kazakhstan;Central Asia;Asia Pacific;OFF-AR-3501;Office Supplies;Art;Binney & Smith Sketch Pad, Fluorescent;114,192;8;0,7;-247,488;15,41;High;August;2015
1195;US-2015-TS2150536-42218;Pazar, Ağustos 02, 2015;Cuma, Ağustos 07, 2015;Standard Class;TS-2150536;Tony Sayre;Consumer;;Santo Domingo;Santo Domingo;Dominican Republic;Caribbean;LATAM;OFF-ST-6251;Office Supplies;Storage;Tenex Folders, Single Width;12,4;1;0,2;-2,34;1,267;Medium;August;2015
2931;MX-2015-SU2066536-42236;Perşembe, Ağustos 20, 2015;Çarşamba, Ağustos 26, 2015;Standard Class;SU-2066536;Stephanie Ulpright;Home Office;;Santo Domingo;Santo Domingo;Dominican Republic;Caribbean;LATAM;OFF-FA-6189;Office Supplies;Fasteners;Stockwell Paper Clips, Assorted Sizes;22,224;3;0,2;1,944;1,423;Medium;August;2015
8027;MX-2015-DO1343536-42224;Cumartesi, Ağustos 08, 2015;Çarşamba, Ağustos 12, 2015;Standard Class;DO-1343536;Denny Ordway;Consumer;;Santo Domingo;Santo Domingo;Dominican Republic;Caribbean;LATAM;OFF-EN-5024;Office Supplies;Envelopes;Kraft Business Envelopes, Set of 50;21,312;2;0,2;6,632;1,58;Medium;August;2015
8023;MX-2015-DO1343536-42224;Cumartesi, Ağustos 08, 2015;Çarşamba, Ağustos 12, 2015;Standard Class;DO-1343536;Denny Ordway;Consumer;;Santo Domingo;Santo Domingo;Dominican Republic;Caribbean;LATAM;OFF-FA-6197;Office Supplies;Fasteners;Stockwell Rubber Bands, 12 Pack;25,536;3;0,2;8,616;1,877;Medium;August;2015
8021;MX-2015-DO1343536-42224;Cumartesi, Ağustos 08, 2015;Çarşamba, Ağustos 12, 2015;Standard Class;DO-1343536;Denny Ordway;Consumer;;Santo Domingo;Santo Domingo;Dominican Republic;Caribbean;LATAM;OFF-LA-3323;Office Supplies;Labels;Avery Shipping Labels, Laser Printer Compatible;12,64;2;0,2;4,4;1,953;Medium;August;2015
8028;MX-2015-DO1343536-42224;Cumartesi, Ağustos 08, 2015;Çarşamba, Ağustos 12, 2015;Standard Class;DO-1343536;Denny Ordway;Consumer;;Santo Domingo;Santo Domingo;Dominican Republic;Caribbean;LATAM;OFF-ST-6058;Office Supplies;Storage;Smead Shelving, Industrial;105,408;4;0,2;-17,152;4,338;Medium;August;2015
9535;MX-2015-DS1303036-42217;Cumartesi, Ağustos 01, 2015;Cumartesi, Ağustos 08, 2015;Standard Class;DS-1303036;Darrin Sayre;Home Office;;Santo Domingo;Santo Domingo;Dominican Republic;Caribbean;LATAM;OFF-BI-3722;Office Supplies;Binders;Cardinal Binder, Economy;14,752;2;0,2;5,312;2,675;Low;August;2015
2420;MX-2015-CK1232536-42235;Çarşamba, Ağustos 19, 2015;Cuma, Ağustos 21, 2015;First Class;CK-1232536;Christine Kargatis;Home Office;;Santo Domingo;Santo Domingo;Dominican Republic;Caribbean;LATAM;OFF-ST-4061;Office Supplies;Storage;Eldon Folders, Industrial;27,936;3;0,2;0,696;3,073;High;August;2015
760;MX-2015-MC1727536-42221;Çarşamba, Ağustos 05, 2015;Cuma, Ağustos 07, 2015;First Class;MC-1727536;Marc Crier;Consumer;;Santo Domingo;Santo Domingo;Dominican Republic;Caribbean;LATAM;OFF-ST-6060;Office Supplies;Storage;Smead Shelving, Wire Frame;25,6;1;0,2;-4,8;3,558;High;August;2015
2421;MX-2015-CK1232536-42235;Çarşamba, Ağustos 19, 2015;Cuma, Ağustos 21, 2015;First Class;CK-1232536;Christine Kargatis;Home Office;;Santo Domingo;Santo Domingo;Dominican Republic;Caribbean;LATAM;OFF-SU-4978;Office Supplies;Supplies;Kleencut Letter Opener, Easy Grip;86,592;6;0,2;20,472;15,953;High;August;2015
8024;MX-2015-DO1343536-42224;Cumartesi, Ağustos 08, 2015;Çarşamba, Ağustos 12, 2015;Standard Class;DO-1343536;Denny Ordway;Consumer;;Santo Domingo;Santo Domingo;Dominican Republic;Caribbean;LATAM;TEC-PH-5251;Technology;Phones;Motorola Headset, Cordless;44,048;1;0,2;-7,172;4,38;Medium;August;2015
9823;MX-2015-BD1150036-42244;Cuma, Ağustos 28, 2015;Salı, Eylül 01, 2015;Standard Class;BD-1150036;Bradley Drucker;Consumer;;Santo Domingo;Santo Domingo;Dominican Republic;Caribbean;LATAM;FUR-CH-5793;Furniture;Chairs;SAFCO Rocking Chair, Adjustable;73,28;1;0,2;19,22;6,197;Medium;August;2015
3440;US-2015-DP1316536-42238;Cumartesi, Ağustos 22, 2015;Cumartesi, Ağustos 29, 2015;Standard Class;DP-1316536;David Philippe;Consumer;;Santo Domingo;Santo Domingo;Dominican Republic;Caribbean;LATAM;TEC-PH-5337;Technology;Phones;Nokia Audio Dock, VoIP;177,952;2;0,2;-42,288;14,645;Medium;August;2015
9824;MX-2015-BD1150036-42244;Cuma, Ağustos 28, 2015;Salı, Eylül 01, 2015;Standard Class;BD-1150036;Bradley Drucker;Consumer;;Santo Domingo;Santo Domingo;Dominican Republic;Caribbean;LATAM;FUR-CH-5412;Furniture;Chairs;Novimex Swivel Stool, Black;259,248;3;0,2;-32,412;17,126;Medium;August;2015
8022;MX-2015-DO1343536-42224;Cumartesi, Ağustos 08, 2015;Çarşamba, Ağustos 12, 2015;Standard Class;DO-1343536;Denny Ordway;Consumer;;Santo Domingo;Santo Domingo;Dominican Republic;Caribbean;LATAM;FUR-CH-5806;Furniture;Chairs;SAFCO Swivel Stool, Black;264,816;3;0,2;-66,204;18,199;Medium;August;2015
759;MX-2015-MC1727536-42221;Çarşamba, Ağustos 05, 2015;Cuma, Ağustos 07, 2015;First Class;MC-1727536;Marc Crier;Consumer;;Santo Domingo;Santo Domingo;Dominican Republic;Caribbean;LATAM;TEC-PH-5341;Technology;Phones;Nokia Headset, VoIP;78,08;2;0,2;2,92;11,433;High;August;2015
2422;MX-2015-CK1232536-42235;Çarşamba, Ağustos 19, 2015;Cuma, Ağustos 21, 2015;First Class;CK-1232536;Christine Kargatis;Home Office;;Santo Domingo;Santo Domingo;Dominican Republic;Caribbean;LATAM;FUR-CH-4547;Furniture;Chairs;Harbour Creations Rocking Chair, Set of Two;159,296;2;0,2;3,976;26,012;High;August;2015
8025;MX-2015-DO1343536-42224;Cumartesi, Ağustos 08, 2015;Çarşamba, Ağustos 12, 2015;Standard Class;DO-1343536;Denny Ordway;Consumer;;Santo Domingo;Santo Domingo;Dominican Republic;Caribbean;LATAM;FUR-FU-3949;Furniture;Furnishings;Deflect-O Light Bulb, Erganomic;17,61;3;0,5;-12,03;1,182;Medium;August;2015
8026;MX-2015-DO1343536-42224;Cumartesi, Ağustos 08, 2015;Çarşamba, Ağustos 12, 2015;Standard Class;DO-1343536;Denny Ordway;Consumer;;Santo Domingo;Santo Domingo;Dominican Republic;Caribbean;LATAM;FUR-BO-5763;Furniture;Bookcases;Safco Classic Bookcase, Traditional;876,3;5;0,4;14,6;99,572;Medium;August;2015
1342;US-2015-GT1475536-42243;Perşembe, Ağustos 27, 2015;Perşembe, Ağustos 27, 2015;Same Day;GT-1475536;Guy Thornton;Consumer;;Santiago de los Caballeros;Santiago;Dominican Republic;Caribbean;LATAM;TEC-AC-5127;Technology;Accessories;Logitech Mouse, Erganomic;28,896;2;0,2;-0,384;3,729;High;August;2015
1341;US-2015-GT1475536-42243;Perşembe, Ağustos 27, 2015;Perşembe, Ağustos 27, 2015;Same Day;GT-1475536;Guy Thornton;Consumer;;Santiago de los Caballeros;Santiago;Dominican Republic;Caribbean;LATAM;OFF-ST-6058;Office Supplies;Storage;Smead Shelving, Industrial;52,704;2;0,2;-8,576;8,36;High;August;2015
2837;MX-2015-JL1585036-42234;Salı, Ağustos 18, 2015;Cumartesi, Ağustos 22, 2015;Standard Class;JL-1585036;John Lucas;Consumer;;Baní;Peravia;Dominican Republic;Caribbean;LATAM;OFF-FA-3069;Office Supplies;Fasteners;Advantus Staples, Assorted Sizes;13,296;3;0,2;4,116;1,521;Medium;August;2015
5649;MX-2015-MH1729036-42217;Cumartesi, Ağustos 01, 2015;Cuma, Ağustos 07, 2015;Standard Class;MH-1729036;Marc Harrigan;Home Office;;San Pedro de Macorís;San Pedro de Macorís;Dominican Republic;Caribbean;LATAM;OFF-LA-4540;Office Supplies;Labels;Harbour Creations Legal Exhibit Labels, Laser Printer Compatible;29,2;5;0,2;6,5;1,997;Medium;August;2015
5650;MX-2015-MH1729036-42217;Cumartesi, Ağustos 01, 2015;Cuma, Ağustos 07, 2015;Standard Class;MH-1729036;Marc Harrigan;Home Office;;San Pedro de Macorís;San Pedro de Macorís;Dominican Republic;Caribbean;LATAM;OFF-PA-5876;Office Supplies;Paper;SanDisk Message Books, 8.5 x 11;44,736;3;0,2;12,816;4,114;Medium;August;2015
4077;MX-2015-KL1664536-42243;Perşembe, Ağustos 27, 2015;Cumartesi, Ağustos 29, 2015;Second Class;KL-1664536;Ken Lonsdale;Consumer;;San Pedro de Macorís;San Pedro de Macorís;Dominican Republic;Caribbean;LATAM;OFF-FA-3045;Office Supplies;Fasteners;Advantus Paper Clips, Bulk Pack;22,512;3;0,2;6,132;4,107;High;August;2015
3134;MX-2015-BF1117036-42237;Cuma, Ağustos 21, 2015;Salı, Ağustos 25, 2015;Second Class;BF-1117036;Ben Ferrer;Home Office;;San Francisco de Macorís;Duarte;Dominican Republic;Caribbean;LATAM;OFF-ST-4284;Office Supplies;Storage;Fellowes Shelving, Single Width;92,592;3;0,2;28,932;17,388;High;August;2015
5651;MX-2015-MH1729036-42217;Cumartesi, Ağustos 01, 2015;Cuma, Ağustos 07, 2015;Standard Class;MH-1729036;Marc Harrigan;Home Office;;San Pedro de Macorís;San Pedro de Macorís;Dominican Republic;Caribbean;LATAM;TEC-PH-5837;Technology;Phones;Samsung Signal Booster, VoIP;364,48;5;0,2;-36,52;24,674;Medium;August;2015
5652;MX-2015-MH1729036-42217;Cumartesi, Ağustos 01, 2015;Cuma, Ağustos 07, 2015;Standard Class;MH-1729036;Marc Harrigan;Home Office;;San Pedro de Macorís;San Pedro de Macorís;Dominican Republic;Caribbean;LATAM;TEC-AC-5137;Technology;Accessories;Logitech Router, USB;660,08;5;0,2;131,98;47,062;Medium;August;2015
4769;MX-2015-GM1468054-42242;Çarşamba, Ağustos 26, 2015;Pazartesi, Ağustos 31, 2015;Second Class;GM-1468054;Greg Matthias;Consumer;;Carrefour;Ouest;Haiti;Caribbean;LATAM;OFF-LA-4693;Office Supplies;Labels;Hon Shipping Labels, 5000 Label Set;9,408;2;0,4;0,288;1,259;High;August;2015
4768;MX-2015-GM1468054-42242;Çarşamba, Ağustos 26, 2015;Pazartesi, Ağustos 31, 2015;Second Class;GM-1468054;Greg Matthias;Consumer;;Carrefour;Ouest;Haiti;Caribbean;LATAM;OFF-LA-5383;Office Supplies;Labels;Novimex File Folder Labels, Adjustable;7,38;3;0,4;0;1,891;High;August;2015
1968;US-2015-MG1820554-42224;Cumartesi, Ağustos 08, 2015;Çarşamba, Ağustos 12, 2015;Standard Class;MG-1820554;Mitch Gastineau;Corporate;;Carrefour;Ouest;Haiti;Caribbean;LATAM;OFF-BI-3255;Office Supplies;Binders;Avery Binding Machine, Clear;38,64;2;0,4;-25,12;2,898;High;August;2015
4770;MX-2015-GM1468054-42242;Çarşamba, Ağustos 26, 2015;Pazartesi, Ağustos 31, 2015;Second Class;GM-1468054;Greg Matthias;Consumer;;Carrefour;Ouest;Haiti;Caribbean;LATAM;TEC-AC-5193;Technology;Accessories;Memorex Flash Drive, Bluetooth;117,6;10;0,4;-37,4;16,284;High;August;2015
4771;MX-2015-GM1468054-42242;Çarşamba, Ağustos 26, 2015;Pazartesi, Ağustos 31, 2015;Second Class;GM-1468054;Greg Matthias;Consumer;;Carrefour;Ouest;Haiti;Caribbean;LATAM;FUR-BO-4854;Furniture;Bookcases;Ikea Corner Shelving, Pine;199,056;4;0,4;26,496;20,21;High;August;2015
4772;MX-2015-GM1468054-42242;Çarşamba, Ağustos 26, 2015;Pazartesi, Ağustos 31, 2015;Second Class;GM-1468054;Greg Matthias;Consumer;;Carrefour;Ouest;Haiti;Caribbean;LATAM;OFF-ST-4268;Office Supplies;Storage;Fellowes Lockers, Single Width;580,608;7;0,4;-154,952;70,926;High;August;2015
4857;US-2015-EM138255-42232;Pazar, Ağustos 16, 2015;Cuma, Ağustos 21, 2015;Standard Class;EM-138255;Elizabeth Moffitt;Corporate;;Buenos Aires;Buenos Aires;Argentina;South America;LATAM;OFF-ST-4056;Office Supplies;Storage;Eldon File Cart, Industrial;204,624;4;0,4;-23,936;25,76;Medium;August;2015
4929;US-2015-AA103755-42243;Perşembe, Ağustos 27, 2015;Pazar, Ağustos 30, 2015;Second Class;AA-103755;Allen Armold;Consumer;;San Justo;Santa Fe;Argentina;South America;LATAM;FUR-FU-5731;Furniture;Furnishings;Rubbermaid Light Bulb, Black;7,536;1;0,4;-4,404;2,049;Medium;August;2015
1876;US-2015-SB202905-42229;Perşembe, Ağustos 13, 2015;Perşembe, Ağustos 20, 2015;Standard Class;SB-202905;Sean Braxton;Corporate;;San Juan;San Juan;Argentina;South America;LATAM;OFF-LA-4555;Office Supplies;Labels;Harbour Creations Shipping Labels, Laser Printer Compatible;27,504;6;0,4;-5,136;2,638;Low;August;2015
1123;US-2015-SC206955-42237;Cuma, Ağustos 21, 2015;Cuma, Ağustos 21, 2015;Same Day;SC-206955;Steve Chapman;Corporate;;Rosario;Santa Fe;Argentina;South America;LATAM;OFF-ST-6024;Office Supplies;Storage;Smead Box, Industrial;40,5;9;0,4;-21,6;4,961;Medium;August;2015
1124;US-2015-SC206955-42237;Cuma, Ağustos 21, 2015;Cuma, Ağustos 21, 2015;Same Day;SC-206955;Steve Chapman;Corporate;;Rosario;Santa Fe;Argentina;South America;LATAM;TEC-AC-4158;Technology;Accessories;Enermax Keyboard, USB;66,936;2;0,4;6,656;5,52;Medium;August;2015
1357;MX-2015-CM121905-42236;Perşembe, Ağustos 20, 2015;Perşembe, Ağustos 27, 2015;Standard Class;CM-121905;Charlotte Melton;Consumer;;Rosario;Santa Fe;Argentina;South America;LATAM;OFF-EN-4444;Office Supplies;Envelopes;GlobeWeis Mailers, Security-Tint;81,9;5;0,4;0;7,472;Low;August;2015
1122;US-2015-SC206955-42237;Cuma, Ağustos 21, 2015;Cuma, Ağustos 21, 2015;Same Day;SC-206955;Steve Chapman;Corporate;;Rosario;Santa Fe;Argentina;South America;LATAM;FUR-BO-3642;Furniture;Bookcases;Bush Library with Doors, Traditional;1311,552;9;0,4;-306,108;76,651;Medium;August;2015
1125;US-2015-SC206955-42237;Cuma, Ağustos 21, 2015;Cuma, Ağustos 21, 2015;Same Day;SC-206955;Steve Chapman;Corporate;;Rosario;Santa Fe;Argentina;South America;LATAM;OFF-ST-4079;Office Supplies;Storage;Eldon Lockers, Industrial;634,848;8;0,4;-74,112;80,601;Medium;August;2015
7610;US-2015-DE13255143-42239;Pazar, Ağustos 23, 2015;Cuma, Ağustos 28, 2015;Standard Class;DE-13255143;Deanra Eno;Home Office;;El Limón;Aragua;Venezuela;South America;LATAM;OFF-BI-3713;Office Supplies;Binders;Cardinal 3-Hole Punch, Durable;12,12;1;0,4;-3,44;1,794;Medium;August;2015
7611;US-2015-DE13255143-42239;Pazar, Ağustos 23, 2015;Cuma, Ağustos 28, 2015;Standard Class;DE-13255143;Deanra Eno;Home Office;;El Limón;Aragua;Venezuela;South America;LATAM;FUR-CH-4547;Furniture;Chairs;Harbour Creations Rocking Chair, Set of Two;119,472;2;0,4;-35,848;8,022;Medium;August;2015
459;MX-2015-BV1124528-42245;Cumartesi, Ağustos 29, 2015;Cumartesi, Eylül 05, 2015;Standard Class;BV-1124528;Benjamin Venier;Corporate;;Santa Marta;Magdalena;Colombia;South America;LATAM;FUR-TA-3765;Furniture;Tables;Chromcraft Conference Table, Rectangular;2320,64;5;0,2;-203,06;130,77;Medium;August;2015
4052;MX-2015-BS1136518-42231;Cumartesi, Ağustos 15, 2015;Cuma, Ağustos 21, 2015;Standard Class;BS-1136518;Bill Shonely;Corporate;;Betim;Minas Gerais;Brazil;South America;LATAM;TEC-CO-3594;Technology;Copiers;Brother Fax and Copier, Laser;382,21404;3;0,002;41,35404;10,613;Medium;August;2015
8376;MX-2015-RB1946518-42242;Çarşamba, Ağustos 26, 2015;Salı, Eylül 01, 2015;Standard Class;RB-1946518;Rick Bensley;Home Office;;Nova Serrana;Minas Gerais;Brazil;South America;LATAM;TEC-CO-5996;Technology;Copiers;Sharp Fax and Copier, Laser;224,3504;2;0,002;1,7904;20,423;Low;August;2015
9756;MX-2015-ST2053018-42236;Perşembe, Ağustos 20, 2015;Pazartesi, Ağustos 24, 2015;Standard Class;ST-2053018;Shui Tom;Consumer;;São Gonçalo;Rio de Janeiro;Brazil;South America;LATAM;TEC-CO-5992;Technology;Copiers;Sharp Copy Machine, Laser;795,2064;5;0,002;245,4064;46,257;Medium;August;2015
9757;MX-2015-ST2053018-42236;Perşembe, Ağustos 20, 2015;Pazartesi, Ağustos 24, 2015;Standard Class;ST-2053018;Shui Tom;Consumer;;São Gonçalo;Rio de Janeiro;Brazil;South America;LATAM;TEC-CO-5990;Technology;Copiers;Sharp Copy Machine, Color;790,416;5;0,002;378,516;54,789;Medium;August;2015
644;MX-2015-SB2018518-42245;Cumartesi, Ağustos 29, 2015;Perşembe, Eylül 03, 2015;Second Class;SB-2018518;Sarah Brown;Consumer;;Uberaba;Minas Gerais;Brazil;South America;LATAM;TEC-CO-5994;Technology;Copiers;Sharp Fax and Copier, Digital;783,54976;7;0,002;312,44976;65,41;Medium;August;2015
10105;US-2015-SC2068018-42231;Cumartesi, Ağustos 15, 2015;Cumartesi, Ağustos 22, 2015;Standard Class;SC-2068018;Steve Carroll;Home Office;;Presidente Dutra;Maranhão;Brazil;South America;LATAM;TEC-PH-3143;Technology;Phones;Apple Signal Booster, Cordless;186;5;0,6;-251,1;16,724;Medium;August;2015
4910;MX-2015-LT1676582-42235;Çarşamba, Ağustos 19, 2015;Çarşamba, Ağustos 26, 2015;Standard Class;LT-1676582;Larry Tron;Consumer;;Madero;Tamaulipas;Mexico;Central America;LATAM;FUR-CH-5372;Furniture;Chairs;Novimex Chairmat, Red;60,096;2;0,2;-4,544;3,952;Medium;August;2015
7326;MX-2015-AS1024082-42231;Cumartesi, Ağustos 15, 2015;Cuma, Ağustos 21, 2015;Standard Class;AS-1024082;Alan Shonely;Consumer;;Mexico City;Distrito Federal;Mexico;Central America;LATAM;FUR-CH-5439;Furniture;Chairs;Office Star Chairmat, Red;175,52;5;0,2;-15,38;22,567;Medium;August;2015
6901;MX-2015-AF1088582-42217;Cumartesi, Ağustos 01, 2015;Cuma, Ağustos 07, 2015;Standard Class;AF-1088582;Art Foster;Consumer;;Acuña;Coahuila;Mexico;Central America;LATAM;FUR-CH-4655;Furniture;Chairs;Hon Executive Leather Armchair, Black;487,616;2;0,2;79,216;41,999;Medium;August;2015
4188;US-2015-LR1691582-42220;Salı, Ağustos 04, 2015;Cumartesi, Ağustos 08, 2015;Standard Class;LR-1691582;Lena Radford;Consumer;;Coacalco;México;Mexico;Central America;LATAM;FUR-CH-5457;Furniture;Chairs;Office Star Swivel Stool, Set of Two;187,936;2;0,2;-18,824;20,911;High;August;2015
374;MX-2015-TP2156582-42236;Perşembe, Ağustos 20, 2015;Pazar, Ağustos 23, 2015;First Class;TP-2156582;Tracy Poddar;Corporate;;Saltillo;Coahuila;Mexico;Central America;LATAM;FUR-CH-4682;Furniture;Chairs;Hon Rocking Chair, Black;273,472;4;0,2;95,712;39,124;Medium;August;2015
9854;US-2015-CS1249082-42238;Cumartesi, Ağustos 22, 2015;Pazartesi, Ağustos 24, 2015;Second Class;CS-1249082;Cindy Schnelling;Corporate;;Juárez;Chihuahua;Mexico;Central America;LATAM;FUR-BO-5940;Furniture;Bookcases;Sauder 3-Shelf Cabinet, Metal;88,608;1;0,2;-21,052;21,255;Critical;August;2015
372;MX-2015-TP2156582-42236;Perşembe, Ağustos 20, 2015;Pazar, Ağustos 23, 2015;First Class;TP-2156582;Tracy Poddar;Corporate;;Saltillo;Coahuila;Mexico;Central America;LATAM;FUR-BO-5763;Furniture;Bookcases;Safco Classic Bookcase, Traditional;1168,4;5;0,2;306,7;47,811;Medium;August;2015
9852;US-2015-CS1249082-42238;Cumartesi, Ağustos 22, 2015;Pazartesi, Ağustos 24, 2015;Second Class;CS-1249082;Cindy Schnelling;Corporate;;Juárez;Chihuahua;Mexico;Central America;LATAM;FUR-BO-5967;Furniture;Bookcases;Sauder Library with Doors, Mobile;624,24;3;0,2;31,2;93,365;Critical;August;2015
4500;US-2015-DK1283582-42223;Cuma, Ağustos 07, 2015;Pazar, Ağustos 09, 2015;First Class;DK-1283582;Damala Kotsonis;Corporate;;Puebla;Puebla;Mexico;Central America;LATAM;FUR-BO-3628;Furniture;Bookcases;Bush Corner Shelving, Metal;592,56;9;0,2;-52,02;131,107;High;August;2015
463;MX-2015-MB1808582-42220;Salı, Ağustos 04, 2015;Cumartesi, Ağustos 08, 2015;Standard Class;MB-1808582;Mick Brown;Consumer;;Querétaro;Querétaro;Mexico;Central America;LATAM;FUR-FU-4066;Furniture;Furnishings;Eldon Frame, Durable;90,624;2;0,4;-18,136;6,494;Medium;August;2015
375;MX-2015-TP2156582-42236;Perşembe, Ağustos 20, 2015;Pazar, Ağustos 23, 2015;First Class;TP-2156582;Tracy Poddar;Corporate;;Saltillo;Coahuila;Mexico;Central America;LATAM;FUR-FU-6278;Furniture;Furnishings;Tenex Stacking Tray, Erganomic;19,08;2;0,4;-12,12;2,022;Medium;August;2015
9851;US-2015-CS1249082-42238;Cumartesi, Ağustos 22, 2015;Pazartesi, Ağustos 24, 2015;Second Class;CS-1249082;Cindy Schnelling;Corporate;;Juárez;Chihuahua;Mexico;Central America;LATAM;FUR-FU-6241;Furniture;Furnishings;Tenex Door Stop, Black;17,556;1;0,4;-9,664;3,241;Critical;August;2015
7081;MX-2015-TB2119082-42221;Çarşamba, Ağustos 05, 2015;Pazar, Ağustos 09, 2015;Second Class;TB-2119082;Thomas Brumley;Home Office;;Acámbaro;Guanajuato;Mexico;Central America;LATAM;FUR-FU-3952;Furniture;Furnishings;Deflect-O Photo Frame, Durable;58,716;3;0,4;-19,584;4,41;Medium;August;2015
9853;US-2015-CS1249082-42238;Cumartesi, Ağustos 22, 2015;Pazartesi, Ağustos 24, 2015;Second Class;CS-1249082;Cindy Schnelling;Corporate;;Juárez;Chihuahua;Mexico;Central America;LATAM;FUR-FU-3033;Furniture;Furnishings;Advantus Frame, Duo Pack;311,304;7;0,4;-67,536;77,752;Critical;August;2015
4909;MX-2015-LT1676582-42235;Çarşamba, Ağustos 19, 2015;Çarşamba, Ağustos 26, 2015;Standard Class;LT-1676582;Larry Tron;Consumer;;Madero;Tamaulipas;Mexico;Central America;LATAM;TEC-CO-4777;Technology;Copiers;HP Ink, Color;259,75944;3;0,002;72,31944;20,282;Medium;August;2015
9432;MX-2015-JF1556582-42243;Perşembe, Ağustos 27, 2015;Salı, Eylül 01, 2015;Standard Class;JF-1556582;Jill Fjeld;Consumer;;Azcapotzalco;Distrito Federal;Mexico;Central America;LATAM;TEC-CO-4586;Technology;Copiers;Hewlett Personal Copier, Color;290,83716;3;0,002;31,45716;21,498;Medium;August;2015
8563;MX-2015-AH1046582-42223;Cuma, Ağustos 07, 2015;Çarşamba, Ağustos 12, 2015;Standard Class;AH-1046582;Amy Hunt;Consumer;;Morelia;Michoacán;Mexico;Central America;LATAM;TEC-CO-3687;Technology;Copiers;Canon Fax Machine, Digital;1692,76768;8;0,002;166,20768;137,684;Medium;August;2015
7256;US-2015-KM1637555-42219;Pazartesi, Ağustos 03, 2015;Cuma, Ağustos 07, 2015;Standard Class;KM-1637555;Katherine Murray;Home Office;;Tegucigalpa;Francisco Morazán;Honduras;Central America;LATAM;OFF-PA-3989;Office Supplies;Paper;Eaton Cards & Envelopes, Recycled;108,216;6;0,4;-27,144;10,473;Medium;August;2015
7031;US-2015-PB1921055-42218;Pazar, Ağustos 02, 2015;Pazartesi, Ağustos 03, 2015;Same Day;PB-1921055;Phillip Breyer;Corporate;;Tegucigalpa;Francisco Morazán;Honduras;Central America;LATAM;OFF-BI-3253;Office Supplies;Binders;Avery Binder, Economy;61,92;12;0,4;-34,08;17,274;Critical;August;2015
7030;US-2015-PB1921055-42218;Pazar, Ağustos 02, 2015;Pazartesi, Ağustos 03, 2015;Same Day;PB-1921055;Phillip Breyer;Corporate;;Tegucigalpa;Francisco Morazán;Honduras;Central America;LATAM;OFF-SU-4989;Office Supplies;Supplies;Kleencut Shears, Easy Grip;154,848;8;0,4;-20,672;35,327;Critical;August;2015
6213;US-2015-TH2155055-42229;Perşembe, Ağustos 13, 2015;Cumartesi, Ağustos 15, 2015;First Class;TH-2155055;Tracy Hopkins;Home Office;;La Ceiba;Atlántida;Honduras;Central America;LATAM;OFF-BI-2898;Office Supplies;Binders;Acco Binder, Recycled;31,02;5;0,4;-6,78;3,093;High;August;2015
8574;US-2015-RD1958555-42228;Çarşamba, Ağustos 12, 2015;Çarşamba, Ağustos 12, 2015;Same Day;RD-1958555;Rob Dowd;Consumer;;La Ceiba;Atlántida;Honduras;Central America;LATAM;OFF-ST-5703;Office Supplies;Storage;Rogers Lockers, Wire Frame;252,828;3;0,4;-92,712;51,008;High;August;2015
7608;MX-2015-NC1853555-42217;Cumartesi, Ağustos 01, 2015;Çarşamba, Ağustos 05, 2015;Standard Class;NC-1853555;Nick Crebassa;Corporate;;Choloma;Cortés;Honduras;Central America;LATAM;OFF-EN-5040;Office Supplies;Envelopes;Kraft Manila Envelope, with clear poly window;12,012;1;0,4;1,592;1,217;High;August;2015
7609;MX-2015-NC1853555-42217;Cumartesi, Ağustos 01, 2015;Çarşamba, Ağustos 05, 2015;Standard Class;NC-1853555;Nick Crebassa;Corporate;;Choloma;Cortés;Honduras;Central America;LATAM;TEC-AC-5880;Technology;Accessories;SanDisk Mouse, Bluetooth;15,324;1;0,4;-3,076;1,63;High;August;2015
9172;US-2015-MH1744055-42223;Cuma, Ağustos 07, 2015;Pazartesi, Ağustos 10, 2015;Second Class;MH-1744055;Mark Haberlin;Corporate;;Choloma;Cortés;Honduras;Central America;LATAM;FUR-CH-4557;Furniture;Chairs;Harbour Creations Steel Folding Chair, Adjustable;40,152;1;0,4;-24,108;2,586;Medium;August;2015
3494;US-2015-IG1508555-42245;Cumartesi, Ağustos 29, 2015;Çarşamba, Eylül 02, 2015;Standard Class;IG-1508555;Ivan Gibson;Consumer;;San Pedro Sula;Cortés;Honduras;Central America;LATAM;OFF-EN-3098;Office Supplies;Envelopes;Ames Interoffice Envelope, Set of 50;36,096;2;0,4;-4,224;2,462;Medium;August;2015
6714;MX-2015-CD1228055-42243;Perşembe, Ağustos 27, 2015;Salı, Eylül 01, 2015;Standard Class;CD-1228055;Christina DeMoss;Consumer;;San Pedro Sula;Cortés;Honduras;Central America;LATAM;FUR-CH-5753;Furniture;Chairs;SAFCO Bag Chairs, Set of Two;62,028;3;0,4;9,288;2,094;Medium;August;2015
2314;MX-2015-BG1103598-42234;Salı, Ağustos 18, 2015;Pazar, Ağustos 23, 2015;Second Class;BG-1103598;Barry Gonzalez;Consumer;;Panama City;Panama;Panama;Central America;LATAM;TEC-AC-5195;Technology;Accessories;Memorex Flash Drive, Programmable;74,16;6;0,4;4,92;10,646;High;August;2015
7980;MX-2015-JG1516098-42232;Pazar, Ağustos 16, 2015;Perşembe, Ağustos 20, 2015;Standard Class;JG-1516098;James Galang;Consumer;;San Miguelito;Panama;Panama;Central America;LATAM;OFF-AR-3449;Office Supplies;Art;BIC Canvas, Fluorescent;65,952;3;0,4;3,252;5,017;Medium;August;2015
7981;MX-2015-JG1516098-42232;Pazar, Ağustos 16, 2015;Perşembe, Ağustos 20, 2015;Standard Class;JG-1516098;James Galang;Consumer;;San Miguelito;Panama;Panama;Central America;LATAM;OFF-ST-5693;Office Supplies;Storage;Rogers File Cart, Single Width;113,304;2;0,4;-34,016;9,709;Medium;August;2015
6503;MX-2015-ES1402039-42228;Çarşamba, Ağustos 12, 2015;Pazar, Ağustos 16, 2015;Standard Class;ES-1402039;Erica Smith;Consumer;;San Salvador;San Salvador;El Salvador;Central America;LATAM;TEC-CO-4573;Technology;Copiers;Hewlett Fax and Copier, High-Speed;127,12524;1;0,002;53,22524;11,607;High;August;2015
981;MX-2015-BN1147093-42222;Perşembe, Ağustos 06, 2015;Pazar, Ağustos 09, 2015;First Class;BN-1147093;Brad Norvell;Corporate;;Managua;Managua;Nicaragua;Central America;LATAM;TEC-CO-6005;Technology;Copiers;Sharp Personal Copier, Color;161,59616;2;0,002;30,43616;15,04;Medium;August;2015
7776;MX-2015-MC1759051-42223;Cuma, Ağustos 07, 2015;Perşembe, Ağustos 13, 2015;Standard Class;MC-1759051;Matt Collister;Corporate;;Villa Nueva;Guatemala;Guatemala;Central America;LATAM;TEC-CO-3703;Technology;Copiers;Canon Personal Copier, Color;287,78328;3;0,002;111,86328;15,918;Medium;August;2015
6504;MX-2015-ES1402039-42228;Çarşamba, Ağustos 12, 2015;Pazar, Ağustos 16, 2015;Standard Class;ES-1402039;Erica Smith;Consumer;;San Salvador;San Salvador;El Salvador;Central America;LATAM;FUR-TA-3348;Furniture;Tables;Barricks Round Table, Adjustable Height;537,28;2;0,2;-26,88;77,259;High;August;2015
17317;ES-2015-KM1637591-42236;Perşembe, Ağustos 20, 2015;Salı, Ağustos 25, 2015;Standard Class;KM-1637591;Katherine Murray;Home Office;;Nieuwegein;Utrecht;Netherlands;Western Europe;Europe;FUR-FU-3957;Furniture;Furnishings;Deflect-O Stacking Tray, Erganomic;71,424;4;0,2;-14,376;6,66;Medium;August;2015
16020;IT-2015-CS1195091-42239;Pazar, Ağustos 23, 2015;Perşembe, Ağustos 27, 2015;Second Class;CS-1195091;Carlos Soltero;Consumer;;Amsterdam;North Holland;Netherlands;Western Europe;Europe;FUR-FU-5728;Furniture;Furnishings;Rubbermaid Frame, Duo Pack;263,88;3;0,2;-29,7;32,17;Medium;August;2015
11423;IT-2015-JW1522091-42234;Salı, Ağustos 18, 2015;Pazar, Ağustos 23, 2015;Standard Class;JW-1522091;Jane Waco;Corporate;;Almelo;Overijssel;Netherlands;Western Europe;Europe;OFF-BI-6381;Office Supplies;Binders;Wilson Jones Binder, Recycled;26,76;4;0,5;-6,48;1,97;Medium;August;2015
18756;IT-2015-HG1484591-42242;Çarşamba, Ağustos 26, 2015;Cumartesi, Ağustos 29, 2015;First Class;HG-1484591;Harry Greene;Consumer;;Maastricht;Limburg;Netherlands;Western Europe;Europe;OFF-BI-3186;Office Supplies;Binders;Avery 3-Hole Punch, Clear;27,33;2;0,5;-20,25;2,57;Medium;August;2015
16995;IT-2015-BT1130591-42245;Cumartesi, Ağustos 29, 2015;Cumartesi, Eylül 05, 2015;Standard Class;BT-1130591;Beth Thompson;Home Office;;Apeldoorn;Gelderland;Netherlands;Western Europe;Europe;OFF-FA-6195;Office Supplies;Fasteners;Stockwell Push Pins, Bulk Pack;20,97;3;0,5;-5,94;2,93;Low;August;2015
17319;ES-2015-KM1637591-42236;Perşembe, Ağustos 20, 2015;Salı, Ağustos 25, 2015;Standard Class;KM-1637591;Katherine Murray;Home Office;;Nieuwegein;Utrecht;Netherlands;Western Europe;Europe;OFF-AR-3526;Office Supplies;Art;Boston Canvas, Easy-Erase;80,865;3;0,5;-43,695;7,9;Medium;August;2015
17320;ES-2015-KM1637591-42236;Perşembe, Ağustos 20, 2015;Salı, Ağustos 25, 2015;Standard Class;KM-1637591;Katherine Murray;Home Office;;Nieuwegein;Utrecht;Netherlands;Western Europe;Europe;OFF-ST-4266;Office Supplies;Storage;Fellowes Lockers, Blue;207,33;2;0,5;-99,57;11,26;Medium;August;2015
18849;IT-2015-JB1540091-42245;Cumartesi, Ağustos 29, 2015;Salı, Eylül 01, 2015;First Class;JB-1540091;Jennifer Braxton;Corporate;;Amersfoort;Utrecht;Netherlands;Western Europe;Europe;OFF-ST-6066;Office Supplies;Storage;Smead Trays, Industrial;73,44;3;0,5;-25,02;13,74;High;August;2015
11424;IT-2015-JW1522091-42234;Salı, Ağustos 18, 2015;Pazar, Ağustos 23, 2015;Standard Class;JW-1522091;Jane Waco;Corporate;;Almelo;Overijssel;Netherlands;Western Europe;Europe;OFF-ST-4258;Office Supplies;Storage;Fellowes File Cart, Industrial;206,685;3;0,5;-152,955;16,8;Medium;August;2015
17316;ES-2015-KM1637591-42236;Perşembe, Ağustos 20, 2015;Salı, Ağustos 25, 2015;Standard Class;KM-1637591;Katherine Murray;Home Office;;Nieuwegein;Utrecht;Netherlands;Western Europe;Europe;OFF-ST-4259;Office Supplies;Storage;Fellowes File Cart, Single Width;412,02;6;0,5;-412,02;19,24;Medium;August;2015
17318;ES-2015-KM1637591-42236;Perşembe, Ağustos 20, 2015;Salı, Ağustos 25, 2015;Standard Class;KM-1637591;Katherine Murray;Home Office;;Nieuwegein;Utrecht;Netherlands;Western Europe;Europe;FUR-CH-5366;Furniture;Chairs;Novimex Bag Chairs, Adjustable;72,675;3;0,5;-36,405;5,6;Medium;August;2015
18755;IT-2015-HG1484591-42242;Çarşamba, Ağustos 26, 2015;Cumartesi, Ağustos 29, 2015;First Class;HG-1484591;Harry Greene;Consumer;;Maastricht;Limburg;Netherlands;Western Europe;Europe;TEC-AC-3380;Technology;Accessories;Belkin Flash Drive, Programmable;65,16;3;0,5;-52,2;12,82;Medium;August;2015
18850;IT-2015-JB1540091-42245;Cumartesi, Ağustos 29, 2015;Salı, Eylül 01, 2015;First Class;JB-1540091;Jennifer Braxton;Corporate;;Amersfoort;Utrecht;Netherlands;Western Europe;Europe;TEC-AC-5220;Technology;Accessories;Memorex Numeric Keypad, Bluetooth;67,815;3;0,5;-27,135;17,74;High;August;2015
19707;IT-2015-LT1676591-42231;Cumartesi, Ağustos 15, 2015;Salı, Ağustos 18, 2015;First Class;LT-1676591;Larry Tron;Consumer;;Oosterhout;North Brabant;Netherlands;Western Europe;Europe;OFF-AR-3539;Office Supplies;Art;Boston Markers, Fluorescent;55,26;4;0,5;-38,7;15,71;High;August;2015
16019;IT-2015-CS1195091-42239;Pazar, Ağustos 23, 2015;Perşembe, Ağustos 27, 2015;Second Class;CS-1195091;Carlos Soltero;Consumer;;Amsterdam;North Holland;Netherlands;Western Europe;Europe;OFF-SU-4128;Office Supplies;Supplies;Elite Scissors, High Speed;45,06;4;0,5;-1,86;5,65;Medium;August;2015
20121;IT-2015-DL1286591-42231;Cumartesi, Ağustos 15, 2015;Pazar, Ağustos 16, 2015;First Class;DL-1286591;Dan Lawera;Consumer;;Rotterdam;South Holland;Netherlands;Western Europe;Europe;TEC-MA-5501;Technology;Machines;Okidata Inkjet, Durable;468,765;3;0,5;-459,405;52,95;Medium;August;2015
12517;IT-2015-DB1327091-42244;Cuma, Ağustos 28, 2015;Çarşamba, Eylül 02, 2015;Second Class;DB-1327091;Deborah Brumfield;Home Office;;The Hague;South Holland;Netherlands;Western Europe;Europe;FUR-BO-4867;Furniture;Bookcases;Ikea Stackable Bookrack, Traditional;490,32;8;0,5;-127,68;99,37;High;August;2015
20122;IT-2015-DL1286591-42231;Cumartesi, Ağustos 15, 2015;Pazar, Ağustos 16, 2015;First Class;DL-1286591;Dan Lawera;Consumer;;Rotterdam;South Holland;Netherlands;Western Europe;Europe;OFF-EN-3093;Office Supplies;Envelopes;Ames Clasp Envelope, Set of 50;14,4;4;0,5;-1,44;1,78;Medium;August;2015
12238;IT-2015-TN2104091-42242;Çarşamba, Ağustos 26, 2015;Pazartesi, Ağustos 31, 2015;Standard Class;TN-2104091;Tanja Norvell;Home Office;;Leiden;South Holland;Netherlands;Western Europe;Europe;OFF-BI-3251;Office Supplies;Binders;Avery Binder, Clear;18,54;3;0,5;-14,85;2,07;Medium;August;2015
10677;IT-2015-CY1274591-42232;Pazar, Ağustos 16, 2015;Cuma, Ağustos 21, 2015;Standard Class;CY-1274591;Craig Yedwab;Corporate;;Alphen aan den Rijn;South Holland;Netherlands;Western Europe;Europe;OFF-EN-5029;Office Supplies;Envelopes;Kraft Interoffice Envelope, Recycled;114,3;5;0,5;-39;11,27;High;August;2015
19273;IT-2015-MY1829591-42232;Pazar, Ağustos 16, 2015;Pazartesi, Ağustos 17, 2015;First Class;MY-1829591;Muhammed Yedwab;Corporate;;The Hague;South Holland;Netherlands;Western Europe;Europe;OFF-ST-4094;Office Supplies;Storage;Eldon Shelving, Blue;48,42;2;0,5;-22,32;16,6;Critical;August;2015
20123;IT-2015-DL1286591-42231;Cumartesi, Ağustos 15, 2015;Pazar, Ağustos 16, 2015;First Class;DL-1286591;Dan Lawera;Consumer;;Rotterdam;South Holland;Netherlands;Western Europe;Europe;OFF-ST-5691;Office Supplies;Storage;Rogers File Cart, Blue;351,675;5;0,5;-344,775;27;Medium;August;2015
11510;ES-2015-BT1130548-42220;Salı, Ağustos 04, 2015;Pazar, Ağustos 09, 2015;Standard Class;BT-1130548;Beth Thompson;Home Office;;Herten;North Rhine-Westphalia;Germany;Western Europe;Europe;OFF-ST-6282;Office Supplies;Storage;Tenex Trays, Industrial;98,442;2;0,1;-0,018;7,04;Medium;August;2015
13216;IT-2015-BD1156048-42224;Cumartesi, Ağustos 08, 2015;Cumartesi, Ağustos 15, 2015;Standard Class;BD-1156048;Brendan Dodson;Home Office;;Essen;North Rhine-Westphalia;Germany;Western Europe;Europe;OFF-ST-6041;Office Supplies;Storage;Smead Folders, Wire Frame;119,232;8;0,1;-5,328;7,61;Medium;August;2015
20177;ES-2015-MR1754548-42218;Pazar, Ağustos 02, 2015;Cuma, Ağustos 07, 2015;Standard Class;MR-1754548;Mathew Reese;Home Office;;Krefeld;North Rhine-Westphalia;Germany;Western Europe;Europe;OFF-ST-5701;Office Supplies;Storage;Rogers Lockers, Industrial;381,78;2;0,1;118,74;24,75;Medium;August;2015
12659;ES-2015-CM1193548-42244;Cuma, Ağustos 28, 2015;Çarşamba, Eylül 02, 2015;Standard Class;CM-1193548;Carlos Meador;Consumer;;Hamm;North Rhine-Westphalia;Germany;Western Europe;Europe;OFF-ST-5710;Office Supplies;Storage;Rogers Trays, Industrial;167,832;3;0,1;55,872;25,99;High;August;2015
13217;IT-2015-BD1156048-42224;Cumartesi, Ağustos 08, 2015;Cumartesi, Ağustos 15, 2015;Standard Class;BD-1156048;Brendan Dodson;Home Office;;Essen;North Rhine-Westphalia;Germany;Western Europe;Europe;OFF-ST-4267;Office Supplies;Storage;Fellowes Lockers, Industrial;561,087;3;0,1;211,887;39,13;Medium;August;2015
16482;IT-2015-MC1757548-42230;Cuma, Ağustos 14, 2015;Pazartesi, Ağustos 17, 2015;Second Class;MC-1757548;Matt Collins;Consumer;;Bottrop;North Rhine-Westphalia;Germany;Western Europe;Europe;OFF-ST-4078;Office Supplies;Storage;Eldon Lockers, Blue;534,357;3;0,1;-0,063;65,5;High;August;2015
18644;IT-2015-SC2084548-42222;Perşembe, Ağustos 06, 2015;Cumartesi, Ağustos 08, 2015;First Class;SC-2084548;Sung Chung;Consumer;;Solingen;North Rhine-Westphalia;Germany;Western Europe;Europe;OFF-AP-3866;Office Supplies;Appliances;Cuisinart Microwave, Silver;502,578;2;0,1;-55,842;21,11;Medium;August;2015
20172;ES-2015-MR1754548-42218;Pazar, Ağustos 02, 2015;Cuma, Ağustos 07, 2015;Standard Class;MR-1754548;Mathew Reese;Home Office;;Krefeld;North Rhine-Westphalia;Germany;Western Europe;Europe;FUR-BO-5798;Furniture;Bookcases;Safco Stackable Bookrack, Pine;676,485;5;0,1;195,285;40,78;Medium;August;2015
18099;ES-2015-MT1807048-42237;Cuma, Ağustos 21, 2015;Pazar, Ağustos 23, 2015;Second Class;MT-1807048;Michelle Tran;Home Office;;Moers;North Rhine-Westphalia;Germany;Western Europe;Europe;FUR-BO-3901;Furniture;Bookcases;Dania Library with Doors, Metal;977,022;3;0,1;271,332;63,4;Medium;August;2015
13973;ES-2015-AY1055548-42220;Salı, Ağustos 04, 2015;Cumartesi, Ağustos 08, 2015;Standard Class;AY-1055548;Andy Yotov;Corporate;;Ratingen;North Rhine-Westphalia;Germany;Western Europe;Europe;FUR-BO-5799;Furniture;Bookcases;Safco Stackable Bookrack, Traditional;400,788;3;0,1;26,658;67,49;High;August;2015
20173;ES-2015-MR1754548-42218;Pazar, Ağustos 02, 2015;Cuma, Ağustos 07, 2015;Standard Class;MR-1754548;Mathew Reese;Home Office;;Krefeld;North Rhine-Westphalia;Germany;Western Europe;Europe;FUR-BO-5954;Furniture;Bookcases;Sauder Corner Shelving, Pine;668,925;5;0,1;74,325;78,88;Medium;August;2015
11132;ES-2015-TM2101048-42220;Salı, Ağustos 04, 2015;Cumartesi, Ağustos 08, 2015;Standard Class;TM-2101048;Tamara Manning;Consumer;;Berlin;Berlin;Germany;Western Europe;Europe;OFF-SU-4313;Office Supplies;Supplies;Fiskars Ruler, Serrated;30,051;3;0,1;8,991;1,86;Medium;August;2015
17807;ES-2015-CD1279048-42227;Salı, Ağustos 11, 2015;Pazar, Ağustos 16, 2015;Standard Class;CD-1279048;Cynthia Delaney;Home Office;;Berlin;Berlin;Germany;Western Europe;Europe;OFF-LA-5403;Office Supplies;Labels;Novimex Shipping Labels, Adjustable;55,944;7;0,1;4,914;3,23;Medium;August;2015
11312;IT-2015-HK1489048-42243;Perşembe, Ağustos 27, 2015;Pazartesi, Ağustos 31, 2015;Standard Class;HK-1489048;Heather Kirkland;Corporate;;Berlin;Berlin;Germany;Western Europe;Europe;OFF-PA-4477;Office Supplies;Paper;Green Bar Message Books, Recycled;106,65;5;0,1;30,75;6,52;Medium;August;2015
11313;IT-2015-HK1489048-42243;Perşembe, Ağustos 27, 2015;Pazartesi, Ağustos 31, 2015;Standard Class;HK-1489048;Heather Kirkland;Corporate;;Berlin;Berlin;Germany;Western Europe;Europe;OFF-PA-6613;Office Supplies;Paper;Xerox Message Books, 8.5 x 11;154,413;7;0,1;22,113;18,36;Medium;August;2015
11314;IT-2015-HK1489048-42243;Perşembe, Ağustos 27, 2015;Pazartesi, Ağustos 31, 2015;Standard Class;HK-1489048;Heather Kirkland;Corporate;;Berlin;Berlin;Germany;Western Europe;Europe;TEC-AC-3388;Technology;Accessories;Belkin Memory Card, Bluetooth;619,974;6;0,1;82,494;52,45;Medium;August;2015
16369;ES-2015-JG1580548-42235;Çarşamba, Ağustos 19, 2015;Cumartesi, Ağustos 22, 2015;First Class;JG-1580548;John Grady;Corporate;;Berlin;Berlin;Germany;Western Europe;Europe;OFF-BI-3253;Office Supplies;Binders;Avery Binder, Economy;34,83;3;0,1;11,16;10,38;Critical;August;2015
16366;ES-2015-JG1580548-42235;Çarşamba, Ağustos 19, 2015;Cumartesi, Ağustos 22, 2015;First Class;JG-1580548;John Grady;Corporate;;Berlin;Berlin;Germany;Western Europe;Europe;TEC-AC-5219;Technology;Accessories;Memorex Mouse, USB;102,168;4;0,1;10,128;29,18;Critical;August;2015
10886;ES-2015-IM1507048-42234;Salı, Ağustos 18, 2015;Cumartesi, Ağustos 22, 2015;Standard Class;IM-1507048;Irene Maddox;Consumer;;Nuremberg;Bavaria;Germany;Western Europe;Europe;OFF-ST-6057;Office Supplies;Storage;Smead Shelving, Blue;44,037;1;0,1;9,777;3,32;Medium;August;2015
16297;ES-2015-RD1972048-42229;Perşembe, Ağustos 13, 2015;Salı, Ağustos 18, 2015;Standard Class;RD-1972048;Roger Demir;Consumer;;Offenburg;Baden-Württemberg;Germany;Western Europe;Europe;OFF-ST-4078;Office Supplies;Storage;Eldon Lockers, Blue;890,595;5;0,1;-0,105;80,71;Medium;August;2015
13613;ES-2015-KW1657048-42236;Perşembe, Ağustos 20, 2015;Perşembe, Ağustos 20, 2015;Same Day;KW-1657048;Kelly Williams;Consumer;;Mannheim;Baden-Württemberg;Germany;Western Europe;Europe;OFF-ST-6023;Office Supplies;Storage;Smead Box, Blue;19,386;2;0,1;-2,154;1,37;High;August;2015
12001;ES-2015-MC1784548-42234;Salı, Ağustos 18, 2015;Perşembe, Ağustos 20, 2015;Second Class;MC-1784548;Michael Chen;Consumer;;Mainz;Rhineland-Palatinate;Germany;Western Europe;Europe;OFF-ST-4107;Office Supplies;Storage;Eldon Trays, Single Width;86,4;2;0,1;22,08;10,99;High;August;2015
15674;ES-2015-CD1279048-42229;Perşembe, Ağustos 13, 2015;Perşembe, Ağustos 13, 2015;Same Day;CD-1279048;Cynthia Delaney;Home Office;;Munich;Bavaria;Germany;Western Europe;Europe;OFF-ST-4107;Office Supplies;Storage;Eldon Trays, Single Width;86,4;2;0,1;22,08;14,5;Medium;August;2015
19930;ES-2015-BE1141048-42224;Cumartesi, Ağustos 08, 2015;Pazartesi, Ağustos 10, 2015;Second Class;BE-1141048;Bobby Elias;Consumer;;Wiesbaden;Hesse;Germany;Western Europe;Europe;OFF-ST-6068;Office Supplies;Storage;Smead Trays, Wire Frame;128,385;3;0,1;4,275;27,24;Critical;August;2015
16485;ES-2015-KA1652548-42231;Cumartesi, Ağustos 15, 2015;Çarşamba, Ağustos 19, 2015;Standard Class;KA-1652548;Kelly Andreada;Consumer;;Reutlingen;Baden-Württemberg;Germany;Western Europe;Europe;OFF-AP-4723;Office Supplies;Appliances;Hoover Coffee Grinder, Red;309,555;5;0,1;-24,195;17,37;Medium;August;2015
11868;IT-2015-MA1756048-42241;Salı, Ağustos 25, 2015;Çarşamba, Ağustos 26, 2015;First Class;MA-1756048;Matt Abelman;Home Office;;Worms;Rhineland-Palatinate;Germany;Western Europe;Europe;FUR-BO-5747;Furniture;Bookcases;Safco 3-Shelf Cabinet, Pine;459,513;3;0,1;30,573;51,84;Medium;August;2015
16295;ES-2015-RD1972048-42229;Perşembe, Ağustos 13, 2015;Salı, Ağustos 18, 2015;Standard Class;RD-1972048;Roger Demir;Consumer;;Offenburg;Baden-Württemberg;Germany;Western Europe;Europe;FUR-BO-5798;Furniture;Bookcases;Safco Stackable Bookrack, Pine;1217,673;9;0,1;351,513;54;Medium;August;2015
10359;IT-2015-JL1585048-42230;Cuma, Ağustos 14, 2015;Pazar, Ağustos 16, 2015;Second Class;JL-1585048;John Lucas;Consumer;;Stuttgart;Baden-Württemberg;Germany;Western Europe;Europe;FUR-BO-3906;Furniture;Bookcases;Dania Stackable Bookrack, Pine;221,292;2;0,1;-22,188;61,74;Critical;August;2015
11866;IT-2015-MA1756048-42241;Salı, Ağustos 25, 2015;Çarşamba, Ağustos 26, 2015;First Class;MA-1756048;Matt Abelman;Home Office;;Worms;Rhineland-Palatinate;Germany;Western Europe;Europe;FUR-BO-4851;Furniture;Bookcases;Ikea Classic Bookcase, Traditional;370,575;1;0,1;115,275;71,09;Medium;August;2015
11311;IT-2015-HK1489048-42243;Perşembe, Ağustos 27, 2015;Pazartesi, Ağustos 31, 2015;Standard Class;HK-1489048;Heather Kirkland;Corporate;;Berlin;Berlin;Germany;Western Europe;Europe;OFF-AP-4491;Office Supplies;Appliances;Hamilton Beach Blender, Silver;340,992;6;0,2;-85,248;19,95;Medium;August;2015
16368;ES-2015-JG1580548-42235;Çarşamba, Ağustos 19, 2015;Cumartesi, Ağustos 22, 2015;First Class;JG-1580548;John Grady;Corporate;;Berlin;Berlin;Germany;Western Europe;Europe;FUR-CH-5411;Furniture;Chairs;Novimex Swivel Stool, Adjustable;267,12;2;0,2;-40,08;41,61;Critical;August;2015
16367;ES-2015-JG1580548-42235;Çarşamba, Ağustos 19, 2015;Cumartesi, Ağustos 22, 2015;First Class;JG-1580548;John Grady;Corporate;;Berlin;Berlin;Germany;Western Europe;Europe;OFF-ST-4267;Office Supplies;Storage;Fellowes Lockers, Industrial;332,496;2;0,2;99,696;73,08;Critical;August;2015
11524;ES-2015-CB1253545-42229;Perşembe, Ağustos 13, 2015;Çarşamba, Ağustos 19, 2015;Standard Class;CB-1253545;Claudia Bergmann;Corporate;;Le Chesnay;Ile-de-France;France;Western Europe;Europe;OFF-ST-6231;Office Supplies;Storage;Tenex Box, Wire Frame;42,039;3;0,1;16,749;2,39;Medium;August;2015
13367;ES-2015-LW1712545-42236;Perşembe, Ağustos 20, 2015;Pazar, Ağustos 23, 2015;First Class;LW-1712545;Liz Willingham;Consumer;;Fontenay-aux-Roses;Ile-de-France;France;Western Europe;Europe;OFF-ST-6060;Office Supplies;Storage;Smead Shelving, Wire Frame;43,2;1;0,1;17,28;3,27;High;August;2015
18769;IT-2015-ME1801045-42222;Perşembe, Ağustos 06, 2015;Cumartesi, Ağustos 08, 2015;Second Class;ME-1801045;Michelle Ellison;Corporate;;Paris;Ile-de-France;France;Western Europe;Europe;OFF-ST-5703;Office Supplies;Storage;Rogers Lockers, Wire Frame;379,242;2;0,1;63,162;5,08;Medium;August;2015
13616;ES-2015-CC1222045-42244;Cuma, Ağustos 28, 2015;Salı, Eylül 01, 2015;Standard Class;CC-1222045;Chris Cortes;Consumer;;Paris;Ile-de-France;France;Western Europe;Europe;OFF-ST-5695;Office Supplies;Storage;Rogers Folders, Industrial;84,159;3;0,1;3,699;8,61;Medium;August;2015
11046;ES-2015-RS1942045-42242;Çarşamba, Ağustos 26, 2015;Cumartesi, Ağustos 29, 2015;First Class;RS-1942045;Ricardo Sperren;Corporate;;Neuilly-sur-Seine;Ile-de-France;France;Western Europe;Europe;FUR-CH-5758;Furniture;Chairs;SAFCO Chairmat, Red;161,514;3;0,1;19,674;12,45;Medium;August;2015
16398;ES-2015-CS1240045-42228;Çarşamba, Ağustos 12, 2015;Cuma, Ağustos 14, 2015;Second Class;CS-1240045;Christopher Schild;Home Office;;Cormeilles-en-Parisis;Ile-de-France;France;Western Europe;Europe;FUR-BO-3907;Furniture;Bookcases;Dania Stackable Bookrack, Traditional;217,89;2;0,1;77,43;13,8;Medium;August;2015
18046;ES-2015-AR1051045-42234;Salı, Ağustos 18, 2015;Salı, Ağustos 18, 2015;Same Day;AR-1051045;Andrew Roberts;Consumer;;Bagneux;Ile-de-France;France;Western Europe;Europe;FUR-CH-5801;Furniture;Chairs;SAFCO Steel Folding Chair, Black;224,856;3;0,1;42,426;47,28;High;August;2015
19028;ES-2015-AT1073545-42241;Salı, Ağustos 25, 2015;Pazar, Ağustos 30, 2015;Standard Class;AT-1073545;Annie Thurman;Consumer;;Montrouge;Ile-de-France;France;Western Europe;Europe;OFF-AP-3580;Office Supplies;Appliances;Breville Stove, Silver;1518,183;3;0,1;252,963;61,73;Medium;August;2015
20081;ES-2015-IM1507045-42234;Salı, Ağustos 18, 2015;Cuma, Ağustos 21, 2015;Second Class;IM-1507045;Irene Maddox;Consumer;;Meudon;Ile-de-France;France;Western Europe;Europe;OFF-ST-6247;Office Supplies;Storage;Tenex File Cart, Industrial;362,151;3;0,1;36,171;101,24;Critical;August;2015
14939;ES-2015-DV1304545-42221;Çarşamba, Ağustos 05, 2015;Cuma, Ağustos 07, 2015;Second Class;DV-1304545;Darrin Van Huff;Corporate;;Conflans-Sainte-Honorine;Ile-de-France;France;Western Europe;Europe;FUR-CH-4684;Furniture;Chairs;Hon Rocking Chair, Set of Two;1076,247;9;0,1;227,097;125,9;Medium;August;2015
19381;ES-2015-GZ1454545-42229;Perşembe, Ağustos 13, 2015;Çarşamba, Ağustos 19, 2015;Standard Class;GZ-1454545;George Zrebassa;Corporate;;Palaiseau;Ile-de-France;France;Western Europe;Europe;OFF-AP-4966;Office Supplies;Appliances;KitchenAid Stove, Silver;1541,43;3;0,1;445,23;134,28;Medium;August;2015
13036;ES-2015-EG1390045-42228;Çarşamba, Ağustos 12, 2015;Pazar, Ağustos 16, 2015;Standard Class;EG-1390045;Emily Grady;Consumer;;Malakoff;Ile-de-France;France;Western Europe;Europe;TEC-MA-6134;Technology;Machines;StarTech Calculator, White;130,458;4;0,15;-20,022;12,11;Medium;August;2015
16108;ES-2015-EH1412545-42245;Cumartesi, Ağustos 29, 2015;Perşembe, Eylül 03, 2015;Standard Class;EH-1412545;Eugene Hildebrand;Home Office;;Plaisir;Ile-de-France;France;Western Europe;Europe;TEC-CO-4574;Technology;Copiers;Hewlett Fax and Copier, Laser;819,6975;5;0,15;38,4975;72,52;Medium;August;2015
16109;ES-2015-EH1412545-42245;Cumartesi, Ağustos 29, 2015;Perşembe, Eylül 03, 2015;Standard Class;EH-1412545;Eugene Hildebrand;Home Office;;Plaisir;Ile-de-France;France;Western Europe;Europe;TEC-PH-3148;Technology;Phones;Apple Smart Phone, Full Size;4876,875;9;0,15;745,875;439,41;Medium;August;2015
14938;ES-2015-DV1304545-42221;Çarşamba, Ağustos 05, 2015;Cuma, Ağustos 07, 2015;Second Class;DV-1304545;Darrin Van Huff;Corporate;;Conflans-Sainte-Honorine;Ile-de-France;France;Western Europe;Europe;TEC-MA-5020;Technology;Machines;Konica Receipt Printer, White;307,683;3;0,15;68,733;21,58;Medium;August;2015
16365;ES-2015-KD1661545-42244;Cuma, Ağustos 28, 2015;Salı, Eylül 01, 2015;Second Class;KD-1661545;Ken Dana;Corporate;;Ivry-sur-Seine;Ile-de-France;France;Western Europe;Europe;TEC-CO-3593;Technology;Copiers;Brother Fax and Copier, High-Speed;483,7095;3;0,15;28,3995;29,72;Medium;August;2015
18767;IT-2015-ME1801045-42222;Perşembe, Ağustos 06, 2015;Cumartesi, Ağustos 08, 2015;Second Class;ME-1801045;Michelle Ellison;Corporate;;Paris;Ile-de-France;France;Western Europe;Europe;TEC-CO-3587;Technology;Copiers;Brother Copy Machine, Color;448,341;2;0,15;147,681;42,3;Medium;August;2015
16857;IT-2015-KD1634545-42238;Cumartesi, Ağustos 22, 2015;Çarşamba, Ağustos 26, 2015;Standard Class;KD-1634545;Katherine Ducich;Consumer;;Bagnolet;Ile-de-France;France;Western Europe;Europe;TEC-CO-4578;Technology;Copiers;Hewlett Fax Machine, Laser;815,796;3;0,15;-95,994;116,74;High;August;2015
14869;ES-2015-LR1691545-42237;Cuma, Ağustos 21, 2015;Pazar, Ağustos 23, 2015;First Class;LR-1691545;Lena Radford;Consumer;;Paris;Ile-de-France;France;Western Europe;Europe;TEC-CO-4580;Technology;Copiers;Hewlett Ink, Digital;630,36;5;0,15;222,36;139,58;High;August;2015
16132;IT-2015-KN1639045-42220;Salı, Ağustos 04, 2015;Cumartesi, Ağustos 08, 2015;Standard Class;KN-1639045;Katherine Nockton;Corporate;;Fontenay-sous-Bois;Ile-de-France;France;Western Europe;Europe;FUR-TA-3432;Furniture;Tables;Bevis Round Table, with Bottom Storage;673,647;2;0,35;-186,573;40,27;Medium;August;2015
18766;IT-2015-ME1801045-42222;Perşembe, Ağustos 06, 2015;Cumartesi, Ağustos 08, 2015;Second Class;ME-1801045;Michelle Ellison;Corporate;;Paris;Ile-de-France;France;Western Europe;Europe;FUR-TA-3351;Furniture;Tables;Barricks Round Table, with Bottom Storage;1629,9075;5;0,35;-802,4925;148,41;Medium;August;2015
12126;IT-2015-AG1049545-42229;Perşembe, Ağustos 13, 2015;Pazartesi, Ağustos 17, 2015;Standard Class;AG-1049545;Andrew Gjertsen;Corporate;;Toulouse;Languedoc-Roussillon-Midi-Pyrénées;France;Western Europe;Europe;OFF-BI-4829;Office Supplies;Binders;Ibico Index Tab, Durable;13,905;3;0,5;-1,755;1,4;Medium;August;2015
12129;IT-2015-AG1049545-42229;Perşembe, Ağustos 13, 2015;Pazartesi, Ağustos 17, 2015;Standard Class;AG-1049545;Andrew Gjertsen;Corporate;;Toulouse;Languedoc-Roussillon-Midi-Pyrénées;France;Western Europe;Europe;OFF-BI-2892;Office Supplies;Binders;Acco Binder Covers, Durable;22,23;3;0,5;-2,25;1,65;Medium;August;2015
15059;IT-2015-SZ2003545-42244;Cuma, Ağustos 28, 2015;Salı, Eylül 01, 2015;Standard Class;SZ-2003545;Sam Zeldin;Home Office;;Toulouse;Languedoc-Roussillon-Midi-Pyrénées;France;Western Europe;Europe;OFF-FA-6186;Office Supplies;Fasteners;Stockwell Clamps, Bulk Pack;56,52;6;0,5;-47,52;5,17;Medium;August;2015
12127;IT-2015-AG1049545-42229;Perşembe, Ağustos 13, 2015;Pazartesi, Ağustos 17, 2015;Standard Class;AG-1049545;Andrew Gjertsen;Corporate;;Toulouse;Languedoc-Roussillon-Midi-Pyrénées;France;Western Europe;Europe;OFF-AR-3499;Office Supplies;Art;Binney & Smith Sketch Pad, Blue;115,8;5;0,5;-55,65;7,25;Medium;August;2015
12128;IT-2015-AG1049545-42229;Perşembe, Ağustos 13, 2015;Pazartesi, Ağustos 17, 2015;Standard Class;AG-1049545;Andrew Gjertsen;Corporate;;Toulouse;Languedoc-Roussillon-Midi-Pyrénées;France;Western Europe;Europe;TEC-MA-5499;Technology;Machines;Okidata Card Printer, White;304,92;5;0,65;-270,18;25;Medium;August;2015
12053;IT-2015-LF1718545-42246;Pazar, Ağustos 30, 2015;Salı, Eylül 01, 2015;First Class;LF-1718545;Luke Foster;Consumer;;La Roche-sur-Yon;Pays de la Loire;France;Western Europe;Europe;FUR-TA-5054;Furniture;Tables;Lesro Computer Table, Adjustable Height;1661,049;6;0,35;-255,591;35,13;High;August;2015
16303;IT-2015-AP1091545-42238;Cumartesi, Ağustos 22, 2015;Cuma, Ağustos 28, 2015;Standard Class;AP-1091545;Arthur Prichep;Consumer;;Vallauris;Provence-Alpes-Côte d'Azur;France;Western Europe;Europe;TEC-MA-4209;Technology;Machines;Epson Receipt Printer, Durable;298,7325;3;0,15;-28,1475;16,6;Medium;August;2015
13264;ES-2015-EN1378045-42225;Pazar, Ağustos 09, 2015;Cumartesi, Ağustos 15, 2015;Standard Class;EN-1378045;Edward Nazzal;Consumer;;Albi;Languedoc-Roussillon-Midi-Pyrénées;France;Western Europe;Europe;TEC-PH-3818;Technology;Phones;Cisco Speaker Phone, with Caller ID;353,124;3;0,15;-45,756;28,18;Medium;August;2015
12113;ES-2015-CA1196545-42227;Salı, Ağustos 11, 2015;Pazar, Ağustos 16, 2015;Standard Class;CA-1196545;Carol Adams;Corporate;;Angers;Pays de la Loire;France;Western Europe;Europe;TEC-PH-3149;Technology;Phones;Apple Smart Phone, with Caller ID;543,201;1;0,15;25,551;34,04;Medium;August;2015
15784;ES-2015-HJ1487545-42227;Salı, Ağustos 11, 2015;Pazartesi, Ağustos 17, 2015;Standard Class;HJ-1487545;Heather Jas;Home Office;;Rillieux-la-Pape;Auvergne-Rhône-Alpes;France;Western Europe;Europe;TEC-PH-5350;Technology;Phones;Nokia Signal Booster, Cordless;829,1325;7;0,15;146,2125;51,36;Medium;August;2015
17505;ES-2015-AC1066045-42218;Pazar, Ağustos 02, 2015;Cuma, Ağustos 07, 2015;Standard Class;AC-1066045;Anna Chung;Consumer;;Brive-la-Gaillarde;Aquitaine-Limousin-Poitou-Charentes;France;Western Europe;Europe;TEC-PH-3800;Technology;Phones;Cisco Signal Booster, Cordless;788,868;6;0,15;-83,592;76,34;Medium;August;2015
