Row ID;Order ID;Order Date;Ship Date;Ship Mode;Customer ID;Customer Name;Segment;Postal Code;City;State;Country;Region;Market;Product ID;Category;Sub-Category;Product Name;Sales;Quantity;Discount;Profit;Shipping Cost;Order Priority;Month;Year;Fiscal year
16389;IT-2015-MG17890139-42252;Cumartesi, Eylül 05, 2015;Cumartesi, Eylül 05, 2015;Same Day;MG-17890139;Michael Granlund;Home Office;;Sheffield;England;United Kingdom;Northern Europe;Europe;TEC-PH-3807;Technology;Phones;Cisco Smart Phone, with Caller ID;327,12;1;0,5;-39,27;88,45;High;September;2015;2021
11677;IT-2015-PB1921064-42249;Çarşamba, Eylül 02, 2015;Pazartesi, Eylül 07, 2015;Standard Class;PB-1921064;Phillip Breyer;Corporate;;Naples;Campania;Italy;Southern Europe;Europe;OFF-ST-4060;Office Supplies;Storage;Eldon Folders, Blue;20,376;2;0,4;-7,824;1,44;Medium;September;2015;2021
11678;IT-2015-PB1921064-42249;Çarşamba, Eylül 02, 2015;Pazartesi, Eylül 07, 2015;Standard Class;PB-1921064;Phillip Breyer;Corporate;;Naples;Campania;Italy;Southern Europe;Europe;OFF-ST-6040;Office Supplies;Storage;Smead Folders, Single Width;42,048;4;0,4;-6,312;2;Medium;September;2015;2021
15769;ES-2015-BF1117064-42263;Çarşamba, Eylül 16, 2015;Pazartesi, Eylül 21, 2015;Standard Class;BF-1117064;Ben Ferrer;Home Office;;Carrara;Tuscany;Italy;Southern Europe;Europe;OFF-ST-4108;Office Supplies;Storage;Eldon Trays, Wire Frame;169,344;6;0,4;-2,916;7,3;Medium;September;2015;2021
16629;IT-2015-BF1121564-42256;Çarşamba, Eylül 09, 2015;Pazartesi, Eylül 14, 2015;Second Class;BF-1121564;Benjamin Farhat;Home Office;;Rome;Lazio;Italy;Southern Europe;Europe;OFF-ST-5705;Office Supplies;Storage;Rogers Shelving, Blue;149,112;4;0,4;-87,048;12,29;Medium;September;2015;2021
10642;IT-2015-JF1556564-42257;Perşembe, Eylül 10, 2015;Pazar, Eylül 13, 2015;First Class;JF-1556564;Jill Fjeld;Consumer;;Milan;Lombardy;Italy;Southern Europe;Europe;OFF-ST-6281;Office Supplies;Storage;Tenex Trays, Blue;130,104;4;0,4;-41,256;16,88;High;September;2015;2021
10643;IT-2015-JF1556564-42257;Perşembe, Eylül 10, 2015;Pazar, Eylül 13, 2015;First Class;JF-1556564;Jill Fjeld;Consumer;;Milan;Lombardy;Italy;Southern Europe;Europe;OFF-ST-5689;Office Supplies;Storage;Rogers Box, Wire Frame;55,296;4;0,4;-25,824;18,32;High;September;2015;2021
13543;ES-2015-SV2081564-42251;Cuma, Eylül 04, 2015;Pazar, Eylül 06, 2015;Second Class;SV-2081564;Stuart Van;Corporate;;Ravenna;Emilia-Romagna;Italy;Southern Europe;Europe;OFF-ST-4078;Office Supplies;Storage;Eldon Lockers, Blue;237,492;2;0,4;-118,788;24,21;High;September;2015;2021
11676;IT-2015-PB1921064-42249;Çarşamba, Eylül 02, 2015;Pazartesi, Eylül 07, 2015;Standard Class;PB-1921064;Phillip Breyer;Corporate;;Naples;Campania;Italy;Southern Europe;Europe;TEC-PH-5814;Technology;Phones;Samsung Audio Dock, VoIP;100,152;1;0,4;-23,388;6,06;Medium;September;2015;2021
13229;ES-2015-BG1103564-42251;Cuma, Eylül 04, 2015;Salı, Eylül 08, 2015;Standard Class;BG-1103564;Barry Gonzalez;Consumer;;Pescara;Abruzzi;Italy;Southern Europe;Europe;TEC-PH-3140;Technology;Phones;Apple Office Telephone, Full Size;199,71;5;0,4;13,26;13,87;Medium;September;2015;2021
18865;IT-2015-SW2027564-42277;Çarşamba, Eylül 30, 2015;Cuma, Ekim 02, 2015;First Class;SW-2027564;Scott Williamson;Consumer;;Ravenna;Emilia-Romagna;Italy;Southern Europe;Europe;TEC-PH-5841;Technology;Phones;Samsung Smart Phone, VoIP;1145,232;3;0,4;-706,248;236,69;Critical;September;2015;2021
16215;ES-2015-ME1732064-42253;Pazar, Eylül 06, 2015;Pazar, Eylül 06, 2015;Same Day;ME-1732064;Maria Etezadi;Home Office;;Trento;Trentino-Alto Adige;Italy;Southern Europe;Europe;TEC-MA-4212;Technology;Machines;Epson Receipt Printer, Wireless;351,09;5;0,4;-93,66;59,35;High;September;2015;2021
15856;IT-2015-VF2171564-42263;Çarşamba, Eylül 16, 2015;Pazartesi, Eylül 21, 2015;Standard Class;VF-2171564;Vicky Freymann;Home Office;;Brescia;Lombardy;Italy;Southern Europe;Europe;FUR-CH-4563;Furniture;Chairs;Harbour Creations Swivel Stool, Red;288,192;4;0,6;-180,168;18,21;Medium;September;2015;2021
16214;ES-2015-ME1732064-42253;Pazar, Eylül 06, 2015;Pazar, Eylül 06, 2015;Same Day;ME-1732064;Maria Etezadi;Home Office;;Trento;Trentino-Alto Adige;Italy;Southern Europe;Europe;FUR-CH-4682;Furniture;Chairs;Hon Rocking Chair, Black;153,828;3;0,6;-84,672;29,76;High;September;2015;2021
16217;ES-2015-ME1732064-42253;Pazar, Eylül 06, 2015;Pazar, Eylül 06, 2015;Same Day;ME-1732064;Maria Etezadi;Home Office;;Trento;Trentino-Alto Adige;Italy;Southern Europe;Europe;FUR-CH-4563;Furniture;Chairs;Harbour Creations Swivel Stool, Red;216,144;3;0,6;-135,126;30,58;High;September;2015;2021
17147;ES-2015-LA16780120-42272;Cuma, Eylül 25, 2015;Çarşamba, Eylül 30, 2015;Standard Class;LA-16780120;Laura Armstrong;Corporate;;Huelva;Andalusía;Spain;Southern Europe;Europe;OFF-ST-4293;Office Supplies;Storage;Fellowes Trays, Blue;103,302;2;0,1;-3,498;7,18;Medium;September;2015;2021
17735;ES-2015-GH14485120-42266;Cumartesi, Eylül 19, 2015;Perşembe, Eylül 24, 2015;Standard Class;GH-14485120;Gene Hale;Corporate;;Valencia;Valenciana;Spain;Southern Europe;Europe;OFF-ST-6284;Office Supplies;Storage;Tenex Trays, Wire Frame;95,904;2;0,1;42,624;8,2;Medium;September;2015;2021
15727;ES-2015-IG15085120-42263;Çarşamba, Eylül 16, 2015;Pazartesi, Eylül 21, 2015;Second Class;IG-15085120;Ivan Gibson;Consumer;;Granollers;Catalonia;Spain;Southern Europe;Europe;OFF-ST-5695;Office Supplies;Storage;Rogers Folders, Industrial;140,265;5;0,1;6,165;11,26;Medium;September;2015;2021
17825;ES-2015-JW16075120-42253;Pazar, Eylül 06, 2015;Cuma, Eylül 11, 2015;Standard Class;JW-16075120;Julia West;Consumer;;Madrid;Madrid;Spain;Southern Europe;Europe;OFF-ST-4057;Office Supplies;Storage;Eldon File Cart, Single Width;577,665;5;0,1;211,665;35,43;Medium;September;2015;2021
19216;ES-2015-AH10210120-42267;Pazar, Eylül 20, 2015;Perşembe, Eylül 24, 2015;Standard Class;AH-10210120;Alan Hwang;Consumer;;Barcelona;Catalonia;Spain;Southern Europe;Europe;TEC-PH-3143;Technology;Phones;Apple Signal Booster, Cordless;502,2;4;0,1;83,64;54,83;Medium;September;2015;2021
20192;IT-2015-TG21640120-42262;Salı, Eylül 15, 2015;Pazartesi, Eylül 21, 2015;Standard Class;TG-21640120;Trudy Glocke;Consumer;;Elx;Valenciana;Spain;Southern Europe;Europe;FUR-CH-5794;Furniture;Chairs;SAFCO Rocking Chair, Black;211,968;2;0,2;-23,892;25,98;Medium;September;2015;2021
19220;ES-2015-AH10210120-42267;Pazar, Eylül 20, 2015;Perşembe, Eylül 24, 2015;Standard Class;AH-10210120;Alan Hwang;Consumer;;Barcelona;Catalonia;Spain;Southern Europe;Europe;FUR-CH-5774;Furniture;Chairs;SAFCO Executive Leather Armchair, Black;734,4;2;0,2;247,86;59,4;Medium;September;2015;2021
12955;IT-2015-NZ1856564-42260;Pazar, Eylül 13, 2015;Cuma, Eylül 18, 2015;Standard Class;NZ-1856564;Nick Zandusky;Home Office;;Nicosia;Nicosia;Cyprus;Southern Europe;Europe;OFF-ST-6033;Office Supplies;Storage;Smead File Cart, Single Width;386,64;5;0,4;-212,76;2,45;Medium;September;2015;2021
16355;IT-2015-JJ15760124-42259;Cumartesi, Eylül 12, 2015;Salı, Eylül 15, 2015;First Class;JJ-15760124;Joel Jenkins;Home Office;;Nacka;Stockholm;Sweden;Northern Europe;Europe;OFF-LA-4535;Office Supplies;Labels;Harbour Creations File Folder Labels, Alphabetical;8,55;2;0,5;-6,33;2,04;Medium;September;2015;2021
18776;IT-2015-DM12955124-42257;Perşembe, Eylül 10, 2015;Perşembe, Eylül 17, 2015;Standard Class;DM-12955124;Dario Medina;Corporate;;Huddinge;Stockholm;Sweden;Northern Europe;Europe;FUR-CH-5435;Furniture;Chairs;Office Star Bag Chairs, Red;55,44;2;0,5;-33,3;4;Medium;September;2015;2021
16354;IT-2015-JJ15760124-42259;Cumartesi, Eylül 12, 2015;Salı, Eylül 15, 2015;First Class;JJ-15760124;Joel Jenkins;Home Office;;Nacka;Stockholm;Sweden;Northern Europe;Europe;FUR-CH-5451;Furniture;Chairs;Office Star Steel Folding Chair, Black;312,48;7;0,5;-312,48;40,19;Medium;September;2015;2021
14468;IT-2015-AS10045124-42262;Salı, Eylül 15, 2015;Pazar, Eylül 20, 2015;Standard Class;AS-10045124;Aaron Smayling;Corporate;;Stockholm;Stockholm;Sweden;Northern Europe;Europe;OFF-LA-4679;Office Supplies;Labels;Hon Removable Labels, Adjustable;4,08;1;0,5;-2,94;1,26;Medium;September;2015;2021
19928;IT-2015-HR14770124-42273;Cumartesi, Eylül 26, 2015;Çarşamba, Eylül 30, 2015;Standard Class;HR-14770124;Hallie Redmond;Home Office;;Stockholm;Stockholm;Sweden;Northern Europe;Europe;OFF-LA-4550;Office Supplies;Labels;Harbour Creations Round Labels, Alphabetical;6,57;2;0,5;-1,35;1,48;Medium;September;2015;2021
19929;IT-2015-HR14770124-42273;Cumartesi, Eylül 26, 2015;Çarşamba, Eylül 30, 2015;Standard Class;HR-14770124;Hallie Redmond;Home Office;;Stockholm;Stockholm;Sweden;Northern Europe;Europe;OFF-BI-2917;Office Supplies;Binders;Acco Index Tab, Clear;12,06;3;0,5;-1,98;1,86;Medium;September;2015;2021
14627;IT-2015-BT11305124-42263;Çarşamba, Eylül 16, 2015;Cumartesi, Eylül 19, 2015;First Class;BT-11305124;Beth Thompson;Home Office;;Stockholm;Stockholm;Sweden;Northern Europe;Europe;OFF-AR-3465;Office Supplies;Art;BIC Pens, Easy-Erase;21,825;3;0,5;-12,285;7,17;Critical;September;2015;2021
14469;IT-2015-AS10045124-42262;Salı, Eylül 15, 2015;Pazar, Eylül 20, 2015;Standard Class;AS-10045124;Aaron Smayling;Corporate;;Stockholm;Stockholm;Sweden;Northern Europe;Europe;TEC-PH-5263;Technology;Phones;Motorola Signal Booster, Cordless;72,99;1;0,5;-7,32;5,17;Medium;September;2015;2021
19259;IT-2015-KB1640562-42274;Pazar, Eylül 27, 2015;Salı, Eylül 29, 2015;First Class;KB-1640562;Katrina Bavinger;Home Office;;Dublin;Dublin;Ireland;Northern Europe;Europe;OFF-EN-5028;Office Supplies;Envelopes;Kraft Clasp Envelope, with clear poly window;25,08;4;0,5;-1,08;6,17;Critical;September;2015;2021
19260;IT-2015-KB1640562-42274;Pazar, Eylül 27, 2015;Salı, Eylül 29, 2015;First Class;KB-1640562;Katrina Bavinger;Home Office;;Dublin;Dublin;Ireland;Northern Europe;Europe;OFF-AR-6126;Office Supplies;Art;Stanley Sketch Pad, Easy-Erase;44,7;2;0,5;-27,72;13,83;Critical;September;2015;2021
11380;IT-2015-SU2066562-42270;Çarşamba, Eylül 23, 2015;Çarşamba, Eylül 23, 2015;Same Day;SU-2066562;Stephanie Ulpright;Home Office;;Dublin;Dublin;Ireland;Northern Europe;Europe;OFF-ST-5708;Office Supplies;Storage;Rogers Shelving, Wire Frame;122,4;4;0,5;-46,56;29,8;High;September;2015;2021
19257;IT-2015-KB1640562-42274;Pazar, Eylül 27, 2015;Salı, Eylül 29, 2015;First Class;KB-1640562;Katrina Bavinger;Home Office;;Dublin;Dublin;Ireland;Northern Europe;Europe;TEC-CO-5995;Technology;Copiers;Sharp Fax and Copier, High-Speed;583,8;7;0,5;-443,73;145,43;Critical;September;2015;2021
19258;IT-2015-KB1640562-42274;Pazar, Eylül 27, 2015;Salı, Eylül 29, 2015;First Class;KB-1640562;Katrina Bavinger;Home Office;;Dublin;Dublin;Ireland;Northern Europe;Europe;OFF-AP-4733;Office Supplies;Appliances;Hoover Microwave, White;766,95;5;0,5;-352,8;175,41;Critical;September;2015;2021
19265;ES-2015-TB2105562-42266;Cumartesi, Eylül 19, 2015;Salı, Eylül 22, 2015;Second Class;TB-2105562;Ted Butterfield;Consumer;;Cork;Cork;Ireland;Northern Europe;Europe;TEC-MA-5548;Technology;Machines;Panasonic Inkjet, White;776,25;5;0,5;-326,1;39,1;High;September;2015;2021
43518;ZA-2015-AP720147-42264;Perşembe, Eylül 17, 2015;Cumartesi, Eylül 19, 2015;Second Class;AP-720147;Anne Pryor;Home Office;;Bulawayo;Bulawayo;Zimbabwe;Eastern Africa;Africa;OFF-BI-6399;Office Supplies;Binders;Wilson Jones Hole Reinforcements, Economy;1,359;1;0,7;-0,921;1,12;High;September;2015;2021
47150;RO-2015-BH1710107-42250;Perşembe, Eylül 03, 2015;Pazartesi, Eylül 07, 2015;Standard Class;BH-1710107;Brosina Hoffman;Consumer;;Ramnicu Valcea;Valcea;Romania;Eastern Europe;Europe;TEC-AC-5132;Technology;Accessories;Logitech Numeric Keypad, Programmable;95,64;2;0;12,42;4,66;Medium;September;2015;2021
9159;MX-2015-LC1705082-42262;Salı, Eylül 15, 2015;Pazar, Eylül 20, 2015;Standard Class;LC-1705082;Liz Carlisle;Consumer;;Hermosillo;Sonora;Mexico;Central America;LATAM;TEC-AC-5205;Technology;Accessories;Memorex Memory Card, Programmable;138,36;2;0;42,88;9,903;Medium;September;2015;2021
49972;PL-2015-AJ795103-42248;Salı, Eylül 01, 2015;Cumartesi, Eylül 05, 2015;Standard Class;AJ-795103;Anthony Johnson;Corporate;;Tarnow;Lesser Poland;Poland;Eastern Europe;Europe;TEC-AC-3393;Technology;Accessories;Belkin Mouse, Erganomic;77,04;2;0;13,08;2,04;Medium;September;2015;2021
15768;ES-2015-BF1117064-42263;Çarşamba, Eylül 16, 2015;Pazartesi, Eylül 21, 2015;Standard Class;BF-1117064;Ben Ferrer;Home Office;;Carrara;Tuscany;Italy;Southern Europe;Europe;TEC-AC-5865;Technology;Accessories;SanDisk Keyboard, Erganomic;158,58;2;0;20,58;6,53;Medium;September;2015;2021
18268;ES-2015-AR1040545-42258;Cuma, Eylül 11, 2015;Çarşamba, Eylül 16, 2015;Standard Class;AR-1040545;Allen Rosenblatt;Corporate;;Boulogne-sur-Mer;Nord-Pas-de-Calais-Picardie;France;Western Europe;Europe;TEC-AC-5887;Technology;Accessories;SanDisk Numeric Keypad, Bluetooth;110,7;2;0;17,7;6,84;Medium;September;2015;2021
41717;AU-2015-FM42158-42250;Perşembe, Eylül 03, 2015;Çarşamba, Eylül 09, 2015;Standard Class;FM-42158;Filia McAdams;Corporate;;Vienna;Vienna;Austria;Western Europe;Europe;TEC-AC-4186;Technology;Accessories;Enermax Router, Erganomic;512,28;2;0;204,9;27,36;Medium;September;2015;2021
11129;ES-2015-KA1652548-42272;Cuma, Eylül 25, 2015;Perşembe, Ekim 01, 2015;Standard Class;KA-1652548;Kelly Andreada;Consumer;;Hamburg;Hamburg;Germany;Western Europe;Europe;TEC-AC-4180;Technology;Accessories;Enermax Numeric Keypad, USB;55,14;1;0;15,99;1,73;Medium;September;2015;2021
41720;MO-2015-JH543086-42270;Çarşamba, Eylül 23, 2015;Salı, Eylül 29, 2015;Standard Class;JH-543086;Jennifer Halladay;Consumer;;Beni Mellal;Tadla-Azilal;Morocco;North Africa;Africa;TEC-AC-5127;Technology;Accessories;Logitech Mouse, Erganomic;27,09;1;0;6,21;2,22;Medium;September;2015;2021
48537;JO-2015-DO343567-42274;Pazar, Eylül 27, 2015;Cuma, Ekim 02, 2015;Standard Class;DO-343567;Denny Ordway;Consumer;;Wadi as Sir;'Amman;Jordan;Western Asia;Asia Pacific;TEC-AC-5133;Technology;Accessories;Logitech Numeric Keypad, USB;46,53;1;0;19,98;4,5;Medium;September;2015;2021
45455;RS-2015-CM1830108-42256;Çarşamba, Eylül 09, 2015;Pazartesi, Eylül 14, 2015;Standard Class;CM-1830108;Cari MacIntyre;Corporate;;Angarsk;Irkutsk;Russia;Eastern Europe;Europe;TEC-AC-5873;Technology;Accessories;SanDisk Memory Card, Erganomic;110,22;1;0;19,83;5,97;Medium;September;2015;2021
22831;IN-2015-JP1546058-42258;Cuma, Eylül 11, 2015;Çarşamba, Eylül 16, 2015;Standard Class;JP-1546058;Jennifer Patt;Corporate;;Hyderabad;Telangana;India;Southern Asia;Asia Pacific;TEC-AC-5118;Technology;Accessories;Logitech Keyboard, USB;72,66;1;0;22,5;7,65;Medium;September;2015;2021
48540;JO-2015-DO343567-42274;Pazar, Eylül 27, 2015;Cuma, Ekim 02, 2015;Standard Class;DO-343567;Denny Ordway;Consumer;;Wadi as Sir;'Amman;Jordan;Western Asia;Asia Pacific;TEC-AC-5205;Technology;Accessories;Memorex Memory Card, Programmable;103,77;1;0;14,52;10,75;Medium;September;2015;2021
43155;SG-2015-AJ945111-42265;Cuma, Eylül 18, 2015;Çarşamba, Eylül 23, 2015;Standard Class;AJ-945111;Ashley Jarboe;Consumer;;Ouagadougou;Centre;Burkina Faso;Western Africa;Africa;TEC-AC-5897;Technology;Accessories;SanDisk Router, USB;256,56;1;0;107,73;23,22;Medium;September;2015;2021
13160;ES-2015-SW2045564-42257;Perşembe, Eylül 10, 2015;Salı, Eylül 15, 2015;Standard Class;SW-2045564;Shaun Weien;Consumer;;Bologna;Emilia-Romagna;Italy;Southern Europe;Europe;TEC-AC-5118;Technology;Accessories;Logitech Keyboard, USB;217,98;3;0;45,72;4,44;Medium;September;2015;2021
1656;MX-2015-TS2120537-42250;Perşembe, Eylül 03, 2015;Pazartesi, Eylül 07, 2015;Standard Class;TS-2120537;Thomas Seio;Corporate;;Guayaquil;Guayas;Ecuador;South America;LATAM;TEC-AC-3379;Technology;Accessories;Belkin Flash Drive, Erganomic;79,5;3;0;31,8;4,676;Medium;September;2015;2021
6539;MX-2015-JM1558018-42250;Perşembe, Eylül 03, 2015;Çarşamba, Eylül 09, 2015;Standard Class;JM-1558018;Jill Matthias;Consumer;;Balneário Camboriú;Santa Catarina;Brazil;South America;LATAM;TEC-AC-5863;Technology;Accessories;SanDisk Flash Drive, USB;79,5;3;0;1,56;7,323;Medium;September;2015;2021
938;MX-2015-NC1841528-42264;Perşembe, Eylül 17, 2015;Çarşamba, Eylül 23, 2015;Standard Class;NC-1841528;Nathan Cano;Consumer;;Cúcuta;Norte de Santander;Colombia;South America;LATAM;TEC-AC-5867;Technology;Accessories;SanDisk Keyboard, USB;163,38;3;0;40,8;9,123;Medium;September;2015;2021
16645;ES-2015-AH1003048-42251;Cuma, Eylül 04, 2015;Salı, Eylül 08, 2015;Standard Class;AH-1003048;Aaron Hawkins;Corporate;;Solingen;North Rhine-Westphalia;Germany;Western Europe;Europe;TEC-AC-5887;Technology;Accessories;SanDisk Numeric Keypad, Bluetooth;166,05;3;0;26,55;12,47;Medium;September;2015;2021
24764;ID-2015-CM1211566-42250;Perşembe, Eylül 03, 2015;Çarşamba, Eylül 09, 2015;Standard Class;CM-1211566;Chad McGuire;Consumer;;Fuji;Shizuoka;Japan;Eastern Asia;Asia Pacific;TEC-AC-5137;Technology;Accessories;Logitech Router, USB;742,59;3;0;267,3;18,94;Medium;September;2015;2021
8020;MX-2015-SP2065082-42257;Perşembe, Eylül 10, 2015;Salı, Eylül 15, 2015;Standard Class;SP-2065082;Stephanie Phelps;Corporate;;Puebla;Puebla;Mexico;Central America;LATAM;TEC-AC-4188;Technology;Accessories;Enermax Router, USB;517,08;3;0;180,96;29,642;Medium;September;2015;2021
17490;ES-2015-KD1649545-42255;Salı, Eylül 08, 2015;Pazar, Eylül 13, 2015;Standard Class;KD-1649545;Keith Dawkins;Corporate;;Calais;Nord-Pas-de-Calais-Picardie;France;Western Europe;Europe;TEC-AC-3405;Technology;Accessories;Belkin Router, USB;776,88;3;0;365,13;79,39;Medium;September;2015;2021
12305;ES-2015-SW20275139-42249;Çarşamba, Eylül 02, 2015;Salı, Eylül 08, 2015;Standard Class;SW-20275139;Scott Williamson;Consumer;;Manchester;England;United Kingdom;Northern Europe;Europe;TEC-AC-3404;Technology;Accessories;Belkin Router, Programmable;780,75;3;0;343,53;83,6;Medium;September;2015;2021
7494;US-2015-SM2095082-42274;Pazar, Eylül 27, 2015;Cuma, Ekim 02, 2015;Standard Class;SM-2095082;Suzanne McNair;Corporate;;Tepic;Nayarit;Mexico;Central America;LATAM;TEC-AC-5196;Technology;Accessories;Memorex Flash Drive, USB;78,96;4;0;38,64;4,312;Medium;September;2015;2021
16646;ES-2015-AH1003048-42251;Cuma, Eylül 04, 2015;Salı, Eylül 08, 2015;Standard Class;AH-1003048;Aaron Hawkins;Corporate;;Solingen;North Rhine-Westphalia;Germany;Western Europe;Europe;TEC-AC-5126;Technology;Accessories;Logitech Mouse, Bluetooth;117,12;4;0;52,68;9,41;Medium;September;2015;2021
48541;JO-2015-DO343567-42274;Pazar, Eylül 27, 2015;Cuma, Ekim 02, 2015;Standard Class;DO-343567;Denny Ordway;Consumer;;Wadi as Sir;'Amman;Jordan;Western Asia;Asia Pacific;TEC-AC-5220;Technology;Accessories;Memorex Numeric Keypad, Bluetooth;181,68;4;0;69;10,47;Medium;September;2015;2021
22832;IN-2015-JP1546058-42258;Cuma, Eylül 11, 2015;Çarşamba, Eylül 16, 2015;Standard Class;JP-1546058;Jennifer Patt;Corporate;;Hyderabad;Telangana;India;Southern Asia;Asia Pacific;TEC-AC-5222;Technology;Accessories;Memorex Numeric Keypad, USB;172,08;4;0;27,48;18,42;Medium;September;2015;2021
31037;IN-2015-SL2015592-42257;Perşembe, Eylül 10, 2015;Salı, Eylül 15, 2015;Standard Class;SL-2015592;Sara Luxemburg;Home Office;;Palmerston North;Manawatu-Wanganui;New Zealand;Oceania;Asia Pacific;TEC-AC-4155;Technology;Accessories;Enermax Keyboard, Bluetooth;333,84;4;0;9,96;19,84;Medium;September;2015;2021
49973;PL-2015-AJ795103-42248;Salı, Eylül 01, 2015;Cumartesi, Eylül 05, 2015;Standard Class;AJ-795103;Anthony Johnson;Corporate;;Tarnow;Lesser Poland;Poland;Eastern Europe;Europe;TEC-AC-5136;Technology;Accessories;Logitech Router, Programmable;995,28;4;0;358,2;36,84;Medium;September;2015;2021
29355;IN-2015-JK1609058-42258;Cuma, Eylül 11, 2015;Salı, Eylül 15, 2015;Standard Class;JK-1609058;Juliana Krohn;Consumer;;Indore;Madhya Pradesh;India;Southern Asia;Asia Pacific;TEC-AC-5219;Technology;Accessories;Memorex Mouse, USB;141,9;5;0;4,2;11,11;Medium;September;2015;2021
10324;ES-2015-AZ1075048-42258;Cuma, Eylül 11, 2015;Salı, Eylül 15, 2015;Standard Class;AZ-1075048;Annie Zypern;Consumer;;Herten;North Rhine-Westphalia;Germany;Western Europe;Europe;TEC-AC-3393;Technology;Accessories;Belkin Mouse, Erganomic;192,6;5;0;32,7;20,83;Medium;September;2015;2021
22435;IN-2015-FM1429027-42264;Perşembe, Eylül 17, 2015;Salı, Eylül 22, 2015;Standard Class;FM-1429027;Frank Merwin;Home Office;;Shenzhen;Guangdong;China;Eastern Asia;Asia Pacific;TEC-AC-4172;Technology;Accessories;Enermax Mouse, Erganomic;190,5;5;0;64,65;21,62;Medium;September;2015;2021
3533;MX-2015-JF1529518-42265;Cuma, Eylül 18, 2015;Çarşamba, Eylül 23, 2015;Standard Class;JF-1529518;Jason Fortune-;Consumer;;São Paulo;São Paulo;Brazil;South America;LATAM;TEC-AC-4154;Technology;Accessories;Enermax Flash Drive, USB;194,74;7;0;23,24;8,892;Medium;September;2015;2021
20529;IN-2015-EH139451-42249;Çarşamba, Eylül 02, 2015;Pazar, Eylül 06, 2015;Standard Class;EH-139451;Eric Hoffmann;Consumer;;Kabul;Kabul;Afghanistan;Southern Asia;Asia Pacific;TEC-AC-5217;Technology;Accessories;Memorex Mouse, Erganomic;155,88;6;0;21,78;10,2;Medium;September;2015;2021
14260;ES-2015-AP10720139-42263;Çarşamba, Eylül 16, 2015;Salı, Eylül 22, 2015;Standard Class;AP-10720139;Anne Pryor;Home Office;;Chelmsford;England;United Kingdom;Northern Europe;Europe;TEC-AC-5135;Technology;Accessories;Logitech Router, Erganomic;1715,91;7;0;308,7;105,62;Medium;September;2015;2021
47154;RO-2015-BH1710107-42250;Perşembe, Eylül 03, 2015;Pazartesi, Eylül 07, 2015;Standard Class;BH-1710107;Brosina Hoffman;Consumer;;Ramnicu Valcea;Valcea;Romania;Eastern Europe;Europe;TEC-MA-5540;Technology;Machines;Panasonic Calculator, White;48,69;1;0;16,05;2,35;Medium;September;2015;2021
44882;MO-2015-MS777086-42271;Perşembe, Eylül 24, 2015;Pazartesi, Eylül 28, 2015;Standard Class;MS-777086;Maxwell Schwartz;Consumer;;Sale;Rabat-Salé-Zemmour-Zaer;Morocco;North Africa;Africa;TEC-MA-5568;Technology;Machines;Panasonic Phone, Red;81,99;1;0;27,03;3,55;Medium;September;2015;2021
47142;UP-2015-IM5070137-42273;Cumartesi, Eylül 26, 2015;Cuma, Ekim 02, 2015;Standard Class;IM-5070137;Irene Maddox;Consumer;;Kremenchuk;Poltava;Ukraine;Eastern Europe;Europe;TEC-MA-5569;Technology;Machines;Panasonic Phone, White;83,25;1;0;7,47;4,7;Medium;September;2015;2021
7602;MX-2015-TB2152082-42273;Cumartesi, Eylül 26, 2015;Çarşamba, Eylül 30, 2015;Standard Class;TB-2152082;Tracy Blumstein;Consumer;;Culiacán;Sinaloa;Mexico;Central America;LATAM;TEC-MA-4195;Technology;Machines;Epson Card Printer, White;112,24;1;0;6,72;6,59;Medium;September;2015;2021
47153;RO-2015-BH1710107-42250;Perşembe, Eylül 03, 2015;Pazartesi, Eylül 07, 2015;Standard Class;BH-1710107;Brosina Hoffman;Consumer;;Ramnicu Valcea;Valcea;Romania;Eastern Europe;Europe;TEC-MA-6149;Technology;Machines;StarTech Printer, White;254,58;1;0;45,81;9,64;Medium;September;2015;2021
4787;MX-2015-ZC2191018-42259;Cumartesi, Eylül 12, 2015;Cuma, Eylül 18, 2015;Standard Class;ZC-2191018;Zuschuss Carroll;Consumer;;Brasília;Federal District;Brazil;South America;LATAM;TEC-MA-4202;Technology;Machines;Epson Phone, Red;156,24;3;0;26,52;11,235;Medium;September;2015;2021
25319;IN-2015-DL1333066-42258;Cuma, Eylül 11, 2015;Salı, Eylül 15, 2015;Standard Class;DL-1333066;Denise Leinenbach;Consumer;;Matsubara;Oita;Japan;Eastern Asia;Asia Pacific;TEC-MA-6142;Technology;Machines;StarTech Inkjet, Wireless;301,77;1;0;138,81;12,12;Medium;September;2015;2021
21323;IN-2015-MB1808566-42257;Perşembe, Eylül 10, 2015;Çarşamba, Eylül 16, 2015;Standard Class;MB-1808566;Mick Brown;Consumer;;Kurashiki;Okayama;Japan;Eastern Asia;Asia Pacific;TEC-MA-6145;Technology;Machines;StarTech Phone, White;145,86;2;0;11,64;14,13;Medium;September;2015;2021
933;MX-2015-NC1841528-42264;Perşembe, Eylül 17, 2015;Çarşamba, Eylül 23, 2015;Standard Class;NC-1841528;Nathan Cano;Consumer;;Cúcuta;Norte de Santander;Colombia;South America;LATAM;TEC-MA-5543;Technology;Machines;Panasonic Card Printer, Red;227,96;2;0;36,44;17,242;Medium;September;2015;2021
18363;ES-2015-CS12460139-42248;Salı, Eylül 01, 2015;Cumartesi, Eylül 05, 2015;Standard Class;CS-12460139;Chuck Sachs;Consumer;;Manchester;England;United Kingdom;Northern Europe;Europe;TEC-MA-5018;Technology;Machines;Konica Receipt Printer, Durable;734,22;6;0;212,76;27,73;Medium;September;2015;2021
7367;MX-2015-MJ1774018-42275;Pazartesi, Eylül 28, 2015;Cumartesi, Ekim 03, 2015;Standard Class;MJ-1774018;Max Jones;Consumer;;Gaspar;Santa Catarina;Brazil;South America;LATAM;TEC-MA-4203;Technology;Machines;Epson Phone, White;317,52;6;0;149,16;27,919;Medium;September;2015;2021
43465;IR-2015-MC810060-42265;Cuma, Eylül 18, 2015;Salı, Eylül 22, 2015;Standard Class;MC-810060;Mick Crebagga;Consumer;;Khorramabad;Lorestan;Iran;Southern Asia;Asia Pacific;TEC-MA-6139;Technology;Machines;StarTech Card Printer, Wireless;327;2;0;88,26;28,81;Medium;September;2015;2021
27805;IN-2015-TP2141521-42269;Salı, Eylül 22, 2015;Cumartesi, Eylül 26, 2015;Standard Class;TP-2141521;Tom Prescott;Consumer;;Phnom Penh;Phnom Penh;Cambodia;Southeastern Asia;Asia Pacific;TEC-MA-5543;Technology;Machines;Panasonic Card Printer, Red;512,91;3;0;0;59,78;Medium;September;2015;2021
29945;IN-2015-AW1084027-42251;Cuma, Eylül 04, 2015;Perşembe, Eylül 10, 2015;Standard Class;AW-1084027;Anthony Witt;Consumer;;Jieyang;Guangdong;China;Eastern Asia;Asia Pacific;TEC-MA-5003;Technology;Machines;Konica Card Printer, Red;1378,56;8;0;441,12;85,96;Medium;September;2015;2021
41309;SA-2015-MD7860110-42266;Cumartesi, Eylül 19, 2015;Cumartesi, Eylül 26, 2015;Standard Class;MD-7860110;Michael Dominguez;Corporate;;Tabuk;Tabuk;Saudi Arabia;Western Asia;Asia Pacific;TEC-MA-5517;Technology;Machines;Okidata Receipt Printer, Wireless;122,91;1;0;33,18;2,96;Medium;September;2015;2021
42537;GH-2015-SR1074049-42273;Cumartesi, Eylül 26, 2015;Perşembe, Ekim 01, 2015;Standard Class;SR-1074049;Steven Roelle;Home Office;;Kumasi;Ashanti;Ghana;Western Africa;Africa;TEC-MA-6133;Technology;Machines;StarTech Calculator, Red;37,11;1;0;5,55;3,18;Medium;September;2015;2021
4627;MX-2015-TH2155018-42248;Salı, Eylül 01, 2015;Pazar, Eylül 06, 2015;Standard Class;TH-2155018;Tracy Hopkins;Home Office;;São Paulo;São Paulo;Brazil;South America;LATAM;TEC-MA-5542;Technology;Machines;Panasonic Card Printer, Durable;811,72;7;0;284,06;37,725;Medium;September;2015;2021
50907;CG-2015-RW954033-42269;Salı, Eylül 22, 2015;Pazar, Eylül 27, 2015;Standard Class;RW-954033;Rick Wilson;Corporate;;Kinshasa;Kinshasa;Democratic Republic of the Congo;Central Africa;Africa;TEC-MA-5544;Technology;Machines;Panasonic Card Printer, White;688,92;4;0;261,72;54,93;Medium;September;2015;2021
22843;IN-2015-BE1133527-42276;Salı, Eylül 29, 2015;Cumartesi, Ekim 03, 2015;Standard Class;BE-1133527;Bill Eplett;Home Office;;Liaocheng;Shandong;China;Eastern Asia;Asia Pacific;TEC-MA-5018;Technology;Machines;Konica Receipt Printer, Durable;1468,44;12;0;381,6;139,92;Medium;September;2015;2021
49937;PL-2015-FO4305103-42257;Perşembe, Eylül 10, 2015;Salı, Eylül 15, 2015;Standard Class;FO-4305103;Frank Olsen;Consumer;;Warsaw;Masovia;Poland;Eastern Europe;Europe;TEC-CO-3599;Technology;Copiers;Brother Ink, Color;148,74;1;0;72,87;11,23;Medium;September;2015;2021
47143;UP-2015-IM5070137-42273;Cumartesi, Eylül 26, 2015;Cuma, Ekim 02, 2015;Standard Class;IM-5070137;Irene Maddox;Consumer;;Kremenchuk;Poltava;Ukraine;Eastern Europe;Europe;TEC-CO-3703;Technology;Copiers;Canon Personal Copier, Color;288,36;2;0;14,4;20,91;Medium;September;2015;2021
17484;ES-2015-CL1270048-42268;Pazartesi, Eylül 21, 2015;Cuma, Eylül 25, 2015;Standard Class;CL-1270048;Craig Leslie;Home Office;;Cologne;North Rhine-Westphalia;Germany;Western Europe;Europe;TEC-CO-4785;Technology;Copiers;HP Personal Copier, Digital;743,58;6;0;118,8;31,04;Medium;September;2015;2021
20048;ES-2015-MP17470139-42272;Cuma, Eylül 25, 2015;Çarşamba, Eylül 30, 2015;Standard Class;MP-17470139;Mark Packer;Home Office;;Bolton;England;United Kingdom;Northern Europe;Europe;TEC-CO-3596;Technology;Copiers;Brother Fax Machine, Digital;636,36;2;0;203,58;32,29;Medium;September;2015;2021
41652;RS-2015-SP10920108-42262;Salı, Eylül 15, 2015;Pazartesi, Eylül 21, 2015;Standard Class;SP-10920108;Susan Pistek;Consumer;;Angarsk;Irkutsk;Russia;Eastern Europe;Europe;TEC-CO-5997;Technology;Copiers;Sharp Fax Machine, Color;594,18;2;0;47,52;39,53;Medium;September;2015;2021
17946;ES-2015-BS1136548-42250;Perşembe, Eylül 03, 2015;Pazartesi, Eylül 07, 2015;Standard Class;BS-1136548;Bill Shonely;Corporate;;Nuremberg;Bavaria;Germany;Western Europe;Europe;TEC-CO-3587;Technology;Copiers;Brother Copy Machine, Color;527,46;2;0;226,8;40,73;Medium;September;2015;2021
47156;RO-2015-BH1710107-42250;Perşembe, Eylül 03, 2015;Pazartesi, Eylül 07, 2015;Standard Class;BH-1710107;Brosina Hoffman;Consumer;;Ramnicu Valcea;Valcea;Romania;Eastern Europe;Europe;TEC-CO-3708;Technology;Copiers;Canon Wireless Fax, Digital;756,6;2;0;332,88;51,34;Medium;September;2015;2021
48710;HU-2015-JP552057-42249;Çarşamba, Eylül 02, 2015;Çarşamba, Eylül 09, 2015;Standard Class;JP-552057;Jeremy Pistek;Consumer;;Budapest;Budapest;Hungary;Eastern Europe;Europe;TEC-CO-4792;Technology;Copiers;HP Wireless Fax, Laser;720,42;2;0;43,2;57,21;Medium;September;2015;2021
11218;ES-2015-SC2009548-42272;Cuma, Eylül 25, 2015;Perşembe, Ekim 01, 2015;Standard Class;SC-2009548;Sanjit Chand;Consumer;;Oberhausen;North Rhine-Westphalia;Germany;Western Europe;Europe;TEC-CO-3598;Technology;Copiers;Brother Fax Machine, Laser;955,62;3;0;391,77;60,29;Medium;September;2015;2021
17736;ES-2015-GH14485120-42266;Cumartesi, Eylül 19, 2015;Perşembe, Eylül 24, 2015;Standard Class;GH-14485120;Gene Hale;Corporate;;Valencia;Valenciana;Spain;Southern Europe;Europe;TEC-CO-4574;Technology;Copiers;Hewlett Fax and Copier, Laser;1157,22;6;0;219,78;79,37;Medium;September;2015;2021
15770;ES-2015-BF1117064-42263;Çarşamba, Eylül 16, 2015;Pazartesi, Eylül 21, 2015;Standard Class;BF-1117064;Ben Ferrer;Home Office;;Carrara;Tuscany;Italy;Southern Europe;Europe;TEC-CO-4765;Technology;Copiers;HP Copy Machine, Color;1209,45;5;0;241,8;83,89;Medium;September;2015;2021
14160;ES-2015-JE15745120-42249;Çarşamba, Eylül 02, 2015;Pazar, Eylül 06, 2015;Standard Class;JE-15745120;Joel Eaton;Consumer;;Valencia;Valenciana;Spain;Southern Europe;Europe;TEC-CO-3703;Technology;Copiers;Canon Personal Copier, Color;1297,62;9;0;64,8;110,57;Medium;September;2015;2021
48536;JO-2015-DO343567-42274;Pazar, Eylül 27, 2015;Cuma, Ekim 02, 2015;Standard Class;DO-343567;Denny Ordway;Consumer;;Wadi as Sir;'Amman;Jordan;Western Asia;Asia Pacific;TEC-CO-4588;Technology;Copiers;Hewlett Personal Copier, High-Speed;142,47;1;0;44,16;6,35;Medium;September;2015;2021
41865;IZ-2015-NW840061-42252;Cumartesi, Eylül 05, 2015;Perşembe, Eylül 10, 2015;Standard Class;NW-840061;Natalie Webber;Consumer;;Baghdad;Baghdad;Iraq;Western Asia;Asia Pacific;TEC-CO-4580;Technology;Copiers;Hewlett Ink, Digital;148,32;1;0;66,72;12,28;Medium;September;2015;2021
25740;IN-2015-CM1216027-42272;Cuma, Eylül 25, 2015;Çarşamba, Eylül 30, 2015;Standard Class;CM-1216027;Charles McCrossin;Consumer;;Tianjin;Tianjin;China;Eastern Asia;Asia Pacific;TEC-CO-3704;Technology;Copiers;Canon Personal Copier, Digital;427,14;3;0;187,92;17,74;Medium;September;2015;2021
28785;IN-2015-BG1103558-42253;Pazar, Eylül 06, 2015;Pazar, Eylül 13, 2015;Standard Class;BG-1103558;Barry Gonzalez;Consumer;;Thane;Maharashtra;India;Southern Asia;Asia Pacific;TEC-CO-5993;Technology;Copiers;Sharp Fax and Copier, Color;510,12;3;0;50,94;24,01;Medium;September;2015;2021
28789;IN-2015-LM1706527-42265;Cuma, Eylül 18, 2015;Salı, Eylül 22, 2015;Standard Class;LM-1706527;Liz MacKendrick;Consumer;;Jiaozuo;Henan;China;Eastern Asia;Asia Pacific;TEC-CO-4775;Technology;Copiers;HP Fax Machine, High-Speed;2086,98;7;0;145,95;135,99;Medium;September;2015;2021
26587;IN-2015-RB1979527-42256;Çarşamba, Eylül 09, 2015;Pazartesi, Eylül 14, 2015;Standard Class;RB-1979527;Ross Baird;Home Office;;Changchun;Jilin;China;Eastern Asia;Asia Pacific;TEC-CO-3681;Technology;Copiers;Canon Copy Machine, Laser;1310,7;5;0;327,6;43,25;Medium;September;2015;2021
22836;IN-2015-BE1133527-42276;Salı, Eylül 29, 2015;Cumartesi, Ekim 03, 2015;Standard Class;BE-1133527;Bill Eplett;Home Office;;Liaocheng;Shandong;China;Eastern Asia;Asia Pacific;TEC-CO-4770;Technology;Copiers;HP Fax and Copier, Digital;2415,42;14;0;1134,84;169,57;Medium;September;2015;2021
43153;SG-2015-AJ945111-42265;Cuma, Eylül 18, 2015;Çarşamba, Eylül 23, 2015;Standard Class;AJ-945111;Ashley Jarboe;Consumer;;Ouagadougou;Centre;Burkina Faso;Western Africa;Africa;TEC-CO-3704;Technology;Copiers;Canon Personal Copier, Digital;142,38;1;0;7,11;12,15;Medium;September;2015;2021
43156;SG-2015-AJ945111-42265;Cuma, Eylül 18, 2015;Çarşamba, Eylül 23, 2015;Standard Class;AJ-945111;Ashley Jarboe;Consumer;;Ouagadougou;Centre;Burkina Faso;Western Africa;Africa;TEC-CO-5990;Technology;Copiers;Sharp Copy Machine, Color;1926,72;8;0;712,8;130,88;Medium;September;2015;2021
45898;MO-2015-PO919586-42264;Perşembe, Eylül 17, 2015;Pazartesi, Eylül 21, 2015;Standard Class;PO-919586;Phillina Ober;Home Office;;Tangier;Tanger-Tétouan;Morocco;North Africa;Africa;TEC-CO-3707;Technology;Copiers;Canon Wireless Fax, Color;2280,6;6;0;136,8;210,65;Medium;September;2015;2021
8997;MX-2015-TM2101018-42274;Pazar, Eylül 27, 2015;Cuma, Ekim 02, 2015;Standard Class;TM-2101018;Tamara Manning;Consumer;;Itajaí;Santa Catarina;Brazil;South America;LATAM;TEC-PH-5830;Technology;Phones;Samsung Office Telephone, Full Size;133,02;3;0;41,22;4,205;Medium;September;2015;2021
45906;BO-2015-KA652513-42276;Salı, Eylül 29, 2015;Pazartesi, Ekim 05, 2015;Standard Class;KA-652513;Kelly Andreada;Consumer;;Polatsk;Vitsyebsk;Belarus;Eastern Europe;Europe;TEC-PH-5253;Technology;Phones;Motorola Headset, VoIP;159,66;2;0;33,48;7,44;Medium;September;2015;2021
47157;RO-2015-BH1710107-42250;Perşembe, Eylül 03, 2015;Pazartesi, Eylül 07, 2015;Standard Class;BH-1710107;Brosina Hoffman;Consumer;;Ramnicu Valcea;Valcea;Romania;Eastern Europe;Europe;TEC-PH-5254;Technology;Phones;Motorola Headset, with Caller ID;79,74;1;0;26,31;8,24;Medium;September;2015;2021
44750;UP-2015-FM4380137-42264;Perşembe, Eylül 17, 2015;Pazartesi, Eylül 21, 2015;Standard Class;FM-4380137;Fred McMath;Consumer;;Zhytomyr;Zhytomyr;Ukraine;Eastern Europe;Europe;TEC-PH-3143;Technology;Phones;Apple Signal Booster, Cordless;139,5;1;0;34,86;8,43;Medium;September;2015;2021
42447;ZA-2015-DB3615146-42262;Salı, Eylül 15, 2015;Pazartesi, Eylül 21, 2015;Standard Class;DB-3615146;Doug Bickford;Consumer;;Lusaka;Lusaka;Zambia;Eastern Africa;Africa;TEC-PH-5272;Technology;Phones;Motorola Speaker Phone, VoIP;129,87;1;0;5,19;11,61;Medium;September;2015;2021
2882;MX-2015-MB1808582-42272;Cuma, Eylül 25, 2015;Çarşamba, Eylül 30, 2015;Standard Class;MB-1808582;Mick Brown;Consumer;;Nicolás Romero;México;Mexico;Central America;LATAM;TEC-PH-5358;Technology;Phones;Nokia Speaker Phone, Full Size;165,92;2;0;11,6;12,635;Medium;September;2015;2021
25130;ID-2015-JW1607578-42254;Pazartesi, Eylül 07, 2015;Cuma, Eylül 11, 2015;Standard Class;JW-1607578;Julia West;Consumer;;Kuala Lumpur;Kuala Lumpur;Malaysia;Southeastern Asia;Asia Pacific;TEC-PH-5844;Technology;Phones;Samsung Speaker Phone, Full Size;249,06;2;0;12,42;17,49;Medium;September;2015;2021
15447;ES-2015-GW14605139-42250;Perşembe, Eylül 03, 2015;Pazartesi, Eylül 07, 2015;Standard Class;GW-14605139;Giulietta Weimer;Consumer;;Letchworth;England;United Kingdom;Northern Europe;Europe;TEC-PH-5815;Technology;Phones;Samsung Audio Dock, with Caller ID;166,83;1;0;4,98;18,17;Medium;September;2015;2021
10325;ES-2015-AZ1075048-42258;Cuma, Eylül 11, 2015;Salı, Eylül 15, 2015;Standard Class;AZ-1075048;Annie Zypern;Consumer;;Herten;North Rhine-Westphalia;Germany;Western Europe;Europe;TEC-PH-5813;Technology;Phones;Samsung Audio Dock, Full Size;336,24;2;0;43,68;19,08;Medium;September;2015;2021
28786;IN-2015-BG1103558-42253;Pazar, Eylül 06, 2015;Pazar, Eylül 13, 2015;Standard Class;BG-1103558;Barry Gonzalez;Consumer;;Thane;Maharashtra;India;Southern Asia;Asia Pacific;TEC-PH-3798;Technology;Phones;Cisco Office Telephone, VoIP;402,75;5;0;36,15;30,2;Medium;September;2015;2021
5738;MX-2015-MV1748518-42258;Cuma, Eylül 11, 2015;Cuma, Eylül 18, 2015;Standard Class;MV-1748518;Mark Van Huff;Consumer;;Niterói;Rio de Janeiro;Brazil;South America;LATAM;TEC-PH-3806;Technology;Phones;Cisco Smart Phone, Full Size;870,24;2;0;295,88;60,636;Medium;September;2015;2021
22168;IN-2015-MC1784527-42249;Çarşamba, Eylül 02, 2015;Pazartesi, Eylül 07, 2015;Standard Class;MC-1784527;Michael Chen;Consumer;;Qingdao;Shandong;China;Eastern Asia;Asia Pacific;TEC-PH-5267;Technology;Phones;Motorola Smart Phone, Cordless;1285,56;2;0;51,42;127;Medium;September;2015;2021
6021;MX-2015-CS1217537-42251;Cuma, Eylül 04, 2015;Salı, Eylül 08, 2015;Standard Class;CS-1217537;Charles Sheldon;Corporate;;Quito;Pichincha;Ecuador;South America;LATAM;TEC-PH-5261;Technology;Phones;Motorola Office Telephone, VoIP;239,5;5;0;16,7;11,812;Medium;September;2015;2021
7493;US-2015-SM2095082-42274;Pazar, Eylül 27, 2015;Cuma, Ekim 02, 2015;Standard Class;SM-2095082;Suzanne McNair;Corporate;;Tepic;Nayarit;Mexico;Central America;LATAM;TEC-PH-5251;Technology;Phones;Motorola Headset, Cordless;275,3;5;0;19,2;23,271;Medium;September;2015;2021
28429;IN-2015-GM1469558-42259;Cumartesi, Eylül 12, 2015;Çarşamba, Eylül 16, 2015;Standard Class;GM-1469558;Greg Maxwell;Corporate;;Fatehpur;Rajasthan;India;Southern Asia;Asia Pacific;TEC-PH-3796;Technology;Phones;Cisco Office Telephone, Cordless;249,93;3;0;59,94;29,38;Medium;September;2015;2021
11771;ES-2015-BF109758-42250;Perşembe, Eylül 03, 2015;Çarşamba, Eylül 09, 2015;Standard Class;BF-109758;Barbara Fisher;Corporate;;Vienna;Vienna;Austria;Western Europe;Europe;TEC-PH-5272;Technology;Phones;Motorola Speaker Phone, VoIP;779,22;6;0;31,14;59,88;Medium;September;2015;2021
7955;MX-2015-LB1679539-42252;Cumartesi, Eylül 05, 2015;Perşembe, Eylül 10, 2015;Standard Class;LB-1679539;Laurel Beltran;Home Office;;San Salvador;San Salvador;El Salvador;Central America;LATAM;TEC-PH-5349;Technology;Phones;Nokia Office Telephone, with Caller ID;217,1;5;0;80,3;7,49;Medium;September;2015;2021
43152;SG-2015-AJ945111-42265;Cuma, Eylül 18, 2015;Çarşamba, Eylül 23, 2015;Standard Class;AJ-945111;Ashley Jarboe;Consumer;;Ouagadougou;Centre;Burkina Faso;Western Africa;Africa;FUR-FU-5724;Furniture;Furnishings;Rubbermaid Door Stop, Duo Pack;87,72;2;0;6,12;3,92;Medium;September;2015;2021
5114;MX-2015-ND1837051-42276;Salı, Eylül 29, 2015;Pazar, Ekim 04, 2015;Standard Class;ND-1837051;Natalie DeCherney;Consumer;;Mixco;Guatemala;Guatemala;Central America;LATAM;FUR-FU-5725;Furniture;Furnishings;Rubbermaid Door Stop, Durable;54,44;2;0;13,04;4,414;Medium;September;2015;2021
23019;IN-2015-MA1799527-42250;Perşembe, Eylül 03, 2015;Pazartesi, Eylül 07, 2015;Standard Class;MA-1799527;Michelle Arnett;Home Office;;Yueyang;Hunan;China;Eastern Asia;Asia Pacific;FUR-FU-3951;Furniture;Furnishings;Deflect-O Photo Frame, Duo Pack;103,92;2;0;35,28;3,6;Medium;September;2015;2021
14846;ES-2015-BM1157545-42276;Salı, Eylül 29, 2015;Pazar, Ekim 04, 2015;Standard Class;BM-1157545;Brendan Murry;Corporate;;Brest;Brittany;France;Western Europe;Europe;FUR-FU-5735;Furniture;Furnishings;Rubbermaid Photo Frame, Black;103,5;2;0;2,04;6,45;Medium;September;2015;2021
50584;IR-2015-AB25560-42249;Çarşamba, Eylül 02, 2015;Salı, Eylül 08, 2015;Standard Class;AB-25560;Alejandro Ballentine;Home Office;;Zahedan;Sistan Va Baluchestan;Iran;Southern Asia;Asia Pacific;FUR-FU-5729;Furniture;Furnishings;Rubbermaid Frame, Durable;213,84;2;0;53,46;18,22;Medium;September;2015;2021
6536;MX-2015-JM1558018-42250;Perşembe, Eylül 03, 2015;Çarşamba, Eylül 09, 2015;Standard Class;JM-1558018;Jill Matthias;Consumer;;Balneário Camboriú;Santa Catarina;Brazil;South America;LATAM;FUR-FU-5739;Furniture;Furnishings;Rubbermaid Stacking Tray, Black;16,8;1;0;1,34;1,155;Medium;September;2015;2021
41864;IZ-2015-NW840061-42252;Cumartesi, Eylül 05, 2015;Perşembe, Eylül 10, 2015;Standard Class;NW-840061;Natalie Webber;Consumer;;Baghdad;Baghdad;Iraq;Western Asia;Asia Pacific;FUR-FU-6244;Furniture;Furnishings;Tenex Door Stop, Erganomic;42,51;1;0;6,78;1,36;Medium;September;2015;2021
25102;IN-2015-KW1657058-42256;Çarşamba, Eylül 09, 2015;Çarşamba, Eylül 16, 2015;Standard Class;KW-1657058;Kelly Williams;Consumer;;Chennai;Tamil Nadu;India;Southern Asia;Asia Pacific;FUR-FU-3951;Furniture;Furnishings;Deflect-O Photo Frame, Duo Pack;51,96;1;0;17,64;2,32;Medium;September;2015;2021
41308;SA-2015-MD7860110-42266;Cumartesi, Eylül 19, 2015;Cumartesi, Eylül 26, 2015;Standard Class;MD-7860110;Michael Dominguez;Corporate;;Tabuk;Tabuk;Saudi Arabia;Western Asia;Asia Pacific;FUR-FU-3067;Furniture;Furnishings;Advantus Stacking Tray, Erganomic;24,99;1;0;7,74;2,62;Medium;September;2015;2021
41424;IR-2015-ER385560-42257;Perşembe, Eylül 10, 2015;Çarşamba, Eylül 16, 2015;Standard Class;ER-385560;Elpida Rittenbach;Corporate;;Varamin;Tehran;Iran;Southern Asia;Asia Pacific;FUR-FU-6236;Furniture;Furnishings;Tenex Clock, Black;50,25;1;0;12,54;2,97;Medium;September;2015;2021
42245;IZ-2015-TB1119061-42255;Salı, Eylül 08, 2015;Salı, Eylül 15, 2015;Standard Class;TB-1119061;Thomas Brumley;Home Office;;Baghdad;Baghdad;Iraq;Western Asia;Asia Pacific;FUR-FU-3048;Furniture;Furnishings;Advantus Photo Frame, Duo Pack;53,04;1;0;20,13;4,03;Medium;September;2015;2021
49980;ML-2015-NP868579-42255;Salı, Eylül 08, 2015;Cumartesi, Eylül 12, 2015;Standard Class;NP-868579;Nora Pelletier;Home Office;;Kayes;Kayes;Mali;Western Africa;Africa;FUR-FU-5727;Furniture;Furnishings;Rubbermaid Frame, Black;109,89;1;0;41,73;7,01;Medium;September;2015;2021
45865;RO-2015-NM8445107-42258;Cuma, Eylül 11, 2015;Perşembe, Eylül 17, 2015;Standard Class;NM-8445107;Nathan Mautz;Home Office;;Constanta;Constanta;Romania;Eastern Europe;Europe;FUR-FU-3942;Furniture;Furnishings;Deflect-O Frame, Durable;107,07;1;0;43,89;8,15;Medium;September;2015;2021
42512;SF-2015-JM6195117-42252;Cumartesi, Eylül 05, 2015;Perşembe, Eylül 10, 2015;Standard Class;JM-6195117;Justin MacKendrick;Consumer;;Rustenburg;North-West;South Africa;Southern Africa;Africa;FUR-FU-6242;Furniture;Furnishings;Tenex Door Stop, Duo Pack;175,8;4;0;79,08;12,02;Medium;September;2015;2021
48721;IV-2015-EH394529-42258;Cuma, Eylül 11, 2015;Çarşamba, Eylül 16, 2015;Standard Class;EH-394529;Eric Hoffmann;Consumer;;Abidjan;Lagunes;Cote d'Ivoire;Western Africa;Africa;FUR-FU-6242;Furniture;Furnishings;Tenex Door Stop, Duo Pack;175,8;4;0;79,08;20,66;Medium;September;2015;2021
7384;MX-2015-CB1241518-42249;Çarşamba, Eylül 02, 2015;Salı, Eylül 08, 2015;Standard Class;CB-1241518;Christy Brittain;Consumer;;São Paulo;São Paulo;Brazil;South America;LATAM;FUR-FU-3065;Furniture;Furnishings;Advantus Stacking Tray, Black;105,72;6;0;52,8;3,183;Medium;September;2015;2021
7370;MX-2015-TS2165518-42270;Çarşamba, Eylül 23, 2015;Salı, Eylül 29, 2015;Standard Class;TS-2165518;Trudy Schmidt;Consumer;;Goiânia;Goiás;Brazil;South America;LATAM;FUR-FU-6239;Furniture;Furnishings;Tenex Clock, Erganomic;97,74;3;0;28,32;4,477;Medium;September;2015;2021
1657;MX-2015-TS2120537-42250;Perşembe, Eylül 03, 2015;Pazartesi, Eylül 07, 2015;Standard Class;TS-2120537;Thomas Seio;Corporate;;Guayaquil;Guayas;Ecuador;South America;LATAM;FUR-FU-5726;Furniture;Furnishings;Rubbermaid Door Stop, Erganomic;84,84;3;0;38,16;4,561;Medium;September;2015;2021
4786;MX-2015-ZC2191018-42259;Cumartesi, Eylül 12, 2015;Cuma, Eylül 18, 2015;Standard Class;ZC-2191018;Zuschuss Carroll;Consumer;;Brasília;Federal District;Brazil;South America;LATAM;FUR-FU-4104;Furniture;Furnishings;Eldon Stacking Tray, Erganomic;140,56;7;0;47,74;6,835;Medium;September;2015;2021
4564;MX-2015-AM1036018-42255;Salı, Eylül 08, 2015;Pazartesi, Eylül 14, 2015;Standard Class;AM-1036018;Alice McCarthy;Corporate;;Eunápolis;Bahia;Brazil;South America;LATAM;FUR-FU-4084;Furniture;Furnishings;Eldon Photo Frame, Duo Pack;310,24;8;0;12,32;18,463;Medium;September;2015;2021
28038;IN-2015-DC1285058-42272;Cuma, Eylül 25, 2015;Salı, Eylül 29, 2015;Standard Class;DC-1285058;Dan Campbell;Consumer;;Kanpur;Uttar Pradesh;India;Southern Asia;Asia Pacific;FUR-FU-5731;Furniture;Furnishings;Rubbermaid Light Bulb, Black;94,2;5;0;41,4;6,09;Medium;September;2015;2021
23387;IN-2015-LW1682558-42256;Çarşamba, Eylül 09, 2015;Pazartesi, Eylül 14, 2015;Standard Class;LW-1682558;Laurel Workman;Corporate;;Mysore;Karnataka;India;Southern Asia;Asia Pacific;FUR-FU-6269;Furniture;Furnishings;Tenex Photo Frame, Duo Pack;155,7;3;0;55,98;9,98;Medium;September;2015;2021
25127;ID-2015-JW1607578-42254;Pazartesi, Eylül 07, 2015;Cuma, Eylül 11, 2015;Standard Class;JW-1607578;Julia West;Consumer;;Kuala Lumpur;Kuala Lumpur;Malaysia;Southeastern Asia;Asia Pacific;FUR-FU-6255;Furniture;Furnishings;Tenex Frame, Durable;321,03;3;0;73,8;19,04;Medium;September;2015;2021
11636;ES-2015-AF1087064-42264;Perşembe, Eylül 17, 2015;Salı, Eylül 22, 2015;Standard Class;AF-1087064;Art Ferguson;Consumer;;Palermo;Sicily;Italy;Southern Europe;Europe;FUR-FU-5728;Furniture;Furnishings;Rubbermaid Frame, Duo Pack;659,7;6;0;72,54;40,63;Medium;September;2015;2021
25782;IN-2015-BT1168027-42258;Cuma, Eylül 11, 2015;Salı, Eylül 15, 2015;Standard Class;BT-1168027;Brian Thompson;Consumer;;Lianzhou;Guangxi;China;Eastern Asia;Asia Pacific;FUR-CH-5369;Furniture;Chairs;Novimex Bag Chairs, Set of Two;96,42;2;0;31,8;10,76;Medium;September;2015;2021
22432;IN-2015-FM1429027-42264;Perşembe, Eylül 17, 2015;Salı, Eylül 22, 2015;Standard Class;FM-1429027;Frank Merwin;Home Office;;Shenzhen;Guangdong;China;Eastern Asia;Asia Pacific;FUR-CH-5438;Furniture;Chairs;Office Star Chairmat, Black;253,56;4;0;91,2;12,73;Medium;September;2015;2021
29944;IN-2015-AW1084027-42251;Cuma, Eylül 04, 2015;Perşembe, Eylül 10, 2015;Standard Class;AW-1084027;Anthony Witt;Consumer;;Jieyang;Guangdong;China;Eastern Asia;Asia Pacific;FUR-CH-4629;Furniture;Chairs;Hon Bag Chairs, Set of Two;284,4;6;0;68,22;27,09;Medium;September;2015;2021
20383;IN-2015-MZ1751566-42261;Pazartesi, Eylül 14, 2015;Pazar, Eylül 20, 2015;Standard Class;MZ-1751566;Mary Zewe;Corporate;;Kasugai;Aichi;Japan;Eastern Asia;Asia Pacific;FUR-CH-5803;Furniture;Chairs;SAFCO Steel Folding Chair, Set of Two;351,84;4;0;147,72;36,63;Medium;September;2015;2021
28307;IN-2015-JE1561027-42273;Cumartesi, Eylül 26, 2015;Cuma, Ekim 02, 2015;Standard Class;JE-1561027;Jim Epp;Corporate;;Kunming;Yunnan;China;Eastern Asia;Asia Pacific;FUR-CH-5456;Furniture;Chairs;Office Star Swivel Stool, Red;521,82;3;0;114,75;44,88;Medium;September;2015;2021
21998;IN-2015-RS1942027-42270;Çarşamba, Eylül 23, 2015;Pazartesi, Eylül 28, 2015;Standard Class;RS-1942027;Ricardo Sperren;Corporate;;Suzhou;Jiangsu;China;Eastern Asia;Asia Pacific;FUR-CH-5773;Furniture;Chairs;SAFCO Executive Leather Armchair, Adjustable;927,84;2;0;64,92;59,71;Medium;September;2015;2021
20939;IN-2015-RF1984058-42273;Cumartesi, Eylül 26, 2015;Çarşamba, Eylül 30, 2015;Standard Class;RF-1984058;Roy Französisch;Consumer;;Kalyan;Maharashtra;India;Southern Asia;Asia Pacific;FUR-CH-4684;Furniture;Chairs;Hon Rocking Chair, Set of Two;531,48;4;0;21,24;53,55;Medium;September;2015;2021
27366;IN-2015-NH1861058-42259;Cumartesi, Eylül 12, 2015;Çarşamba, Eylül 16, 2015;Standard Class;NH-1861058;Nicole Hansen;Corporate;;Akola;Maharashtra;India;Southern Asia;Asia Pacific;FUR-CH-4524;Furniture;Chairs;Harbour Creations Chairmat, Red;576;8;0;270,72;62,95;Medium;September;2015;2021
27367;IN-2015-NH1861058-42259;Cumartesi, Eylül 12, 2015;Çarşamba, Eylül 16, 2015;Standard Class;NH-1861058;Nicole Hansen;Corporate;;Akola;Maharashtra;India;Southern Asia;Asia Pacific;FUR-CH-5413;Furniture;Chairs;Novimex Swivel Stool, Red;822,3;5;0;205,5;65,82;Medium;September;2015;2021
7371;MX-2015-TS2165518-42270;Çarşamba, Eylül 23, 2015;Salı, Eylül 29, 2015;Standard Class;TS-2165518;Trudy Schmidt;Consumer;;Goiânia;Goiás;Brazil;South America;LATAM;FUR-CH-5756;Furniture;Chairs;SAFCO Chairmat, Adjustable;41,54;1;0;2,06;2,652;Medium;September;2015;2021
6993;MX-2015-JP1552039-42250;Perşembe, Eylül 03, 2015;Pazartesi, Eylül 07, 2015;Standard Class;JP-1552039;Jeremy Pistek;Consumer;;Santa Ana;Santa Ana;El Salvador;Central America;LATAM;FUR-CH-4520;Furniture;Chairs;Harbour Creations Bag Chairs, Red;164,32;4;0;44,32;11,609;Medium;September;2015;2021
3462;MX-2015-HG1484531-42260;Pazar, Eylül 13, 2015;Cuma, Eylül 18, 2015;Standard Class;HG-1484531;Harry Greene;Consumer;;Manzanillo;Granma;Cuba;Caribbean;LATAM;FUR-CH-5803;Furniture;Chairs;SAFCO Steel Folding Chair, Set of Two;175,92;3;0;82,68;13,664;Medium;September;2015;2021
5015;MX-2015-CD1192039-42272;Cuma, Eylül 25, 2015;Çarşamba, Eylül 30, 2015;Standard Class;CD-1192039;Carlos Daly;Consumer;;Soyapango;San Salvador;El Salvador;Central America;LATAM;FUR-CH-5442;Furniture;Chairs;Office Star Executive Leather Armchair, Black;311,62;1;0;34,26;15,953;Medium;September;2015;2021
9047;MX-2015-BW1106518-42252;Cumartesi, Eylül 05, 2015;Çarşamba, Eylül 09, 2015;Standard Class;BW-1106518;Barry Weirich;Consumer;;Montes Claros;Minas Gerais;Brazil;South America;LATAM;FUR-CH-5394;Furniture;Chairs;Novimex Rocking Chair, Adjustable;446,4;5;0;44,6;49,659;Medium;September;2015;2021
8801;MX-2015-RM1967539-42265;Cuma, Eylül 18, 2015;Çarşamba, Eylül 23, 2015;Standard Class;RM-1967539;Robert Marley;Home Office;;Mejicanos;San Salvador;El Salvador;Central America;LATAM;FUR-CH-4633;Furniture;Chairs;Hon Chairmat, Set of Two;231,12;6;0;103,92;17,15;Medium;September;2015;2021
1654;MX-2015-TS2120537-42250;Perşembe, Eylül 03, 2015;Pazartesi, Eylül 07, 2015;Standard Class;TS-2120537;Thomas Seio;Corporate;;Guayaquil;Guayas;Ecuador;South America;LATAM;FUR-CH-4562;Furniture;Chairs;Harbour Creations Swivel Stool, Black;355,38;3;0;21,3;37,641;Medium;September;2015;2021
49971;PL-2015-AJ795103-42248;Salı, Eylül 01, 2015;Cumartesi, Eylül 05, 2015;Standard Class;AJ-795103;Anthony Johnson;Corporate;;Tarnow;Lesser Poland;Poland;Eastern Europe;Europe;FUR-CH-4629;Furniture;Chairs;Hon Bag Chairs, Set of Two;94,8;2;0;11,34;2,75;Medium;September;2015;2021
47145;UP-2015-IM5070137-42273;Cumartesi, Eylül 26, 2015;Cuma, Ekim 02, 2015;Standard Class;IM-5070137;Irene Maddox;Consumer;;Kremenchuk;Poltava;Ukraine;Eastern Europe;Europe;FUR-CH-5753;Furniture;Chairs;SAFCO Bag Chairs, Set of Two;51,69;1;0;16,53;4,65;Medium;September;2015;2021
45630;MD-2015-MC742583-42260;Pazar, Eylül 13, 2015;Cumartesi, Eylül 19, 2015;Standard Class;MC-742583;Mark Cousins;Corporate;;Chisinau;Chisinau;Moldova;Eastern Europe;Europe;FUR-CH-4632;Furniture;Chairs;Hon Chairmat, Red;111,06;2;0;15,54;13,17;Medium;September;2015;2021
49974;PL-2015-AJ795103-42248;Salı, Eylül 01, 2015;Cumartesi, Eylül 05, 2015;Standard Class;AJ-795103;Anthony Johnson;Corporate;;Tarnow;Lesser Poland;Poland;Eastern Europe;Europe;FUR-CH-5795;Furniture;Chairs;SAFCO Rocking Chair, Red;134,91;1;0;6,72;13,75;Medium;September;2015;2021
41718;AU-2015-FM42158-42250;Perşembe, Eylül 03, 2015;Çarşamba, Eylül 09, 2015;Standard Class;FM-42158;Filia McAdams;Corporate;;Vienna;Vienna;Austria;Western Europe;Europe;FUR-CH-5366;Furniture;Chairs;Novimex Bag Chairs, Adjustable;193,8;4;0;48,36;18,57;Medium;September;2015;2021
45892;EG-2015-DH367538-42250;Perşembe, Eylül 03, 2015;Çarşamba, Eylül 09, 2015;Standard Class;DH-367538;Duane Huffman;Home Office;;Damanhur;Al Buhayrah;Egypt;North Africa;Africa;FUR-CH-5397;Furniture;Chairs;Novimex Rocking Chair, Set of Two;534,72;4;0;58,8;41,78;Medium;September;2015;2021
50016;CM-2015-MZ751522-42250;Perşembe, Eylül 03, 2015;Perşembe, Eylül 10, 2015;Standard Class;MZ-751522;Mary Zewe;Corporate;;Ngaoundere;Adamaoua;Cameroon;Central Africa;Africa;FUR-TA-3342;Furniture;Tables;Barricks Computer Table, with Bottom Storage;480,03;1;0;19,2;38,71;Medium;September;2015;2021
45188;IR-2015-SR1074060-42266;Cumartesi, Eylül 19, 2015;Cumartesi, Eylül 26, 2015;Standard Class;SR-1074060;Steven Roelle;Home Office;;Sari;Mazandaran;Iran;Southern Asia;Asia Pacific;FUR-TA-3351;Furniture;Tables;Barricks Round Table, with Bottom Storage;1003,02;2;0;30,06;74,59;Medium;September;2015;2021
43157;SG-2015-AJ945111-42265;Cuma, Eylül 18, 2015;Çarşamba, Eylül 23, 2015;Standard Class;AJ-945111;Ashley Jarboe;Consumer;;Ouagadougou;Centre;Burkina Faso;Western Africa;Africa;FUR-TA-3420;Furniture;Tables;Bevis Conference Table, Fully Assembled;925,23;1;0;305,31;89,9;Medium;September;2015;2021
42625;SU-2015-BD1725122-42253;Pazar, Eylül 06, 2015;Cuma, Eylül 11, 2015;Standard Class;BD-1725122;Bruce Degenhardt;Consumer;;Bur Sudan;Red Sea;Sudan;North Africa;Africa;FUR-TA-3765;Furniture;Tables;Chromcraft Conference Table, Rectangular;870,24;1;0;304,56;108,23;Medium;September;2015;2021
45896;MO-2015-PO919586-42264;Perşembe, Eylül 17, 2015;Pazartesi, Eylül 21, 2015;Standard Class;PO-919586;Phillina Ober;Home Office;;Tangier;Tanger-Tétouan;Morocco;North Africa;Africa;FUR-TA-5060;Furniture;Tables;Lesro Conference Table, with Bottom Storage;1715,16;2;0;377,28;165,38;Medium;September;2015;2021
28407;IN-2015-GH1442578-42269;Salı, Eylül 22, 2015;Pazartesi, Eylül 28, 2015;Standard Class;GH-1442578;Gary Hwang;Consumer;;Taiping;Perak;Malaysia;Southeastern Asia;Asia Pacific;FUR-BO-3885;Furniture;Bookcases;Dania 3-Shelf Cabinet, Metal;845,46;6;0;295,74;43,17;Medium;September;2015;2021
25316;IN-2015-DL1333066-42258;Cuma, Eylül 11, 2015;Salı, Eylül 15, 2015;Standard Class;DL-1333066;Denise Leinenbach;Consumer;;Matsubara;Oita;Japan;Eastern Asia;Asia Pacific;FUR-BO-4862;Furniture;Bookcases;Ikea Library with Doors, Pine;1094,22;3;0;328,23;87,41;Medium;September;2015;2021
49935;CA-2015-RD958523-42259;Cumartesi, Eylül 12, 2015;Perşembe, Eylül 17, 2015;Standard Class;RD-958523;Rob Dowd;Consumer;;Vancouver;British Columbia;Canada;Canada;USCA;FUR-BO-3635;Furniture;Bookcases;Bush Floating Shelf Set, Mobile;695,16;4;0;173,76;2,55;Medium;September;2015;2021
3463;MX-2015-HG1484531-42260;Pazar, Eylül 13, 2015;Cuma, Eylül 18, 2015;Standard Class;HG-1484531;Harry Greene;Consumer;;Manzanillo;Granma;Cuba;Caribbean;LATAM;FUR-BO-3615;Furniture;Bookcases;Bush 3-Shelf Cabinet, Metal;190,44;2;0;0;11,054;Medium;September;2015;2021
5846;MX-2015-RB1943518-42277;Çarşamba, Eylül 30, 2015;Pazar, Ekim 04, 2015;Standard Class;RB-1943518;Richard Bierner;Consumer;;Umuarama;Parana;Brazil;South America;LATAM;FUR-BO-5798;Furniture;Bookcases;Safco Stackable Bookrack, Pine;200,44;2;0;82,16;17,987;Medium;September;2015;2021
19219;ES-2015-AH10210120-42267;Pazar, Eylül 20, 2015;Perşembe, Eylül 24, 2015;Standard Class;AH-10210120;Alan Hwang;Consumer;;Barcelona;Catalonia;Spain;Southern Europe;Europe;FUR-BO-5960;Furniture;Bookcases;Sauder Floating Shelf Set, Mobile;394,2;2;0;145,8;28,38;Medium;September;2015;2021
8995;MX-2015-TM2101018-42274;Pazar, Eylül 27, 2015;Cuma, Ekim 02, 2015;Standard Class;TM-2101018;Tamara Manning;Consumer;;Itajaí;Santa Catarina;Brazil;South America;LATAM;FUR-BO-5948;Furniture;Bookcases;Sauder Classic Bookcase, Metal;1451,5;5;0;595,1;46,734;Medium;September;2015;2021
42448;ZA-2015-DB3615146-42262;Salı, Eylül 15, 2015;Pazartesi, Eylül 21, 2015;Standard Class;DB-3615146;Doug Bickford;Consumer;;Lusaka;Lusaka;Zambia;Eastern Africa;Africa;FUR-BO-4863;Furniture;Bookcases;Ikea Library with Doors, Traditional;2180,34;6;0;959,22;112,59;Medium;September;2015;2021
13228;ES-2015-BG1103564-42251;Cuma, Eylül 04, 2015;Salı, Eylül 08, 2015;Standard Class;BG-1103564;Barry Gonzalez;Consumer;;Pescara;Abruzzi;Italy;Southern Europe;Europe;FUR-BO-4861;Furniture;Bookcases;Ikea Library with Doors, Mobile;2927,28;8;0;146,16;223,41;Medium;September;2015;2021
46417;TZ-2015-TH11115129-42250;Perşembe, Eylül 03, 2015;Pazartesi, Eylül 07, 2015;Standard Class;TH-11115129;Thea Hudgings;Corporate;;Dar es Salaam;Dar Es Salaam;Tanzania;Eastern Africa;Africa;FUR-BO-5966;Furniture;Bookcases;Sauder Library with Doors, Metal;387,09;1;0;127,71;14,77;Medium;September;2015;2021
50558;CG-2015-MH744033-42273;Cumartesi, Eylül 26, 2015;Çarşamba, Eylül 30, 2015;Standard Class;MH-744033;Mark Haberlin;Corporate;;Likasi;Katanga;Democratic Republic of the Congo;Central Africa;Africa;FUR-BO-3896;Furniture;Bookcases;Dania Corner Shelving, Traditional;244,14;2;0;82,98;17,45;Medium;September;2015;2021
21359;IN-2015-VP21760113-42270;Çarşamba, Eylül 23, 2015;Salı, Eylül 29, 2015;Standard Class;VP-21760113;Victoria Pisteka;Corporate;;Singapore;Singapore;Singapore;Southeastern Asia;Asia Pacific;FUR-BO-3642;Furniture;Bookcases;Bush Library with Doors, Traditional;364,32;1;0;131,13;31,07;Medium;September;2015;2021
45456;RS-2015-TS11370108-42253;Pazar, Eylül 06, 2015;Cuma, Eylül 11, 2015;Standard Class;TS-11370108;Todd Sumrall;Corporate;;Kaliningrad;Kaliningrad;Russia;Eastern Europe;Europe;FUR-BO-5960;Furniture;Bookcases;Sauder Floating Shelf Set, Mobile;788,4;4;0;291,6;70,08;Medium;September;2015;2021
8826;MX-2015-BM1157518-42258;Cuma, Eylül 11, 2015;Salı, Eylül 15, 2015;Standard Class;BM-1157518;Brendan Murry;Corporate;;Francisco Beltrão;Parana;Brazil;South America;LATAM;FUR-BO-5951;Furniture;Bookcases;Sauder Classic Bookcase, Traditional;1162,64;4;0;255,76;72,761;Medium;September;2015;2021
49981;ML-2015-NP868579-42255;Salı, Eylül 08, 2015;Cumartesi, Eylül 12, 2015;Standard Class;NP-868579;Nora Pelletier;Home Office;;Kayes;Kayes;Mali;Western Africa;Africa;FUR-BO-4851;Furniture;Bookcases;Ikea Classic Bookcase, Traditional;411,75;1;0;156,45;15,94;Medium;September;2015;2021
44917;IZ-2015-AS13561-42277;Çarşamba, Eylül 30, 2015;Pazartesi, Ekim 05, 2015;Standard Class;AS-13561;Adrian Shami;Home Office;;Ad Diwaniyah;Al Qadisiyah;Iraq;Western Asia;Asia Pacific;FUR-BO-5966;Furniture;Bookcases;Sauder Library with Doors, Metal;387,09;1;0;127,71;22,02;Medium;September;2015;2021
45183;IR-2015-SR1074060-42266;Cumartesi, Eylül 19, 2015;Cumartesi, Eylül 26, 2015;Standard Class;SR-1074060;Steven Roelle;Home Office;;Sari;Mazandaran;Iran;Southern Asia;Asia Pacific;FUR-BO-4851;Furniture;Bookcases;Ikea Classic Bookcase, Traditional;411,75;1;0;156,45;37,83;Medium;September;2015;2021
23020;IN-2015-MA1799527-42250;Perşembe, Eylül 03, 2015;Pazartesi, Eylül 07, 2015;Standard Class;MA-1799527;Michelle Arnett;Home Office;;Yueyang;Hunan;China;Eastern Asia;Asia Pacific;FUR-BO-5787;Furniture;Bookcases;Safco Library with Doors, Pine;1173,42;3;0;129,06;93,74;Medium;September;2015;2021
15143;ES-2015-AW10930139-42251;Cuma, Eylül 04, 2015;Çarşamba, Eylül 09, 2015;Standard Class;AW-10930139;Arthur Wiediger;Home Office;;Nottingham;England;United Kingdom;Northern Europe;Europe;FUR-BO-5745;Furniture;Bookcases;Safco 3-Shelf Cabinet, Metal;2019,6;12;0;706,68;184,2;Medium;September;2015;2021
8968;MX-2015-BT1168082-42253;Pazar, Eylül 06, 2015;Perşembe, Eylül 10, 2015;Standard Class;BT-1168082;Brian Thompson;Consumer;;Juárez;Chihuahua;Mexico;Central America;LATAM;TEC-AC-5863;Technology;Accessories;SanDisk Flash Drive, USB;53;2;0;1,04;6,52;High;September;2015;2021
25170;IN-2015-LS1723078-42251;Cuma, Eylül 04, 2015;Salı, Eylül 08, 2015;Standard Class;LS-1723078;Lycoris Saunders;Consumer;;Seremban;Negeri Sembilan;Malaysia;Southeastern Asia;Asia Pacific;TEC-AC-3379;Technology;Accessories;Belkin Flash Drive, Erganomic;119,25;3;0;21,42;10,07;High;September;2015;2021
42815;EG-2015-AC66038-42250;Perşembe, Eylül 03, 2015;Pazartesi, Eylül 07, 2015;Standard Class;AC-66038;Anna Chung;Consumer;;Cairo;Al Qahirah;Egypt;North Africa;Africa;TEC-AC-5887;Technology;Accessories;SanDisk Numeric Keypad, Bluetooth;110,7;2;0;17,7;13;High;September;2015;2021
12526;ES-2015-MM1726014-42259;Cumartesi, Eylül 12, 2015;Perşembe, Eylül 17, 2015;Standard Class;MM-1726014;Magdelene Morse;Consumer;;Antwerp;Antwerp;Belgium;Western Europe;Europe;TEC-AC-4151;Technology;Accessories;Enermax Flash Drive, Bluetooth;166,08;4;0;53,04;24,48;High;September;2015;2021
12207;ES-2015-AH10690139-42270;Çarşamba, Eylül 23, 2015;Pazar, Eylül 27, 2015;Standard Class;AH-10690139;Anna Häberlin;Corporate;;Manchester;England;United Kingdom;Northern Europe;Europe;TEC-AC-5195;Technology;Accessories;Memorex Flash Drive, Programmable;92,7;3;0;30,51;9,61;High;September;2015;2021
42441;EG-2015-DJ351038-42251;Cuma, Eylül 04, 2015;Salı, Eylül 08, 2015;Standard Class;DJ-351038;Don Jones;Corporate;;Cairo;Al Qahirah;Egypt;North Africa;Africa;TEC-AC-4155;Technology;Accessories;Enermax Keyboard, Bluetooth;83,46;1;0;40,05;12,45;High;September;2015;2021
42012;UP-2015-GK4620137-42269;Salı, Eylül 22, 2015;Cumartesi, Eylül 26, 2015;Standard Class;GK-4620137;Grace Kelly;Corporate;;Rivne;Rivne;Ukraine;Eastern Europe;Europe;TEC-AC-3396;Technology;Accessories;Belkin Numeric Keypad, Bluetooth;115,5;2;0;49,62;14;High;September;2015;2021
7816;MX-2015-MH1729082-42272;Cuma, Eylül 25, 2015;Salı, Eylül 29, 2015;Standard Class;MH-1729082;Marc Harrigan;Home Office;;Toluca;México;Mexico;Central America;LATAM;TEC-AC-5216;Technology;Accessories;Memorex Mouse, Bluetooth;187,8;10;0;13;21,446;High;September;2015;2021
44436;UZ-2015-NF8475142-42255;Salı, Eylül 08, 2015;Cumartesi, Eylül 12, 2015;Standard Class;NF-8475142;Neil Französisch;Home Office;;Qarshi;Qashqadaryo;Uzbekistan;Central Asia;Asia Pacific;TEC-AC-4186;Technology;Accessories;Enermax Router, Erganomic;256,14;1;0;102,45;21,61;High;September;2015;2021
10658;ES-2015-MH1762048-42257;Perşembe, Eylül 10, 2015;Pazartesi, Eylül 14, 2015;Standard Class;MH-1762048;Matt Hagelstein;Corporate;;Herford;North Rhine-Westphalia;Germany;Western Europe;Europe;TEC-AC-5224;Technology;Accessories;Memorex Router, Erganomic;732,06;3;0;219,6;78,76;High;September;2015;2021
3542;MX-2015-RD1981093-42248;Salı, Eylül 01, 2015;Cumartesi, Eylül 05, 2015;Standard Class;RD-1981093;Ross DeVincentis;Home Office;;Managua;Managua;Nicaragua;Central America;LATAM;TEC-AC-3390;Technology;Accessories;Belkin Memory Card, Programmable;465,24;6;0;213,96;81,931;High;September;2015;2021
18618;ES-2015-MW18220139-42253;Pazar, Eylül 06, 2015;Perşembe, Eylül 10, 2015;Standard Class;MW-18220139;Mitch Webber;Consumer;;Hartlepool;England;United Kingdom;Northern Europe;Europe;TEC-MA-5497;Technology;Machines;Okidata Card Printer, Durable;703,8;4;0;56,28;41,39;High;September;2015;2021
46672;AU-2015-AG7658-42255;Salı, Eylül 08, 2015;Cumartesi, Eylül 12, 2015;Standard Class;AG-7658;Anthony Garverick;Home Office;;Vienna;Vienna;Austria;Western Europe;Europe;TEC-MA-5503;Technology;Machines;Okidata Inkjet, Wireless;628,2;2;0;263,82;67,29;High;September;2015;2021
31263;IN-2015-PF1912092-42276;Salı, Eylül 29, 2015;Pazar, Ekim 04, 2015;Standard Class;PF-1912092;Peter Fuller;Consumer;;Christchurch;Canterbury;New Zealand;Oceania;Asia Pacific;TEC-MA-5007;Technology;Machines;Konica Inkjet, White;1242,36;4;0;285,72;102,1;High;September;2015;2021
18615;ES-2015-MW18220139-42253;Pazar, Eylül 06, 2015;Perşembe, Eylül 10, 2015;Standard Class;MW-18220139;Mitch Webber;Consumer;;Hartlepool;England;United Kingdom;Northern Europe;Europe;TEC-MA-5016;Technology;Machines;Konica Printer, White;798,75;3;0;239,58;138,03;High;September;2015;2021
42816;EG-2015-AC66038-42250;Perşembe, Eylül 03, 2015;Pazartesi, Eylül 07, 2015;Standard Class;AC-66038;Anna Chung;Consumer;;Cairo;Al Qahirah;Egypt;North Africa;Africa;TEC-CO-4779;Technology;Copiers;HP Ink, High-Speed;126,9;1;0;7,59;14,72;High;September;2015;2021
47189;IZ-2015-RD990061-42277;Çarşamba, Eylül 30, 2015;Pazar, Ekim 04, 2015;Standard Class;RD-990061;Ruben Dartt;Consumer;;Baghdad;Baghdad;Iraq;Western Asia;Asia Pacific;TEC-CO-4779;Technology;Copiers;HP Ink, High-Speed;126,9;1;0;7,59;18,93;High;September;2015;2021
49782;IR-2015-RF973560-42251;Cuma, Eylül 04, 2015;Salı, Eylül 08, 2015;Standard Class;RF-973560;Roland Fjeld;Consumer;;Ahvaz;Khuzestan;Iran;Southern Asia;Asia Pacific;TEC-CO-3710;Technology;Copiers;Canon Wireless Fax, Laser;378,66;1;0;185,52;38,86;High;September;2015;2021
11515;ES-2015-CS12175120-42253;Pazar, Eylül 06, 2015;Cuma, Eylül 11, 2015;Standard Class;CS-12175120;Charles Sheldon;Corporate;;Seville;Andalusía;Spain;Southern Europe;Europe;TEC-CO-4579;Technology;Copiers;Hewlett Ink, Color;300,24;2;0;42;44,74;High;September;2015;2021
12796;IT-2015-KC16675139-42263;Çarşamba, Eylül 16, 2015;Pazar, Eylül 20, 2015;Standard Class;KC-16675139;Kimberly Carter;Corporate;;Bognor Regis;England;United Kingdom;Northern Europe;Europe;TEC-CO-4777;Technology;Copiers;HP Ink, Color;650,7;5;0;169,05;51,98;High;September;2015;2021
25174;IN-2015-LS1723078-42251;Cuma, Eylül 04, 2015;Salı, Eylül 08, 2015;Standard Class;LS-1723078;Lycoris Saunders;Consumer;;Seremban;Negeri Sembilan;Malaysia;Southeastern Asia;Asia Pacific;TEC-CO-3606;Technology;Copiers;Brother Personal Copier, High-Speed;564,36;4;0;242,64;78,49;High;September;2015;2021
18614;ES-2015-MW18220139-42253;Pazar, Eylül 06, 2015;Perşembe, Eylül 10, 2015;Standard Class;MW-18220139;Mitch Webber;Consumer;;Hartlepool;England;United Kingdom;Northern Europe;Europe;TEC-CO-4767;Technology;Copiers;HP Copy Machine, Laser;729,99;3;0;364,95;83,06;High;September;2015;2021
43914;PL-2015-BH1710103-42276;Salı, Eylül 29, 2015;Cumartesi, Ekim 03, 2015;Standard Class;BH-1710103;Brosina Hoffman;Consumer;;Poznan;Greater Poland;Poland;Eastern Europe;Europe;TEC-PH-3787;Technology;Phones;Cisco Audio Dock, with Caller ID;182,07;1;0;40,05;16,18;High;September;2015;2021
49781;IR-2015-RF973560-42251;Cuma, Eylül 04, 2015;Salı, Eylül 08, 2015;Standard Class;RF-973560;Roland Fjeld;Consumer;;Ahvaz;Khuzestan;Iran;Southern Asia;Asia Pacific;TEC-PH-5844;Technology;Phones;Samsung Speaker Phone, Full Size;124,53;1;0;29,88;20,11;High;September;2015;2021
42814;EG-2015-AC66038-42250;Perşembe, Eylül 03, 2015;Pazartesi, Eylül 07, 2015;Standard Class;AC-66038;Anna Chung;Consumer;;Cairo;Al Qahirah;Egypt;North Africa;Africa;TEC-PH-5338;Technology;Phones;Nokia Audio Dock, with Caller ID;333,48;2;0;49,98;47,28;High;September;2015;2021
42817;EG-2015-AC66038-42250;Perşembe, Eylül 03, 2015;Pazartesi, Eylül 07, 2015;Standard Class;AC-66038;Anna Chung;Consumer;;Cairo;Al Qahirah;Egypt;North Africa;Africa;TEC-PH-5268;Technology;Phones;Motorola Smart Phone, Full Size;642,69;1;0;244,2;83,72;High;September;2015;2021
43533;PL-2015-AT435103-42252;Cumartesi, Eylül 05, 2015;Çarşamba, Eylül 09, 2015;Standard Class;AT-435103;Alyssa Tate;Home Office;;Bialystok;Podlaskie;Poland;Eastern Europe;Europe;TEC-PH-5829;Technology;Phones;Samsung Office Telephone, Cordless;68,07;1;0;10,2;9,53;High;September;2015;2021
30478;IN-2015-JD158957-42271;Perşembe, Eylül 24, 2015;Pazartesi, Eylül 28, 2015;Standard Class;JD-158957;Jonathan Doherty;Corporate;;Newcastle;New South Wales;Australia;Oceania;Asia Pacific;TEC-PH-3801;Technology;Phones;Cisco Signal Booster, Full Size;306,24;2;0;30,6;16,92;High;September;2015;2021
15699;IT-2015-KC1625548-42276;Salı, Eylül 29, 2015;Cumartesi, Ekim 03, 2015;Standard Class;KC-1625548;Karen Carlisle;Corporate;;Duisburg;North Rhine-Westphalia;Germany;Western Europe;Europe;TEC-PH-3141;Technology;Phones;Apple Office Telephone, VoIP;261,48;4;0;99,36;22,56;High;September;2015;2021
15091;ES-2015-AG1067545-42263;Çarşamba, Eylül 16, 2015;Pazar, Eylül 20, 2015;Standard Class;AG-1067545;Anna Gayman;Consumer;;Mougins;Provence-Alpes-Côte d'Azur;France;Western Europe;Europe;FUR-FU-4042;Furniture;Furnishings;Eldon Door Stop, Durable;94,38;2;0;19,8;10,86;High;September;2015;2021
42813;EG-2015-AC66038-42250;Perşembe, Eylül 03, 2015;Pazartesi, Eylül 07, 2015;Standard Class;AC-66038;Anna Chung;Consumer;;Cairo;Al Qahirah;Egypt;North Africa;Africa;FUR-FU-6268;Furniture;Furnishings;Tenex Photo Frame, Black;207,36;4;0;57,96;18,38;High;September;2015;2021
6894;MX-2015-LL1684039-42277;Çarşamba, Eylül 30, 2015;Pazar, Ekim 04, 2015;Standard Class;LL-1684039;Lauren Leatherbury;Consumer;;Apopa;San Salvador;El Salvador;Central America;LATAM;FUR-FU-4084;Furniture;Furnishings;Eldon Photo Frame, Duo Pack;232,68;6;0;9,24;23,86;High;September;2015;2021
5482;MX-2015-TH2111512-42270;Çarşamba, Eylül 23, 2015;Pazar, Eylül 27, 2015;Standard Class;TH-2111512;Thea Hudgings;Corporate;;Bridgetown;Saint Michael;Barbados;Caribbean;LATAM;FUR-FU-4083;Furniture;Furnishings;Eldon Photo Frame, Black;77,48;2;0;27,08;5,072;High;September;2015;2021
5485;MX-2015-TH2111512-42270;Çarşamba, Eylül 23, 2015;Pazar, Eylül 27, 2015;Standard Class;TH-2111512;Thea Hudgings;Corporate;;Bridgetown;Saint Michael;Barbados;Caribbean;LATAM;FUR-FU-4085;Furniture;Furnishings;Eldon Photo Frame, Durable;73,52;2;0;20,56;8,851;High;September;2015;2021
3543;MX-2015-RD1981093-42248;Salı, Eylül 01, 2015;Cumartesi, Eylül 05, 2015;Standard Class;RD-1981093;Ross DeVincentis;Home Office;;Managua;Managua;Nicaragua;Central America;LATAM;FUR-FU-6238;Furniture;Furnishings;Tenex Clock, Durable;252,16;8;0;90,72;12,576;High;September;2015;2021
12394;ES-2015-NG1835545-42259;Cumartesi, Eylül 12, 2015;Çarşamba, Eylül 16, 2015;Standard Class;NG-1835545;Nat Gilpin;Corporate;;Montmorency;Ile-de-France;France;Western Europe;Europe;FUR-FU-3032;Furniture;Furnishings;Advantus Frame, Black;222,24;2;0;44,4;31,07;High;September;2015;2021
45234;IR-2015-NB865560-42259;Cumartesi, Eylül 12, 2015;Çarşamba, Eylül 16, 2015;Standard Class;NB-865560;Nona Balk;Corporate;;Ilam;Ilam;Iran;Southern Asia;Asia Pacific;FUR-CH-4698;Furniture;Chairs;Hon Steel Folding Chair, Black;78,99;1;0;23,67;10,08;High;September;2015;2021
6554;MX-2015-CR1282018-42251;Cuma, Eylül 04, 2015;Çarşamba, Eylül 09, 2015;Standard Class;CR-1282018;Cyra Reiten;Home Office;;Campo Grande;Mato Grosso do Sul;Brazil;South America;LATAM;FUR-CH-5776;Furniture;Chairs;SAFCO Executive Leather Armchair, Set of Two;309,12;1;0;27,82;10,42;High;September;2015;2021
13483;ES-2015-LE168108-42270;Çarşamba, Eylül 23, 2015;Pazartesi, Eylül 28, 2015;Standard Class;LE-168108;Laurel Elliston;Consumer;;Vienna;Vienna;Austria;Western Europe;Europe;FUR-CH-4628;Furniture;Chairs;Hon Bag Chairs, Red;90,3;2;0;29,76;15,72;High;September;2015;2021
30477;IN-2015-JD158957-42271;Perşembe, Eylül 24, 2015;Pazartesi, Eylül 28, 2015;Standard Class;JD-158957;Jonathan Doherty;Corporate;;Newcastle;New South Wales;Australia;Oceania;Asia Pacific;FUR-CH-5373;Furniture;Chairs;Novimex Chairmat, Set of Two;351,54;6;0;129,96;55,11;High;September;2015;2021
4645;MX-2015-TA2138526-42272;Cuma, Eylül 25, 2015;Salı, Eylül 29, 2015;Standard Class;TA-2138526;Tom Ashbrook;Home Office;;San Bernardo;Santiago;Chile;South America;LATAM;FUR-CH-5807;Furniture;Chairs;SAFCO Swivel Stool, Red;783,72;7;0;31,22;82,117;High;September;2015;2021
41577;IZ-2015-RW969061-42258;Cuma, Eylül 11, 2015;Salı, Eylül 15, 2015;Standard Class;RW-969061;Robert Waldorf;Consumer;;Baghdad;Baghdad;Iraq;Western Asia;Asia Pacific;FUR-BO-5771;Furniture;Bookcases;Safco Corner Shelving, Traditional;149,46;1;0;26,88;14,21;High;September;2015;2021
12209;ES-2015-AH10690139-42270;Çarşamba, Eylül 23, 2015;Pazar, Eylül 27, 2015;Standard Class;AH-10690139;Anna Häberlin;Corporate;;Manchester;England;United Kingdom;Northern Europe;Europe;FUR-BO-3648;Furniture;Bookcases;Bush Stackable Bookrack, Traditional;245,94;2;0;61,44;16,73;High;September;2015;2021
43971;IR-2015-NG835560-42266;Cumartesi, Eylül 19, 2015;Çarşamba, Eylül 23, 2015;Standard Class;NG-835560;Nat Gilpin;Corporate;;Bandar Abbas;Hormozgan;Iran;Southern Asia;Asia Pacific;FUR-BO-5949;Furniture;Bookcases;Sauder Classic Bookcase, Mobile;438,51;1;0;197,31;52,31;High;September;2015;2021
18617;ES-2015-MW18220139-42253;Pazar, Eylül 06, 2015;Perşembe, Eylül 10, 2015;Standard Class;MW-18220139;Mitch Webber;Consumer;;Hartlepool;England;United Kingdom;Northern Europe;Europe;FUR-BO-3890;Furniture;Bookcases;Dania Classic Bookcase, Mobile;1239,84;3;0;223,11;88,04;High;September;2015;2021
42084;SI-2015-SM10005115-42252;Cumartesi, Eylül 05, 2015;Çarşamba, Eylül 09, 2015;Standard Class;SM-10005115;Sally Matthias;Consumer;;Ljubljana;Ljubljana;Slovenia;Southern Europe;Europe;FUR-BO-5780;Furniture;Bookcases;Safco Floating Shelf Set, Traditional;1180,44;6;0;519,3;150,03;High;September;2015;2021
42324;BU-2015-CJ187519-42255;Salı, Eylül 08, 2015;Cumartesi, Eylül 12, 2015;Standard Class;CJ-187519;Carl Jackson;Corporate;;Sofia;Sofiya-Grad;Bulgaria;Eastern Europe;Europe;FUR-TA-5052;Furniture;Tables;Lesro Coffee Table, Rectangular;249,57;1;0;4,98;15,98;High;September;2015;2021
7093;MX-2015-CA1205582-42276;Salı, Eylül 29, 2015;Pazartesi, Ekim 05, 2015;Standard Class;CA-1205582;Cathy Armstrong;Home Office;;León;Guanajuato;Mexico;Central America;LATAM;TEC-PH-3798;Technology;Phones;Cisco Office Telephone, VoIP;107,4;2;0;44;10,39;Low;September;2015;2021
6514;MX-2015-CS1225093-42269;Salı, Eylül 22, 2015;Salı, Eylül 29, 2015;Standard Class;CS-1225093;Chris Selesnick;Corporate;;Managua;Managua;Nicaragua;Central America;LATAM;FUR-CH-5408;Furniture;Chairs;Novimex Steel Folding Chair, Red;109,64;2;0;0;15,967;Low;September;2015;2021
14666;ES-2015-TS21205139-42262;Salı, Eylül 15, 2015;Pazartesi, Eylül 21, 2015;Standard Class;TS-21205139;Thomas Seio;Corporate;;Brighton;England;United Kingdom;Northern Europe;Europe;TEC-MA-4211;Technology;Machines;Epson Receipt Printer, White;230,88;2;0;99,24;26,06;Low;September;2015;2021
6518;MX-2015-JF1541551-42263;Çarşamba, Eylül 16, 2015;Çarşamba, Eylül 23, 2015;Standard Class;JF-1541551;Jennifer Ferguson;Consumer;;Quetzaltenango;Quezaltenango;Guatemala;Central America;LATAM;FUR-BO-3899;Furniture;Bookcases;Dania Floating Shelf Set, Pine;227,6;2;0;43,24;26,836;Low;September;2015;2021
4647;MX-2015-NC1862531-42262;Salı, Eylül 15, 2015;Pazartesi, Eylül 21, 2015;Standard Class;NC-1862531;Noah Childs;Corporate;;Guantánamo;Guantánamo;Cuba;Caribbean;LATAM;TEC-PH-5268;Technology;Phones;Motorola Smart Phone, Full Size;858,64;2;0;171,72;176,465;Low;September;2015;2021
6520;MX-2015-JF1541551-42263;Çarşamba, Eylül 16, 2015;Çarşamba, Eylül 23, 2015;Standard Class;JF-1541551;Jennifer Ferguson;Consumer;;Quetzaltenango;Quezaltenango;Guatemala;Central America;LATAM;TEC-PH-5266;Technology;Phones;Motorola Signal Booster, with Caller ID;95,42;1;0;35,3;10,96;Low;September;2015;2021
46286;BO-2015-JF549013-42255;Salı, Eylül 08, 2015;Salı, Eylül 15, 2015;Standard Class;JF-549013;Jeremy Farry;Consumer;;Homyel';Homyel';Belarus;Eastern Europe;Europe;TEC-CO-4773;Technology;Copiers;HP Fax Machine, Color;301,38;1;0;0;47,78;Low;September;2015;2021
11285;ES-2015-SC2077064-42266;Cumartesi, Eylül 19, 2015;Cuma, Eylül 25, 2015;Standard Class;SC-2077064;Stewart Carmichael;Corporate;;Vicenza;Veneto;Italy;Southern Europe;Europe;TEC-CO-4785;Technology;Copiers;HP Personal Copier, Digital;371,79;3;0;59,4;41,15;Low;September;2015;2021
12244;ES-2015-KB1658548-42276;Salı, Eylül 29, 2015;Salı, Ekim 06, 2015;Standard Class;KB-1658548;Ken Black;Corporate;;Munich;Bavaria;Germany;Western Europe;Europe;TEC-CO-5999;Technology;Copiers;Sharp Fax Machine, High-Speed;881,55;3;0;185,04;87,58;Low;September;2015;2021
5105;MX-2015-MD1735082-42276;Salı, Eylül 29, 2015;Pazartesi, Ekim 05, 2015;Standard Class;MD-1735082;Maribeth Dona;Consumer;;Mexico City;Distrito Federal;Mexico;Central America;LATAM;TEC-PH-5355;Technology;Phones;Nokia Smart Phone, Full Size;1274,7;3;0;293,16;88,45;Low;September;2015;2021
7474;MX-2015-EM1414051-42264;Perşembe, Eylül 17, 2015;Çarşamba, Eylül 23, 2015;Standard Class;EM-1414051;Eugene Moren;Home Office;;Mixco;Guatemala;Guatemala;Central America;LATAM;FUR-BO-3906;Furniture;Bookcases;Dania Stackable Bookrack, Pine;409,8;5;0;73,7;42,916;Low;September;2015;2021
12242;ES-2015-KB1658548-42276;Salı, Eylül 29, 2015;Salı, Ekim 06, 2015;Standard Class;KB-1658548;Ken Black;Corporate;;Munich;Bavaria;Germany;Western Europe;Europe;TEC-MA-4207;Technology;Machines;Epson Printer, White;2088,24;8;0;83,52;210,59;Low;September;2015;2021
47017;PL-2015-MH7455103-42277;Çarşamba, Eylül 30, 2015;Cuma, Ekim 02, 2015;First Class;MH-7455103;Mark Hamilton;Consumer;;Rybnik;Silesia;Poland;Eastern Europe;Europe;FUR-TA-3422;Furniture;Tables;Bevis Conference Table, with Bottom Storage;923,76;1;0;249,39;72,12;High;September;2015;2021
2682;MX-2015-JE1574531-42255;Salı, Eylül 08, 2015;Cumartesi, Eylül 12, 2015;Second Class;JE-1574531;Joel Eaton;Consumer;;Camagüey;Camagüey;Cuba;Caribbean;LATAM;FUR-TA-3357;Furniture;Tables;Barricks Wood Table, Fully Assembled;2419,2;7;0;411,18;205,167;High;September;2015;2021
12450;ES-2015-MS17770139-42275;Pazartesi, Eylül 28, 2015;Perşembe, Ekim 01, 2015;First Class;MS-17770139;Maxwell Schwartz;Consumer;;Burnley;England;United Kingdom;Northern Europe;Europe;FUR-BO-4845;Furniture;Bookcases;Ikea 3-Shelf Cabinet, Mobile;869,76;6;0;208,62;68,02;High;September;2015;2021
7061;MX-2015-PK1891093-42256;Çarşamba, Eylül 09, 2015;Cumartesi, Eylül 12, 2015;First Class;PK-1891093;Paul Knutson;Home Office;;Managua;Managua;Nicaragua;Central America;LATAM;FUR-BO-5746;Furniture;Bookcases;Safco 3-Shelf Cabinet, Mobile;685,44;6;0;280,92;97,63;Medium;September;2015;2021
26131;IN-2015-GM1445558-42273;Cumartesi, Eylül 26, 2015;Çarşamba, Eylül 30, 2015;Second Class;GM-1445558;Gary Mitchum;Home Office;;Ranchi;Jharkhand;India;Southern Asia;Asia Pacific;FUR-BO-3630;Furniture;Bookcases;Bush Corner Shelving, Pine;877,38;7;0;394,8;116,78;Medium;September;2015;2021
8610;MX-2015-TB2135518-42270;Çarşamba, Eylül 23, 2015;Cuma, Eylül 25, 2015;First Class;TB-2135518;Todd Boyes;Corporate;;Patrocínio;Minas Gerais;Brazil;South America;LATAM;FUR-BO-5798;Furniture;Bookcases;Safco Stackable Bookrack, Pine;601,32;6;0;246,48;145,065;High;September;2015;2021
25799;IN-2015-VG2180558-42273;Cumartesi, Eylül 26, 2015;Pazartesi, Eylül 28, 2015;Second Class;VG-2180558;Vivek Grady;Corporate;;Thiruvananthapuram;Kerala;India;Southern Asia;Asia Pacific;FUR-BO-3889;Furniture;Bookcases;Dania Classic Bookcase, Metal;2871,54;7;0;57,33;227,14;Medium;September;2015;2021
16213;ES-2015-ME1732064-42253;Pazar, Eylül 06, 2015;Pazar, Eylül 06, 2015;Same Day;ME-1732064;Maria Etezadi;Home Office;;Trento;Trentino-Alto Adige;Italy;Southern Europe;Europe;FUR-BO-5951;Furniture;Bookcases;Sauder Classic Bookcase, Traditional;1307,97;3;0;536,22;236,79;High;September;2015;2021
2399;MX-2015-CS1246093-42259;Cumartesi, Eylül 12, 2015;Pazartesi, Eylül 14, 2015;First Class;CS-1246093;Chuck Sachs;Consumer;;Managua;Managua;Nicaragua;Central America;LATAM;FUR-BO-5940;Furniture;Bookcases;Sauder 3-Shelf Cabinet, Metal;664,56;6;0;6,6;281,743;Critical;September;2015;2021
12449;ES-2015-MS17770139-42275;Pazartesi, Eylül 28, 2015;Perşembe, Ekim 01, 2015;First Class;MS-17770139;Maxwell Schwartz;Consumer;;Burnley;England;United Kingdom;Northern Europe;Europe;FUR-BO-3626;Furniture;Bookcases;Bush Classic Bookcase, Pine;2898,21;7;0;1420,02;393,46;High;September;2015;2021
25795;IN-2015-VG2180558-42273;Cumartesi, Eylül 26, 2015;Pazartesi, Eylül 28, 2015;Second Class;VG-2180558;Vivek Grady;Corporate;;Thiruvananthapuram;Kerala;India;Southern Asia;Asia Pacific;FUR-BO-5951;Furniture;Bookcases;Sauder Classic Bookcase, Traditional;5667,87;13;0;2097,03;658,35;Medium;September;2015;2021
44012;SF-2015-PW9240117-42250;Perşembe, Eylül 03, 2015;Cumartesi, Eylül 05, 2015;Second Class;PW-9240117;Pierre Wener;Consumer;;Durban;Kwazulu-natal;South Africa;Southern Africa;Africa;FUR-BO-5961;Furniture;Bookcases;Sauder Floating Shelf Set, Pine;195,93;1;0;45,06;33,51;High;September;2015;2021
47020;PL-2015-MH7455103-42277;Çarşamba, Eylül 30, 2015;Cuma, Ekim 02, 2015;First Class;MH-7455103;Mark Hamilton;Consumer;;Rybnik;Silesia;Poland;Eastern Europe;Europe;FUR-BO-5971;Furniture;Bookcases;Sauder Stackable Bookrack, Mobile;146,82;1;0;42,57;37,98;High;September;2015;2021
48459;SA-2015-JL5235110-42271;Perşembe, Eylül 24, 2015;Cumartesi, Eylül 26, 2015;Second Class;JL-5235110;Janet Lee;Consumer;;Jeddah;Makkah;Saudi Arabia;Western Asia;Asia Pacific;FUR-BO-3904;Furniture;Bookcases;Dania Library with Doors, Traditional;362,4;1;0;39,84;49,78;High;September;2015;2021
873;MX-2015-OT1873026-42251;Cuma, Eylül 04, 2015;Pazar, Eylül 06, 2015;Second Class;OT-1873026;Olvera Toch;Consumer;;Santiago;Santiago;Chile;South America;LATAM;FUR-BO-5770;Furniture;Bookcases;Safco Corner Shelving, Pine;201,08;2;0;36,16;22,996;Critical;September;2015;2021
20286;ES-2015-JF15565139-42264;Perşembe, Eylül 17, 2015;Pazartesi, Eylül 21, 2015;Second Class;JF-15565139;Jill Fjeld;Consumer;;Preston;England;United Kingdom;Northern Europe;Europe;FUR-BO-5948;Furniture;Bookcases;Sauder Classic Bookcase, Metal;870,9;2;0;130,62;32,32;Medium;September;2015;2021
5474;MX-2015-BG1174039-42251;Cuma, Eylül 04, 2015;Pazartesi, Eylül 07, 2015;First Class;BG-1174039;Bruce Geld;Consumer;;Delgado;San Salvador;El Salvador;Central America;LATAM;FUR-BO-5745;Furniture;Bookcases;Safco 3-Shelf Cabinet, Metal;224,4;2;0;17,92;52,251;High;September;2015;2021
15156;ES-2015-RR1952548-42277;Çarşamba, Eylül 30, 2015;Cuma, Ekim 02, 2015;Second Class;RR-1952548;Rick Reed;Corporate;;Darmstadt;Hesse;Germany;Western Europe;Europe;FUR-FU-6256;Furniture;Furnishings;Tenex Frame, Erganomic;217,2;2;0;71,64;48,94;Critical;September;2015;2021
43844;SF-2015-TT11265117-42275;Pazartesi, Eylül 28, 2015;Perşembe, Ekim 01, 2015;First Class;TT-11265117;Tim Taslimi;Corporate;;Johannesburg;Gauteng;South Africa;Southern Africa;Africa;FUR-FU-3037;Furniture;Furnishings;Advantus Light Bulb, Duo Pack;40,26;2;0;8,04;1,45;Medium;September;2015;2021
30342;IN-2015-SC2057592-42251;Cuma, Eylül 04, 2015;Pazar, Eylül 06, 2015;Second Class;SC-2057592;Sonia Cooley;Consumer;;Wellington;Wellington;New Zealand;Oceania;Asia Pacific;FUR-FU-3066;Furniture;Furnishings;Advantus Stacking Tray, Durable;26,37;1;0;9,75;2,12;Medium;September;2015;2021
50424;MO-2015-BF121586-42252;Cumartesi, Eylül 05, 2015;Pazartesi, Eylül 07, 2015;Second Class;BF-121586;Benjamin Farhat;Home Office;;Kenitra;Gharb-Chrarda-Béni Hssen;Morocco;North Africa;Africa;FUR-FU-3037;Furniture;Furnishings;Advantus Light Bulb, Duo Pack;20,13;1;0;4,02;2,16;High;September;2015;2021
28822;IN-2015-SS2059090-42277;Çarşamba, Eylül 30, 2015;Cuma, Ekim 02, 2015;Second Class;SS-2059090;Sonia Sunley;Consumer;;Kathmandu;Central;Nepal;Southern Asia;Asia Pacific;FUR-FU-4084;Furniture;Furnishings;Eldon Photo Frame, Duo Pack;58,17;1;0;15,69;2,45;Medium;September;2015;2021
47782;SO-2015-SM10005116-42265;Cuma, Eylül 18, 2015;Pazar, Eylül 20, 2015;First Class;SM-10005116;Sally Matthias;Consumer;;Hargeysa;Woqooyi Galbeed;Somalia;Eastern Africa;Africa;FUR-FU-3952;Furniture;Furnishings;Deflect-O Photo Frame, Durable;48,93;1;0;6,84;7,19;High;September;2015;2021
13899;ES-2015-JH1582045-42256;Çarşamba, Eylül 09, 2015;Cuma, Eylül 11, 2015;Second Class;JH-1582045;John Huston;Consumer;;Vitrolles;Provence-Alpes-Côte d'Azur;France;Western Europe;Europe;FUR-FU-5730;Furniture;Furnishings;Rubbermaid Frame, Erganomic;108,51;1;0;40,14;30,56;Critical;September;2015;2021
17831;ES-2015-MT1781548-42276;Salı, Eylül 29, 2015;Çarşamba, Eylül 30, 2015;First Class;MT-1781548;Meg Tillman;Consumer;;Pulheim;North Rhine-Westphalia;Germany;Western Europe;Europe;FUR-FU-3027;Furniture;Furnishings;Advantus Door Stop, Black;135,09;3;0;28,35;9,17;Medium;September;2015;2021
1781;MX-2015-GM1444037-42265;Cuma, Eylül 18, 2015;Cuma, Eylül 18, 2015;Same Day;GM-1444037;Gary McGarr;Consumer;;Quito;Pichincha;Ecuador;South America;LATAM;FUR-FU-4074;Furniture;Furnishings;Eldon Light Bulb, Black;50,4;3;0;14,58;17,61;Critical;September;2015;2021
21721;IN-2015-BE1141027-42249;Çarşamba, Eylül 02, 2015;Çarşamba, Eylül 02, 2015;Same Day;BE-1141027;Bobby Elias;Consumer;;Lianyuan;Hunan;China;Eastern Asia;Asia Pacific;FUR-FU-6258;Furniture;Furnishings;Tenex Light Bulb, Duo Pack;75,96;4;0;6,72;1,45;High;September;2015;2021
42341;SF-2015-DK3225117-42259;Cumartesi, Eylül 12, 2015;Pazar, Eylül 13, 2015;First Class;DK-3225117;Dean Katz;Corporate;;Cape Town;Western Cape;South Africa;Southern Africa;Africa;FUR-FU-4103;Furniture;Furnishings;Eldon Stacking Tray, Durable;228,24;8;0;47,76;18,4;High;September;2015;2021
2801;MX-2015-BB1099018-42276;Salı, Eylül 29, 2015;Cuma, Ekim 02, 2015;Second Class;BB-1099018;Barry Blumstein;Corporate;;Porto Alegre;Rio Grande do Sul;Brazil;South America;LATAM;FUR-FU-3955;Furniture;Furnishings;Deflect-O Stacking Tray, Black;152,1;9;0;53,1;22,455;Critical;September;2015;2021
25453;IN-2015-JL1583527-42258;Cuma, Eylül 11, 2015;Cuma, Eylül 11, 2015;Same Day;JL-1583527;John Lee;Consumer;;Kaiyuan;Liaoning;China;Eastern Asia;Asia Pacific;FUR-FU-6242;Furniture;Furnishings;Tenex Door Stop, Duo Pack;219,75;5;0;35,1;22,74;High;September;2015;2021
22925;IN-2015-BD1177027-42260;Pazar, Eylül 13, 2015;Perşembe, Eylül 17, 2015;Second Class;BD-1177027;Bryan Davis;Consumer;;Hangzhou;Zhejiang;China;Eastern Asia;Asia Pacific;FUR-FU-5736;Furniture;Furnishings;Rubbermaid Photo Frame, Duo Pack;259,05;5;0;124,2;24,27;High;September;2015;2021
50686;MO-2015-LC705086-42249;Çarşamba, Eylül 02, 2015;Perşembe, Eylül 03, 2015;Same Day;LC-705086;Liz Carlisle;Consumer;;Casablanca;Grand Casablanca;Morocco;North Africa;Africa;FUR-FU-5721;Furniture;Furnishings;Rubbermaid Clock, Erganomic;390,24;8;0;195,12;46,45;High;September;2015;2021
27554;IN-2015-HJ1487558-42271;Perşembe, Eylül 24, 2015;Pazar, Eylül 27, 2015;Second Class;HJ-1487558;Heather Jas;Home Office;;Coimbatore;Tamil Nadu;India;Southern Asia;Asia Pacific;FUR-FU-4043;Furniture;Furnishings;Eldon Door Stop, Erganomic;439,02;9;0;105,3;56,01;Critical;September;2015;2021
18736;ES-2015-AR1082545-42270;Çarşamba, Eylül 23, 2015;Cuma, Eylül 25, 2015;First Class;AR-1082545;Anthony Rawles;Corporate;;Rambouillet;Ile-de-France;France;Western Europe;Europe;FUR-FU-3942;Furniture;Furnishings;Deflect-O Frame, Durable;749,49;7;0;307,23;100,47;Medium;September;2015;2021
25037;IN-2015-SC2005027-42270;Çarşamba, Eylül 23, 2015;Cuma, Eylül 25, 2015;Second Class;SC-2005027;Sample Company A;Home Office;;Kaiyuan;Liaoning;China;Eastern Asia;Asia Pacific;FUR-CH-5756;Furniture;Chairs;SAFCO Chairmat, Adjustable;124,62;2;0;19,92;10,59;Medium;September;2015;2021
25454;IN-2015-JL1583527-42258;Cuma, Eylül 11, 2015;Cuma, Eylül 11, 2015;Same Day;JL-1583527;John Lee;Consumer;;Kaiyuan;Liaoning;China;Eastern Asia;Asia Pacific;FUR-CH-5794;Furniture;Chairs;SAFCO Rocking Chair, Black;397,44;3;0;15,84;88,87;High;September;2015;2021
49916;UZ-2015-DK2835142-42262;Salı, Eylül 15, 2015;Cumartesi, Eylül 19, 2015;Second Class;DK-2835142;Damala Kotsonis;Corporate;;Namangan;Namangan;Uzbekistan;Central Asia;Asia Pacific;FUR-CH-5756;Furniture;Chairs;SAFCO Chairmat, Adjustable;62,31;1;0;13,68;5,55;Medium;September;2015;2021
26723;IN-2015-HG1484558-42264;Perşembe, Eylül 17, 2015;Cumartesi, Eylül 19, 2015;Second Class;HG-1484558;Harry Greene;Consumer;;Ajmer;Rajasthan;India;Southern Asia;Asia Pacific;FUR-CH-5367;Furniture;Chairs;Novimex Bag Chairs, Black;87,06;2;0;0,84;15,09;High;September;2015;2021
26722;IN-2015-HG1484558-42264;Perşembe, Eylül 17, 2015;Cumartesi, Eylül 19, 2015;Second Class;HG-1484558;Harry Greene;Consumer;;Ajmer;Rajasthan;India;Southern Asia;Asia Pacific;FUR-CH-5759;Furniture;Chairs;SAFCO Chairmat, Set of Two;310,35;5;0;108,6;40,19;High;September;2015;2021
47096;IR-2015-JC538560-42266;Cumartesi, Eylül 19, 2015;Perşembe, Eylül 24, 2015;Second Class;JC-538560;Jenna Caffey;Consumer;;Kerman;Kerman;Iran;Southern Asia;Asia Pacific;FUR-CH-4656;Furniture;Chairs;Hon Executive Leather Armchair, Red;918,78;2;0;0;112,71;Medium;September;2015;2021
24343;IN-2015-AP1091558-42258;Cuma, Eylül 11, 2015;Cumartesi, Eylül 12, 2015;First Class;AP-1091558;Arthur Prichep;Consumer;;Thane;Maharashtra;India;Southern Asia;Asia Pacific;FUR-CH-5441;Furniture;Chairs;Office Star Executive Leather Armchair, Adjustable;930;2;0;158,1;112,76;Medium;September;2015;2021
23326;IN-2015-RF1984058-42273;Cumartesi, Eylül 26, 2015;Pazartesi, Eylül 28, 2015;First Class;RF-1984058;Roy Französisch;Consumer;;Cuttack;Odisha;India;Southern Asia;Asia Pacific;FUR-CH-5413;Furniture;Chairs;Novimex Swivel Stool, Red;1315,68;8;0;328,8;153,16;High;September;2015;2021
30834;IN-2015-MR175457-42263;Çarşamba, Eylül 16, 2015;Pazar, Eylül 20, 2015;Second Class;MR-175457;Mathew Reese;Home Office;;Wollongong;New South Wales;Australia;Oceania;Asia Pacific;FUR-CH-4656;Furniture;Chairs;Hon Executive Leather Armchair, Red;1837,56;4;0;275,52;240,32;Medium;September;2015;2021
1346;MX-2015-HG1484539-42260;Pazar, Eylül 13, 2015;Cuma, Eylül 18, 2015;Second Class;HG-1484539;Harry Greene;Consumer;;Ilopango;San Salvador;El Salvador;Central America;LATAM;FUR-CH-5802;Furniture;Chairs;SAFCO Steel Folding Chair, Red;114,28;2;0;38,84;13,201;Medium;September;2015;2021
3240;MX-2015-LH1702039-42248;Salı, Eylül 01, 2015;Perşembe, Eylül 03, 2015;Second Class;LH-1702039;Lisa Hazard;Consumer;;Santa Ana;Santa Ana;El Salvador;Central America;LATAM;FUR-CH-5408;Furniture;Chairs;Novimex Steel Folding Chair, Red;219,28;4;0;0;54,571;Critical;September;2015;2021
1344;MX-2015-HG1484539-42260;Pazar, Eylül 13, 2015;Cuma, Eylül 18, 2015;Second Class;HG-1484539;Harry Greene;Consumer;;Ilopango;San Salvador;El Salvador;Central America;LATAM;FUR-CH-4702;Furniture;Chairs;Hon Swivel Stool, Black;1074,8;10;0;290;90,991;Medium;September;2015;2021
282;MX-2015-DH1367539-42260;Pazar, Eylül 13, 2015;Pazar, Eylül 13, 2015;Same Day;DH-1367539;Duane Huffman;Home Office;;Ilopango;San Salvador;El Salvador;Central America;LATAM;FUR-CH-4628;Furniture;Chairs;Hon Bag Chairs, Red;90,3;3;0;3,6;9,522;High;September;2015;2021
6841;MX-2015-KE1642031-42252;Cumartesi, Eylül 05, 2015;Salı, Eylül 08, 2015;Second Class;KE-1642031;Katrina Edelman;Corporate;;Las Tunas;Las Tunas;Cuba;Caribbean;LATAM;FUR-CH-5455;Furniture;Chairs;Office Star Swivel Stool, Black;228,68;2;0;13,72;27,139;Critical;September;2015;2021
4692;MX-2015-VG2180518-42265;Cuma, Eylül 18, 2015;Cuma, Eylül 18, 2015;Same Day;VG-2180518;Vivek Grady;Corporate;;Caucaia;Ceará;Brazil;South America;LATAM;FUR-CH-5805;Furniture;Chairs;SAFCO Swivel Stool, Adjustable;227,24;2;0;6,8;33,762;High;September;2015;2021
44154;CA-2015-YC1189523-42270;Çarşamba, Eylül 23, 2015;Cumartesi, Eylül 26, 2015;First Class;YC-1189523;Yoseph Carroll;Corporate;;Edmonton;Alberta;Canada;Canada;USCA;FUR-CH-4630;Furniture;Chairs;Hon Chairmat, Adjustable;58,02;1;0;13,92;15,29;High;September;2015;2021
46148;EG-2015-CR273038-42266;Cumartesi, Eylül 19, 2015;Pazar, Eylül 20, 2015;First Class;CR-273038;Craig Reiter;Consumer;;Cairo;Al Qahirah;Egypt;North Africa;Africa;FUR-CH-5373;Furniture;Chairs;Novimex Chairmat, Set of Two;117,18;2;0;18,72;1,94;High;September;2015;2021
42958;TZ-2015-MY8295129-42253;Pazar, Eylül 06, 2015;Salı, Eylül 08, 2015;First Class;MY-8295129;Muhammed Yedwab;Corporate;;Dar es Salaam;Dar Es Salaam;Tanzania;Eastern Africa;Africa;FUR-CH-5439;Furniture;Chairs;Office Star Chairmat, Red;65,82;1;0;26,31;12,23;High;September;2015;2021
50425;MO-2015-BF121586-42252;Cumartesi, Eylül 05, 2015;Pazartesi, Eylül 07, 2015;Second Class;BF-121586;Benjamin Farhat;Home Office;;Kenitra;Gharb-Chrarda-Béni Hssen;Morocco;North Africa;Africa;FUR-CH-4681;Furniture;Chairs;Hon Rocking Chair, Adjustable;133,11;1;0;63,87;26,52;High;September;2015;2021
12829;ES-2015-EB141108-42267;Pazar, Eylül 20, 2015;Çarşamba, Eylül 23, 2015;Second Class;EB-141108;Eugene Barchas;Consumer;;Vienna;Vienna;Austria;Western Europe;Europe;FUR-CH-5808;Furniture;Chairs;SAFCO Swivel Stool, Set of Two;680,76;4;0;258,6;74,24;Medium;September;2015;2021
42555;EZ-2015-AG27032-42249;Çarşamba, Eylül 02, 2015;Cuma, Eylül 04, 2015;First Class;AG-27032;Alejandro Grove;Consumer;;Prague;Prague;Czech Republic;Eastern Europe;Europe;FUR-CH-4655;Furniture;Chairs;Hon Executive Leather Armchair, Black;457,14;1;0;169,14;218,96;Critical;September;2015;2021
3692;MX-2015-RF1984082-42259;Cumartesi, Eylül 12, 2015;Pazar, Eylül 13, 2015;Same Day;RF-1984082;Roy Französisch;Consumer;;San Luis Potosí;San Luis Potosí;Mexico;Central America;LATAM;TEC-AC-5874;Technology;Accessories;SanDisk Memory Card, Programmable;227,82;3;0;104,76;2,468;Medium;September;2015;2021
42870;RS-2015-RW9690108-42271;Perşembe, Eylül 24, 2015;Cuma, Eylül 25, 2015;Same Day;RW-9690108;Robert Waldorf;Consumer;;Usol'ye-Sibirskoye;Irkutsk;Russia;Eastern Europe;Europe;TEC-AC-5861;Technology;Accessories;SanDisk Flash Drive, Erganomic;74,7;2;0;1,44;5,15;High;September;2015;2021
6678;MX-2015-SG2060551-42263;Çarşamba, Eylül 16, 2015;Pazar, Eylül 20, 2015;Second Class;SG-2060551;Speros Goranitis;Consumer;;Huehuetenango;Huehuetenango;Guatemala;Central America;LATAM;TEC-AC-5116;Technology;Accessories;Logitech Keyboard, Erganomic;140,52;3;0;2,76;5,728;Medium;September;2015;2021
4438;MX-2015-NR1855082-42273;Cumartesi, Eylül 26, 2015;Çarşamba, Eylül 30, 2015;Second Class;NR-1855082;Nick Radford;Consumer;;Juárez;Chihuahua;Mexico;Central America;LATAM;TEC-AC-5219;Technology;Accessories;Memorex Mouse, USB;132,44;7;0;7,84;10,573;Medium;September;2015;2021
2396;MX-2015-CS1246093-42259;Cumartesi, Eylül 12, 2015;Pazartesi, Eylül 14, 2015;First Class;CS-1246093;Chuck Sachs;Consumer;;Managua;Managua;Nicaragua;Central America;LATAM;TEC-AC-3384;Technology;Accessories;Belkin Keyboard, Bluetooth;55,92;1;0;3,34;13,953;Critical;September;2015;2021
44263;IR-2015-NC841560-42263;Çarşamba, Eylül 16, 2015;Cuma, Eylül 18, 2015;Second Class;NC-841560;Nathan Cano;Consumer;;Tehran;Tehran;Iran;Southern Asia;Asia Pacific;TEC-AC-5129;Technology;Accessories;Logitech Mouse, USB;117,96;4;0;15,24;20,21;High;September;2015;2021
15947;ES-2015-AR1057044-42265;Cuma, Eylül 18, 2015;Pazartesi, Eylül 21, 2015;First Class;AR-1057044;Anemone Ratner;Consumer;;Helsinki;Uusimaa;Finland;Northern Europe;Europe;TEC-AC-3396;Technology;Accessories;Belkin Numeric Keypad, Bluetooth;173,25;3;0;74,43;21,39;Medium;September;2015;2021
28025;IN-2015-WB2185058-42273;Cumartesi, Eylül 26, 2015;Salı, Eylül 29, 2015;First Class;WB-2185058;William Brown;Consumer;;Bhilai;Chhattisgarh;India;Southern Asia;Asia Pacific;TEC-AC-4174;Technology;Accessories;Enermax Mouse, USB;162;4;0;38,88;21,99;Medium;September;2015;2021
18497;ES-2015-DC1328545-42250;Perşembe, Eylül 03, 2015;Pazar, Eylül 06, 2015;First Class;DC-1328545;Debra Catini;Consumer;;Cannes;Provence-Alpes-Côte d'Azur;France;Western Europe;Europe;TEC-AC-5218;Technology;Accessories;Memorex Mouse, Programmable;118,68;4;0;8,28;24,36;Medium;September;2015;2021
44671;RS-2015-KH6360108-42269;Salı, Eylül 22, 2015;Cuma, Eylül 25, 2015;Second Class;KH-6360108;Katherine Hughes;Consumer;;Yaroslavl';Yaroslavl';Russia;Eastern Europe;Europe;TEC-AC-4186;Technology;Accessories;Enermax Router, Erganomic;256,14;1;0;102,45;31,05;High;September;2015;2021
13273;ES-2015-JB16000139-42273;Cumartesi, Eylül 26, 2015;Salı, Eylül 29, 2015;First Class;JB-16000139;Joy Bell-;Consumer;;Portsmouth;England;United Kingdom;Northern Europe;Europe;TEC-AC-5897;Technology;Accessories;SanDisk Router, USB;769,68;3;0;323,19;107,85;Medium;September;2015;2021
46149;EG-2015-CR273038-42266;Cumartesi, Eylül 19, 2015;Pazar, Eylül 20, 2015;First Class;CR-273038;Craig Reiter;Consumer;;Cairo;Al Qahirah;Egypt;North Africa;Africa;TEC-AC-5205;Technology;Accessories;Memorex Memory Card, Programmable;415,08;4;0;58,08;122,41;High;September;2015;2021
12030;ES-2015-HA1490564-42264;Perşembe, Eylül 17, 2015;Cumartesi, Eylül 19, 2015;First Class;HA-1490564;Helen Abelman;Consumer;;Altamura;Apulia;Italy;Southern Europe;Europe;TEC-AC-4166;Technology;Accessories;Enermax Memory Card, USB;802,2;7;0;120,33;136,93;Critical;September;2015;2021
7182;MX-2015-BT1148551-42272;Cuma, Eylül 25, 2015;Salı, Eylül 29, 2015;Second Class;BT-1148551;Brad Thomas;Home Office;;Chinautla;Guatemala;Guatemala;Central America;LATAM;TEC-AC-5218;Technology;Accessories;Memorex Mouse, Programmable;19,78;1;0;0,38;1,797;Medium;September;2015;2021
922;MX-2015-EL1373582-42264;Perşembe, Eylül 17, 2015;Cumartesi, Eylül 19, 2015;First Class;EL-1373582;Ed Ludwig;Home Office;;Santa Catarina;Nuevo León;Mexico;Central America;LATAM;TEC-AC-5100;Technology;Accessories;Logitech Flash Drive, Erganomic;169,92;9;0;69,66;5,33;High;September;2015;2021
1759;MX-2015-NP1868593-42257;Perşembe, Eylül 10, 2015;Pazartesi, Eylül 14, 2015;Second Class;NP-1868593;Nora Pelletier;Home Office;;Tipitapa;Managua;Nicaragua;Central America;LATAM;TEC-AC-5867;Technology;Accessories;SanDisk Keyboard, USB;217,84;4;0;54,4;28,25;High;September;2015;2021
47855;EG-2015-DK283538-42262;Salı, Eylül 15, 2015;Perşembe, Eylül 17, 2015;First Class;DK-283538;Damala Kotsonis;Corporate;;Cairo;Al Qahirah;Egypt;North Africa;Africa;TEC-AC-5200;Technology;Accessories;Memorex Keyboard, Erganomic;138,3;2;0;2,76;30,46;Critical;September;2015;2021
13839;ES-2015-DK13225120-42259;Cumartesi, Eylül 12, 2015;Çarşamba, Eylül 16, 2015;Second Class;DK-13225120;Dean Katz;Corporate;;Vitoria;Basque Country;Spain;Southern Europe;Europe;TEC-AC-3378;Technology;Accessories;Belkin Flash Drive, Bluetooth;293,58;7;0;108,57;25,88;Medium;September;2015;2021
25798;IN-2015-VG2180558-42273;Cumartesi, Eylül 26, 2015;Pazartesi, Eylül 28, 2015;Second Class;VG-2180558;Vivek Grady;Corporate;;Thiruvananthapuram;Kerala;India;Southern Asia;Asia Pacific;TEC-AC-3402;Technology;Accessories;Belkin Router, Bluetooth;258,75;1;0;75,03;27,23;Medium;September;2015;2021
13581;ES-2015-DH1307548-42258;Cuma, Eylül 11, 2015;Pazar, Eylül 13, 2015;Second Class;DH-1307548;Dave Hallsten;Corporate;;Essen;North Rhine-Westphalia;Germany;Western Europe;Europe;TEC-AC-5897;Technology;Accessories;SanDisk Router, USB;513,12;2;0;215,46;62,68;Medium;September;2015;2021
51260;MD-2015-AP91583-42277;Çarşamba, Eylül 30, 2015;Cuma, Ekim 02, 2015;Second Class;AP-91583;Arthur Prichep;Consumer;;Chisinau;Chisinau;Moldova;Eastern Europe;Europe;TEC-PH-5844;Technology;Phones;Samsung Speaker Phone, Full Size;124,53;1;0;29,88;12,37;Medium;September;2015;2021
3883;MX-2015-JF1541551-42256;Çarşamba, Eylül 09, 2015;Pazar, Eylül 13, 2015;Second Class;JF-1541551;Jennifer Ferguson;Consumer;;Mixco;Guatemala;Guatemala;Central America;LATAM;TEC-PH-3785;Technology;Phones;Cisco Audio Dock, Full Size;244,48;2;0;75,76;15,07;Medium;September;2015;2021
45156;IZ-2015-MO795061-42271;Perşembe, Eylül 24, 2015;Cumartesi, Eylül 26, 2015;Second Class;MO-795061;Michael Oakman;Consumer;;Baghdad;Baghdad;Iraq;Western Asia;Asia Pacific;TEC-PH-5812;Technology;Phones;Samsung Audio Dock, Cordless;169,68;1;0;30,54;17,51;High;September;2015;2021
28824;IN-2015-SS2059090-42277;Çarşamba, Eylül 30, 2015;Cuma, Ekim 02, 2015;Second Class;SS-2059090;Sonia Sunley;Consumer;;Kathmandu;Central;Nepal;Southern Asia;Asia Pacific;TEC-PH-3817;Technology;Phones;Cisco Speaker Phone, VoIP;554,28;4;0;77,52;34,89;Medium;September;2015;2021
28825;IN-2015-SS2059090-42277;Çarşamba, Eylül 30, 2015;Cuma, Ekim 02, 2015;Second Class;SS-2059090;Sonia Sunley;Consumer;;Kathmandu;Central;Nepal;Southern Asia;Asia Pacific;TEC-PH-5829;Technology;Phones;Samsung Office Telephone, Cordless;476,49;7;0;47,46;64,96;Medium;September;2015;2021
25650;IN-2015-CC1243078-42269;Salı, Eylül 22, 2015;Cuma, Eylül 25, 2015;Second Class;CC-1243078;Chuck Clark;Home Office;;Kota Kinabalu;Sabah;Malaysia;Southeastern Asia;Asia Pacific;TEC-PH-5261;Technology;Phones;Motorola Office Telephone, VoIP;287,4;4;0;126,36;5,32;Medium;September;2015;2021
43656;CM-2015-KN645022-42276;Salı, Eylül 29, 2015;Pazar, Ekim 04, 2015;Second Class;KN-645022;Kean Nguyen;Corporate;;Foumban;Ouest;Cameroon;Central Africa;Africa;TEC-PH-3133;Technology;Phones;Apple Headset, Full Size;74,55;1;0;12,66;9,83;High;September;2015;2021
49914;UZ-2015-DK2835142-42262;Salı, Eylül 15, 2015;Cumartesi, Eylül 19, 2015;Second Class;DK-2835142;Damala Kotsonis;Corporate;;Namangan;Namangan;Uzbekistan;Central Asia;Asia Pacific;TEC-PH-3144;Technology;Phones;Apple Signal Booster, Full Size;551,76;4;0;27,48;15,55;Medium;September;2015;2021
16597;ES-2015-BF1127596-42264;Perşembe, Eylül 17, 2015;Salı, Eylül 22, 2015;Second Class;BF-1127596;Beth Fritzler;Corporate;;Oslo;Oslo;Norway;Northern Europe;Europe;TEC-PH-5336;Technology;Phones;Nokia Audio Dock, Full Size;840,15;5;0;142,8;23,19;High;September;2015;2021
15457;ES-2015-SM20950139-42248;Salı, Eylül 01, 2015;Cuma, Eylül 04, 2015;Second Class;SM-20950139;Suzanne McNair;Corporate;;Exeter;England;United Kingdom;Northern Europe;Europe;TEC-PH-3815;Technology;Phones;Cisco Speaker Phone, Cordless;565,32;4;0;56,52;33,19;Medium;September;2015;2021
15158;ES-2015-RR1952548-42277;Çarşamba, Eylül 30, 2015;Cuma, Ekim 02, 2015;Second Class;RR-1952548;Rick Reed;Corporate;;Darmstadt;Hesse;Germany;Western Europe;Europe;TEC-PH-5338;Technology;Phones;Nokia Audio Dock, with Caller ID;333,48;2;0;49,98;65,82;Critical;September;2015;2021
1788;MX-2015-SK1999018-42252;Cumartesi, Eylül 05, 2015;Salı, Eylül 08, 2015;First Class;SK-1999018;Sally Knutson;Consumer;;Guanambi;Bahia;Brazil;South America;LATAM;TEC-PH-3133;Technology;Phones;Apple Headset, Full Size;49,7;1;0;22,36;6,202;Medium;September;2015;2021
25729;IN-2015-JK1562558-42249;Çarşamba, Eylül 02, 2015;Cumartesi, Eylül 05, 2015;First Class;JK-1562558;Jim Karlsson;Consumer;;Sangli;Maharashtra;India;Southern Asia;Asia Pacific;TEC-PH-3142;Technology;Phones;Apple Office Telephone, with Caller ID;130,56;2;0;50,88;29,83;High;September;2015;2021
1928;MX-2015-CG1252031-42269;Salı, Eylül 22, 2015;Perşembe, Eylül 24, 2015;First Class;CG-1252031;Claire Gute;Consumer;;Guantánamo;Guantánamo;Cuba;Caribbean;LATAM;TEC-PH-3130;Technology;Phones;Apple Audio Dock, with Caller ID;333,78;3;0;83,4;97,456;High;September;2015;2021
6070;MX-2015-LB1673518-42273;Cumartesi, Eylül 26, 2015;Pazar, Eylül 27, 2015;First Class;LB-1673518;Larry Blacks;Consumer;;Criciúma;Santa Catarina;Brazil;South America;LATAM;TEC-PH-3806;Technology;Phones;Cisco Smart Phone, Full Size;2171,3;5;0;390,8;104,759;High;September;2015;2021
9435;MX-2015-SF2020039-42255;Salı, Eylül 08, 2015;Cuma, Eylül 11, 2015;First Class;SF-2020039;Sarah Foster;Consumer;;Antiguo Cuscatlán;La Libertad;El Salvador;Central America;LATAM;TEC-PH-5355;Technology;Phones;Nokia Smart Phone, Full Size;1274,7;3;0;293,16;290,523;Critical;September;2015;2021
2397;MX-2015-CS1246093-42259;Cumartesi, Eylül 12, 2015;Pazartesi, Eylül 14, 2015;First Class;CS-1246093;Chuck Sachs;Consumer;;Managua;Managua;Nicaragua;Central America;LATAM;TEC-PH-5841;Technology;Phones;Samsung Smart Phone, VoIP;848,32;2;0;110,28;351,067;Critical;September;2015;2021
2398;MX-2015-CS1246093-42259;Cumartesi, Eylül 12, 2015;Pazartesi, Eylül 14, 2015;First Class;CS-1246093;Chuck Sachs;Consumer;;Managua;Managua;Nicaragua;Central America;LATAM;TEC-PH-5354;Technology;Phones;Nokia Smart Phone, Cordless;2120,5;5;0;106;377,704;Critical;September;2015;2021
47783;SO-2015-SM10005116-42265;Cuma, Eylül 18, 2015;Pazar, Eylül 20, 2015;First Class;SM-10005116;Sally Matthias;Consumer;;Hargeysa;Woqooyi Galbeed;Somalia;Eastern Africa;Africa;TEC-PH-5839;Technology;Phones;Samsung Smart Phone, Cordless;3834;6;0;268,38;481,04;High;September;2015;2021
920;MX-2015-EL1373582-42264;Perşembe, Eylül 17, 2015;Cumartesi, Eylül 19, 2015;First Class;EL-1373582;Ed Ludwig;Home Office;;Santa Catarina;Nuevo León;Mexico;Central America;LATAM;TEC-PH-5824;Technology;Phones;Samsung Headset, Cordless;152,1;3;0;42,54;31,861;High;September;2015;2021
24781;IN-2015-MR17545113-42272;Cuma, Eylül 25, 2015;Pazar, Eylül 27, 2015;First Class;MR-17545113;Mathew Reese;Home Office;;Singapore;Singapore;Singapore;Southeastern Asia;Asia Pacific;TEC-PH-5335;Technology;Phones;Nokia Audio Dock, Cordless;339,18;2;0;108,48;52,1;Medium;September;2015;2021
50436;IZ-2015-Dl360061-42258;Cuma, Eylül 11, 2015;Pazar, Eylül 13, 2015;First Class;Dl-360061;Dorris liebe;Corporate;;Baghdad;Baghdad;Iraq;Western Asia;Asia Pacific;TEC-PH-5842;Technology;Phones;Samsung Smart Phone, with Caller ID;636,15;1;0;311,7;101,63;Critical;September;2015;2021
23154;IN-2015-SD2048527-42259;Cumartesi, Eylül 12, 2015;Pazartesi, Eylül 14, 2015;First Class;SD-2048527;Shirley Daniels;Home Office;;Mianyang;Sichuan;China;Eastern Asia;Asia Pacific;TEC-PH-3133;Technology;Phones;Apple Headset, Full Size;447,3;6;0;174,42;140,11;Critical;September;2015;2021
10376;ES-2015-CV12805139-42251;Cuma, Eylül 04, 2015;Pazar, Eylül 06, 2015;First Class;CV-12805139;Cynthia Voltz;Corporate;;Stourbridge;England;United Kingdom;Northern Europe;Europe;TEC-PH-5340;Technology;Phones;Nokia Headset, Full Size;520,8;7;0;10,29;153,11;High;September;2015;2021
7383;MX-2015-EN1378028-42276;Salı, Eylül 29, 2015;Salı, Eylül 29, 2015;Same Day;EN-1378028;Edward Nazzal;Consumer;;Girón;Santander;Colombia;South America;LATAM;TEC-PH-5844;Technology;Phones;Samsung Speaker Phone, Full Size;166,04;2;0;79,68;43,48;Critical;September;2015;2021
4689;MX-2015-VG2180518-42265;Cuma, Eylül 18, 2015;Cuma, Eylül 18, 2015;Same Day;VG-2180518;Vivek Grady;Corporate;;Caucaia;Ceará;Brazil;South America;LATAM;TEC-PH-5358;Technology;Phones;Nokia Speaker Phone, Full Size;580,72;7;0;40,6;119,149;High;September;2015;2021
41460;IR-2015-LP709560-42253;Pazar, Eylül 06, 2015;Cuma, Eylül 11, 2015;Second Class;LP-709560;Liz Preis;Consumer;;Takestan;Qazvin;Iran;Southern Asia;Asia Pacific;TEC-CO-4784;Technology;Copiers;HP Personal Copier, Color;125,73;1;0;27,66;7,6;Medium;September;2015;2021
43767;SA-2015-MB8085110-42277;Çarşamba, Eylül 30, 2015;Cumartesi, Ekim 03, 2015;Second Class;MB-8085110;Mick Brown;Consumer;;Jeddah;Makkah;Saudi Arabia;Western Asia;Asia Pacific;TEC-CO-4777;Technology;Copiers;HP Ink, Color;130,14;1;0;33,81;29,15;Critical;September;2015;2021
23151;IN-2015-SD2048527-42259;Cumartesi, Eylül 12, 2015;Pazartesi, Eylül 14, 2015;First Class;SD-2048527;Shirley Daniels;Home Office;;Mianyang;Sichuan;China;Eastern Asia;Asia Pacific;TEC-CO-4791;Technology;Copiers;HP Wireless Fax, High-Speed;358,41;1;0;114,69;77,14;Critical;September;2015;2021
26284;IN-2015-JH1618058-42277;Çarşamba, Eylül 30, 2015;Cuma, Ekim 02, 2015;Second Class;JH-1618058;Justin Hirsh;Consumer;;Nizamabad;Telangana;India;Southern Asia;Asia Pacific;TEC-CO-4792;Technology;Copiers;HP Wireless Fax, Laser;720,42;2;0;201,66;115,78;Critical;September;2015;2021
28221;IN-2015-MC1763566-42264;Perşembe, Eylül 17, 2015;Pazar, Eylül 20, 2015;Second Class;MC-1763566;Matthew Clasen;Corporate;;Kawaguchi;Chiba;Japan;Eastern Asia;Asia Pacific;TEC-CO-3602;Technology;Copiers;Brother Ink, Laser;1031,1;7;0;133,98;129,83;Critical;September;2015;2021
50621;IR-2015-JF529560-42260;Pazar, Eylül 13, 2015;Çarşamba, Eylül 16, 2015;First Class;JF-529560;Jason Fortune-;Consumer;;Rasht;Gilan;Iran;Southern Asia;Asia Pacific;TEC-CO-6008;Technology;Copiers;Sharp Personal Copier, Laser;960;8;0;57,6;166,89;High;September;2015;2021
30313;IN-2015-NL1831092-42266;Cumartesi, Eylül 19, 2015;Cumartesi, Eylül 19, 2015;Same Day;NL-1831092;Nancy Lomonaco;Home Office;;Christchurch;Canterbury;New Zealand;Oceania;Asia Pacific;TEC-CO-3706;Technology;Copiers;Canon Personal Copier, Laser;856,44;6;0;222,66;268,13;Critical;September;2015;2021
24610;IN-2015-BP11290113-42269;Salı, Eylül 22, 2015;Cuma, Eylül 25, 2015;Second Class;BP-11290113;Beth Paige;Consumer;;Singapore;Singapore;Singapore;Southeastern Asia;Asia Pacific;TEC-CO-4588;Technology;Copiers;Hewlett Personal Copier, High-Speed;1282,23;9;0;12,69;349,88;Critical;September;2015;2021
48360;IR-2015-TG1164060-42265;Cuma, Eylül 18, 2015;Pazartesi, Eylül 21, 2015;First Class;TG-1164060;Trudy Glocke;Consumer;;Behshahr;Mazandaran;Iran;Southern Asia;Asia Pacific;TEC-CO-3678;Technology;Copiers;Canon Copy Machine, Color;2108,64;8;0;527,04;630,97;Critical;September;2015;2021
15728;ES-2015-IG15085120-42263;Çarşamba, Eylül 16, 2015;Pazartesi, Eylül 21, 2015;Second Class;IG-15085120;Ivan Gibson;Consumer;;Granollers;Catalonia;Spain;Southern Europe;Europe;TEC-CO-3598;Technology;Copiers;Brother Fax Machine, Laser;637,08;2;0;261,18;65,39;Medium;September;2015;2021
15760;ES-2015-LO1717048-42255;Salı, Eylül 08, 2015;Pazar, Eylül 13, 2015;Second Class;LO-1717048;Lori Olson;Corporate;;Sindelfingen;Baden-Württemberg;Germany;Western Europe;Europe;TEC-CO-4592;Technology;Copiers;Hewlett Wireless Fax, High-Speed;1513,56;4;0;741,6;130,1;Medium;September;2015;2021
42582;UP-2015-MF8250137-42277;Çarşamba, Eylül 30, 2015;Cuma, Ekim 02, 2015;First Class;MF-8250137;Monica Federle;Corporate;;Dnipropetrovs'k;Dnipropetrovs'k;Ukraine;Eastern Europe;Europe;TEC-CO-4575;Technology;Copiers;Hewlett Fax Machine, Color;321,36;1;0;112,47;49,58;High;September;2015;2021
17551;ES-2015-NF1847548-42248;Salı, Eylül 01, 2015;Salı, Eylül 01, 2015;Same Day;NF-1847548;Neil Französisch;Home Office;;Moers;North Rhine-Westphalia;Germany;Western Europe;Europe;TEC-CO-4574;Technology;Copiers;Hewlett Fax and Copier, Laser;1350,09;7;0;256,41;253,73;Critical;September;2015;2021
17552;ES-2015-NF1847548-42248;Salı, Eylül 01, 2015;Salı, Eylül 01, 2015;Same Day;NF-1847548;Neil Französisch;Home Office;;Moers;North Rhine-Westphalia;Germany;Western Europe;Europe;TEC-CO-3595;Technology;Copiers;Brother Fax Machine, Color;1599,9;5;0;719,85;352,79;Critical;September;2015;2021
42469;EG-2015-LR703538-42263;Çarşamba, Eylül 16, 2015;Cumartesi, Eylül 19, 2015;Second Class;LR-703538;Lisa Ryan;Corporate;;Cairo;Al Qahirah;Egypt;North Africa;Africa;TEC-CO-4775;Technology;Copiers;HP Fax Machine, High-Speed;298,14;1;0;14,88;38,99;Medium;September;2015;2021
41461;IR-2015-LP709560-42253;Pazar, Eylül 06, 2015;Cuma, Eylül 11, 2015;Second Class;LP-709560;Liz Preis;Consumer;;Takestan;Qazvin;Iran;Southern Asia;Asia Pacific;TEC-MA-5567;Technology;Machines;Panasonic Phone, Durable;84,96;1;0;39,06;10,09;Medium;September;2015;2021
46147;EG-2015-CR273038-42266;Cumartesi, Eylül 19, 2015;Pazar, Eylül 20, 2015;First Class;CR-273038;Craig Reiter;Consumer;;Cairo;Al Qahirah;Egypt;North Africa;Africa;TEC-MA-4209;Technology;Machines;Epson Receipt Printer, Durable;117,15;1;0;8,19;21,78;High;September;2015;2021
47019;PL-2015-MH7455103-42277;Çarşamba, Eylül 30, 2015;Cuma, Ekim 02, 2015;First Class;MH-7455103;Mark Hamilton;Consumer;;Rybnik;Silesia;Poland;Eastern Europe;Europe;TEC-MA-4199;Technology;Machines;Epson Inkjet, Wireless;308,34;1;0;33,9;26,14;High;September;2015;2021
49915;UZ-2015-DK2835142-42262;Salı, Eylül 15, 2015;Cumartesi, Eylül 19, 2015;Second Class;DK-2835142;Damala Kotsonis;Corporate;;Namangan;Namangan;Uzbekistan;Central Asia;Asia Pacific;TEC-MA-4201;Technology;Machines;Epson Phone, Durable;162,18;2;0;22,68;20,63;Medium;September;2015;2021
21408;IN-2015-BS1166558-42250;Perşembe, Eylül 03, 2015;Pazar, Eylül 06, 2015;First Class;BS-1166558;Brian Stugart;Consumer;;Bhavnagar;Gujarat;India;Southern Asia;Asia Pacific;TEC-MA-4203;Technology;Machines;Epson Phone, White;476,28;6;0;204,66;109,58;Critical;September;2015;2021
11274;ES-2015-KM1637548-42259;Cumartesi, Eylül 12, 2015;Cumartesi, Eylül 12, 2015;Same Day;KM-1637548;Katherine Murray;Home Office;;Mainz;Rhineland-Palatinate;Germany;Western Europe;Europe;TEC-MA-5547;Technology;Machines;Panasonic Inkjet, Red;927,72;3;0;259,74;175,94;Critical;September;2015;2021
18812;ES-2015-WB21850139-42248;Salı, Eylül 01, 2015;Perşembe, Eylül 03, 2015;Second Class;WB-21850139;William Brown;Consumer;;Bath;England;United Kingdom;Northern Europe;Europe;OFF-SU-4313;Office Supplies;Supplies;Fiskars Ruler, Serrated;11,13;1;0;4,11;1,3;Medium;September;2015;2021
11629;ES-2015-TP21415139-42251;Cuma, Eylül 04, 2015;Pazartesi, Eylül 07, 2015;First Class;TP-21415139;Tom Prescott;Consumer;;Middlesbrough;England;United Kingdom;Northern Europe;Europe;OFF-PA-4475;Office Supplies;Paper;Green Bar Message Books, Multicolor;50,4;2;0;24,18;8,42;Medium;September;2015;2021
12452;ES-2015-MS17770139-42275;Pazartesi, Eylül 28, 2015;Perşembe, Ekim 01, 2015;First Class;MS-17770139;Maxwell Schwartz;Consumer;;Burnley;England;United Kingdom;Northern Europe;Europe;OFF-AR-3489;Office Supplies;Art;Binney & Smith Markers, Easy-Erase;73,08;3;0;29,16;13,47;High;September;2015;2021
15886;ES-2015-TP21415139-42251;Cuma, Eylül 04, 2015;Pazartesi, Eylül 07, 2015;First Class;TP-21415139;Tom Prescott;Consumer;;Hemel Hempstead;England;United Kingdom;Northern Europe;Europe;OFF-AR-6116;Office Supplies;Art;Stanley Markers, Fluorescent;46,92;2;0;15,9;15,48;Critical;September;2015;2021
12451;ES-2015-MS17770139-42275;Pazartesi, Eylül 28, 2015;Perşembe, Ekim 01, 2015;First Class;MS-17770139;Maxwell Schwartz;Consumer;;Burnley;England;United Kingdom;Northern Europe;Europe;OFF-EN-4912;Office Supplies;Envelopes;Jiffy Interoffice Envelope, Set of 50;325,08;7;0;32,34;37,48;High;September;2015;2021
13274;ES-2015-JB16000139-42273;Cumartesi, Eylül 26, 2015;Salı, Eylül 29, 2015;First Class;JB-16000139;Joy Bell-;Consumer;;Portsmouth;England;United Kingdom;Northern Europe;Europe;OFF-SU-2977;Office Supplies;Supplies;Acme Letter Opener, Easy Grip;222,81;7;0;62,37;41,32;Medium;September;2015;2021
12448;ES-2015-MS17770139-42275;Pazartesi, Eylül 28, 2015;Perşembe, Ekim 01, 2015;First Class;MS-17770139;Maxwell Schwartz;Consumer;;Burnley;England;United Kingdom;Northern Europe;Europe;OFF-AR-6105;Office Supplies;Art;Stanley Canvas, Blue;692,58;14;0;110,46;70,06;High;September;2015;2021
16637;ES-2015-SH19975139-42266;Cumartesi, Eylül 19, 2015;Perşembe, Eylül 24, 2015;Second Class;SH-19975139;Sally Hughsby;Corporate;;Harrow;England;United Kingdom;Northern Europe;Europe;OFF-BI-3249;Office Supplies;Binders;Avery Binder Covers, Recycled;11,43;1;0;4,11;1,55;Medium;September;2015;2021
17792;ES-2015-BT11395139-42272;Cuma, Eylül 25, 2015;Çarşamba, Eylül 30, 2015;Second Class;BT-11395139;Bill Tyler;Corporate;;Wolverhampton;England;United Kingdom;Northern Europe;Europe;OFF-BI-2917;Office Supplies;Binders;Acco Index Tab, Clear;16,08;2;0;6,72;1,85;Medium;September;2015;2021
15458;ES-2015-SM20950139-42248;Salı, Eylül 01, 2015;Cuma, Eylül 04, 2015;Second Class;SM-20950139;Suzanne McNair;Corporate;;Exeter;England;United Kingdom;Northern Europe;Europe;OFF-PA-3991;Office Supplies;Paper;Eaton Computer Printout Paper, Multicolor;55,92;2;0;8,34;4,64;Medium;September;2015;2021
18549;ES-2015-MG17875139-42258;Cuma, Eylül 11, 2015;Pazartesi, Eylül 14, 2015;Second Class;MG-17875139;Michael Grace;Home Office;;West Bromwich;England;United Kingdom;Northern Europe;Europe;OFF-ST-4028;Office Supplies;Storage;Eldon Box, Blue;20,52;2;0;5,28;4,82;Critical;September;2015;2021
14050;IT-2015-HM14860139-42259;Cumartesi, Eylül 12, 2015;Salı, Eylül 15, 2015;Second Class;HM-14860139;Harry Marie;Corporate;;Washington;England;United Kingdom;Northern Europe;Europe;OFF-SU-3004;Office Supplies;Supplies;Acme Trimmer, Steel;87,96;2;0;19,32;17,32;Critical;September;2015;2021
14049;IT-2015-HM14860139-42259;Cumartesi, Eylül 12, 2015;Salı, Eylül 15, 2015;Second Class;HM-14860139;Harry Marie;Corporate;;Washington;England;United Kingdom;Northern Europe;Europe;OFF-AR-3484;Office Supplies;Art;Binney & Smith Highlighters, Water Color;118,62;6;0;49,68;34,77;Critical;September;2015;2021
18548;ES-2015-MG17875139-42258;Cuma, Eylül 11, 2015;Pazartesi, Eylül 14, 2015;Second Class;MG-17875139;Michael Grace;Home Office;;West Bromwich;England;United Kingdom;Northern Europe;Europe;OFF-AR-3553;Office Supplies;Art;Boston Sketch Pad, Easy-Erase;244,35;5;0;70,8;35,31;Critical;September;2015;2021
10375;ES-2015-CV12805139-42251;Cuma, Eylül 04, 2015;Pazar, Eylül 06, 2015;First Class;CV-12805139;Cynthia Voltz;Corporate;;Stourbridge;England;United Kingdom;Northern Europe;Europe;OFF-ST-4081;Office Supplies;Storage;Eldon Lockers, Wire Frame;590,94;3;0;118,17;124,48;High;September;2015;2021
15948;ES-2015-AR1057044-42265;Cuma, Eylül 18, 2015;Pazartesi, Eylül 21, 2015;First Class;AR-1057044;Anemone Ratner;Consumer;;Helsinki;Uusimaa;Finland;Northern Europe;Europe;OFF-AR-5932;Office Supplies;Art;Sanford Sketch Pad, Fluorescent;93,48;2;0;43,92;11,36;Medium;September;2015;2021
44085;RS-2015-KF6285108-42256;Çarşamba, Eylül 09, 2015;Cumartesi, Eylül 12, 2015;Second Class;KF-6285108;Karen Ferguson;Home Office;;Ufa;Bashkortostan;Russia;Eastern Europe;Europe;OFF-BI-4812;Office Supplies;Binders;Ibico Binder, Durable;16,98;1;0;0,48;4,47;Critical;September;2015;2021
44086;RS-2015-KF6285108-42256;Çarşamba, Eylül 09, 2015;Cumartesi, Eylül 12, 2015;Second Class;KF-6285108;Karen Ferguson;Home Office;;Ufa;Bashkortostan;Russia;Eastern Europe;Europe;OFF-BI-6381;Office Supplies;Binders;Wilson Jones Binder, Recycled;80,28;6;0;30,42;14,68;Critical;September;2015;2021
44084;RS-2015-KF6285108-42256;Çarşamba, Eylül 09, 2015;Cumartesi, Eylül 12, 2015;Second Class;KF-6285108;Karen Ferguson;Home Office;;Ufa;Bashkortostan;Russia;Eastern Europe;Europe;OFF-BI-3718;Office Supplies;Binders;Cardinal Binder Covers, Economy;144;12;0;5,76;25,04;Critical;September;2015;2021
42778;UP-2015-RE9450137-42253;Pazar, Eylül 06, 2015;Pazartesi, Eylül 07, 2015;First Class;RE-9450137;Richard Eichhorn;Consumer;;Donets'k;Donetsk;Ukraine;Eastern Europe;Europe;OFF-BI-2914;Office Supplies;Binders;Acco Hole Reinforcements, Economy;6,66;1;0;0,57;1,65;High;September;2015;2021
46852;UP-2015-JW5220137-42269;Salı, Eylül 22, 2015;Perşembe, Eylül 24, 2015;First Class;JW-5220137;Jane Waco;Corporate;;Berdyans'k;Zaporizhzhya;Ukraine;Eastern Europe;Europe;OFF-EN-3108;Office Supplies;Envelopes;Ames Peel and Seal, Recycled;17,49;1;0;6,12;2,45;High;September;2015;2021
42581;UP-2015-MF8250137-42277;Çarşamba, Eylül 30, 2015;Cuma, Ekim 02, 2015;First Class;MF-8250137;Monica Federle;Corporate;;Dnipropetrovs'k;Dnipropetrovs'k;Ukraine;Eastern Europe;Europe;OFF-AP-3867;Office Supplies;Appliances;Cuisinart Microwave, White;276,6;1;0;30,42;71,02;High;September;2015;2021
47018;PL-2015-MH7455103-42277;Çarşamba, Eylül 30, 2015;Cuma, Ekim 02, 2015;First Class;MH-7455103;Mark Hamilton;Consumer;;Rybnik;Silesia;Poland;Eastern Europe;Europe;OFF-LA-5377;Office Supplies;Labels;Novimex Color Coded Labels, Laser Printer Compatible;24,84;2;0;5,94;4,36;High;September;2015;2021
51259;MD-2015-AP91583-42277;Çarşamba, Eylül 30, 2015;Cuma, Ekim 02, 2015;Second Class;AP-91583;Arthur Prichep;Consumer;;Chisinau;Chisinau;Moldova;Eastern Europe;Europe;OFF-BI-3293;Office Supplies;Binders;Avery Index Tab, Clear;6,33;1;0;0,24;1,32;Medium;September;2015;2021
41672;EZ-2015-AG39032-42257;Perşembe, Eylül 10, 2015;Pazartesi, Eylül 14, 2015;Second Class;AG-39032;Allen Goldenen;Consumer;;Prague;Prague;Czech Republic;Eastern Europe;Europe;OFF-LA-4543;Office Supplies;Labels;Harbour Creations Removable Labels, Laser Printer Compatible;10,17;1;0;4,56;1,88;Medium;September;2015;2021
45360;BO-2015-DL331513-42266;Cumartesi, Eylül 19, 2015;Pazartesi, Eylül 21, 2015;Second Class;DL-331513;Delfina Latchford;Consumer;;Hrodna;Hrodna;Belarus;Eastern Europe;Europe;OFF-BI-3737;Office Supplies;Binders;Cardinal Index Tab, Clear;6,72;1;0;2,82;2;High;September;2015;2021
42782;RO-2015-GA4515107-42252;Cumartesi, Eylül 05, 2015;Pazar, Eylül 06, 2015;First Class;GA-4515107;George Ashbrook;Consumer;;Deva;Hunedoara;Romania;Eastern Europe;Europe;OFF-AP-4720;Office Supplies;Appliances;Hoover Blender, Silver;194,34;2;0;71,88;4,21;High;September;2015;2021
42781;RO-2015-GA4515107-42252;Cumartesi, Eylül 05, 2015;Pazar, Eylül 06, 2015;First Class;GA-4515107;George Ashbrook;Consumer;;Deva;Hunedoara;Romania;Eastern Europe;Europe;OFF-ST-5688;Office Supplies;Storage;Rogers Box, Single Width;24;1;0;2,88;5,32;High;September;2015;2021
42554;EZ-2015-AG27032-42249;Çarşamba, Eylül 02, 2015;Cuma, Eylül 04, 2015;First Class;AG-27032;Alejandro Grove;Consumer;;Prague;Prague;Czech Republic;Eastern Europe;Europe;OFF-FA-5469;Office Supplies;Fasteners;OIC Paper Clips, Bulk Pack;14,43;1;0;7,05;5,99;Critical;September;2015;2021
42431;RO-2015-AC615107-42277;Çarşamba, Eylül 30, 2015;Çarşamba, Eylül 30, 2015;Same Day;AC-615107;Ann Chong;Corporate;;Craiova;Dolj;Romania;Eastern Europe;Europe;OFF-BI-2897;Office Supplies;Binders;Acco Binder, Economy;60,6;4;0;8,4;8,75;High;September;2015;2021
45359;BO-2015-DL331513-42266;Cumartesi, Eylül 19, 2015;Pazartesi, Eylül 21, 2015;Second Class;DL-331513;Delfina Latchford;Consumer;;Hrodna;Hrodna;Belarus;Eastern Europe;Europe;OFF-AR-3526;Office Supplies;Art;Boston Canvas, Easy-Erase;107,82;2;0;24,78;14,24;High;September;2015;2021
51261;MD-2015-AP91583-42277;Çarşamba, Eylül 30, 2015;Cuma, Ekim 02, 2015;Second Class;AP-91583;Arthur Prichep;Consumer;;Chisinau;Chisinau;Moldova;Eastern Europe;Europe;OFF-BI-2899;Office Supplies;Binders;Acco Binding Machine, Clear;303,3;6;0;33,3;58,22;Medium;September;2015;2021
51100;HR-2015-TS1116030-42264;Perşembe, Eylül 17, 2015;Pazar, Eylül 20, 2015;First Class;TS-1116030;Theresa Swint;Corporate;;Split;Splitsko-Dalmatinska;Croatia;Southern Europe;Europe;OFF-AR-3546;Office Supplies;Art;Boston Pens, Blue;14,22;1;0;0,27;1,31;Medium;September;2015;2021
51098;HR-2015-TS1116030-42264;Perşembe, Eylül 17, 2015;Pazar, Eylül 20, 2015;First Class;TS-1116030;Theresa Swint;Corporate;;Split;Splitsko-Dalmatinska;Croatia;Southern Europe;Europe;OFF-BI-3294;Office Supplies;Binders;Avery Index Tab, Durable;6,69;1;0;1,71;1,72;Medium;September;2015;2021
51097;HR-2015-TS1116030-42264;Perşembe, Eylül 17, 2015;Pazar, Eylül 20, 2015;First Class;TS-1116030;Theresa Swint;Corporate;;Split;Splitsko-Dalmatinska;Croatia;Southern Europe;Europe;OFF-BI-3726;Office Supplies;Binders;Cardinal Binding Machine, Economy;49,77;1;0;13,92;2,01;Medium;September;2015;2021
51099;HR-2015-TS1116030-42264;Perşembe, Eylül 17, 2015;Pazar, Eylül 20, 2015;First Class;TS-1116030;Theresa Swint;Corporate;;Split;Splitsko-Dalmatinska;Croatia;Southern Europe;Europe;OFF-ST-6252;Office Supplies;Storage;Tenex Folders, Wire Frame;22,29;1;0;10,68;4,48;Medium;September;2015;2021
15035;ES-2015-RH19555120-42263;Çarşamba, Eylül 16, 2015;Cuma, Eylül 18, 2015;Second Class;RH-19555120;Ritsa Hightower;Consumer;;Bilbao;Basque Country;Spain;Southern Europe;Europe;OFF-BI-3247;Office Supplies;Binders;Avery Binder Covers, Durable;25,14;2;0;3,24;2,76;High;September;2015;2021
13838;ES-2015-DK13225120-42259;Cumartesi, Eylül 12, 2015;Çarşamba, Eylül 16, 2015;Second Class;DK-13225120;Dean Katz;Corporate;;Vitoria;Basque Country;Spain;Southern Europe;Europe;OFF-SU-4996;Office Supplies;Supplies;Kleencut Trimmer, Steel;81,66;2;0;13,02;6,08;Medium;September;2015;2021
11145;ES-2015-NK18490120-42260;Pazar, Eylül 13, 2015;Pazartesi, Eylül 14, 2015;First Class;NK-18490120;Neil Knudson;Home Office;;Madrid;Madrid;Spain;Southern Europe;Europe;OFF-SU-4124;Office Supplies;Supplies;Elite Ruler, High Speed;82,8;6;0;6,48;7,36;Medium;September;2015;2021
11087;ES-2015-AH10690120-42272;Cuma, Eylül 25, 2015;Çarşamba, Eylül 30, 2015;Second Class;AH-10690120;Anna Häberlin;Corporate;;Elda;Valenciana;Spain;Southern Europe;Europe;OFF-BI-2918;Office Supplies;Binders;Acco Index Tab, Durable;62,58;7;0;13,65;7,6;Medium;September;2015;2021
15726;ES-2015-IG15085120-42263;Çarşamba, Eylül 16, 2015;Pazartesi, Eylül 21, 2015;Second Class;IG-15085120;Ivan Gibson;Consumer;;Granollers;Catalonia;Spain;Southern Europe;Europe;OFF-AR-3532;Office Supplies;Art;Boston Highlighters, Easy-Erase;114,84;6;0;25,2;8,98;Medium;September;2015;2021
18881;ES-2015-PR18880120-42250;Perşembe, Eylül 03, 2015;Cumartesi, Eylül 05, 2015;First Class;PR-18880120;Patrick Ryan;Consumer;;Seville;Andalusía;Spain;Southern Europe;Europe;OFF-AR-5912;Office Supplies;Art;Sanford Highlighters, Fluorescent;34,02;2;0;14,28;10,25;Critical;September;2015;2021
13611;ES-2015-MH1802564-42269;Salı, Eylül 22, 2015;Cuma, Eylül 25, 2015;First Class;MH-1802564;Michelle Huthwaite;Consumer;;Acireale;Sicily;Italy;Southern Europe;Europe;OFF-PA-5851;Office Supplies;Paper;SanDisk Computer Printout Paper, 8.5 x 11;67,86;2;0;7,44;1,29;Medium;September;2015;2021
16631;IT-2015-BF1121564-42256;Çarşamba, Eylül 09, 2015;Pazartesi, Eylül 14, 2015;Second Class;BF-1121564;Benjamin Farhat;Home Office;;Rome;Lazio;Italy;Southern Europe;Europe;OFF-AR-3497;Office Supplies;Art;Binney & Smith Pens, Fluorescent;52,8;4;0;0,96;2,54;Medium;September;2015;2021
10644;IT-2015-JF1556564-42257;Perşembe, Eylül 10, 2015;Pazar, Eylül 13, 2015;First Class;JF-1556564;Jill Fjeld;Consumer;;Milan;Lombardy;Italy;Southern Europe;Europe;OFF-PA-4468;Office Supplies;Paper;Green Bar Computer Printout Paper, Premium;29,76;1;0;12,78;4,81;High;September;2015;2021
16216;ES-2015-ME1732064-42253;Pazar, Eylül 06, 2015;Pazar, Eylül 06, 2015;Same Day;ME-1732064;Maria Etezadi;Home Office;;Trento;Trentino-Alto Adige;Italy;Southern Europe;Europe;OFF-PA-6623;Office Supplies;Paper;Xerox Parchment Paper, Premium;39,78;3;0;12,69;6,64;High;September;2015;2021
14207;ES-2015-TB2152064-42257;Perşembe, Eylül 10, 2015;Salı, Eylül 15, 2015;Second Class;TB-2152064;Tracy Blumstein;Consumer;;Brescia;Lombardy;Italy;Southern Europe;Europe;OFF-BI-3724;Office Supplies;Binders;Cardinal Binding Machine, Clear;98,46;2;0;39,36;12,16;Medium;September;2015;2021
16630;IT-2015-BF1121564-42256;Çarşamba, Eylül 09, 2015;Pazartesi, Eylül 14, 2015;Second Class;BF-1121564;Benjamin Farhat;Home Office;;Rome;Lazio;Italy;Southern Europe;Europe;OFF-AR-6108;Office Supplies;Art;Stanley Canvas, Water Color;157,95;3;0;69,48;15,31;Medium;September;2015;2021
13542;ES-2015-SV2081564-42251;Cuma, Eylül 04, 2015;Pazar, Eylül 06, 2015;Second Class;SV-2081564;Stuart Van;Corporate;;Ravenna;Emilia-Romagna;Italy;Southern Europe;Europe;OFF-BI-2881;Office Supplies;Binders;Acco 3-Hole Punch, Clear;88,74;3;0;15,03;17,06;High;September;2015;2021
13402;ES-2015-BB1099064-42263;Çarşamba, Eylül 16, 2015;Pazar, Eylül 20, 2015;Second Class;BB-1099064;Barry Blumstein;Corporate;;Piacenza;Emilia-Romagna;Italy;Southern Europe;Europe;OFF-AR-3447;Office Supplies;Art;BIC Canvas, Blue;107,4;2;0;8,58;20,02;High;September;2015;2021
17702;ES-2015-AH1019564-42277;Çarşamba, Eylül 30, 2015;Cumartesi, Ekim 03, 2015;Second Class;AH-1019564;Alan Haines;Corporate;;Rome;Lazio;Italy;Southern Europe;Europe;OFF-AR-3460;Office Supplies;Art;BIC Pencil Sharpener, Blue;145,05;5;0;59,4;20,69;High;September;2015;2021
19836;ES-2015-JW1607545-42252;Cumartesi, Eylül 05, 2015;Salı, Eylül 08, 2015;First Class;JW-1607545;Julia West;Consumer;;Saint-Michel-sur-Orge;Ile-de-France;France;Western Europe;Europe;OFF-FA-6207;Office Supplies;Fasteners;Stockwell Thumb Tacks, Bulk Pack;13,14;1;0;3,27;2,28;High;September;2015;2021
18735;ES-2015-AR1082545-42270;Çarşamba, Eylül 23, 2015;Cuma, Eylül 25, 2015;First Class;AR-1082545;Anthony Rawles;Corporate;;Rambouillet;Ile-de-France;France;Western Europe;Europe;OFF-FA-6196;Office Supplies;Fasteners;Stockwell Push Pins, Metal;70,5;5;0;4,2;6,96;Medium;September;2015;2021
14390;ES-2015-GH1441045-42266;Cumartesi, Eylül 19, 2015;Pazartesi, Eylül 21, 2015;Second Class;GH-1441045;Gary Hansen;Home Office;;Antony;Ile-de-France;France;Western Europe;Europe;OFF-BI-6369;Office Supplies;Binders;Wilson Jones 3-Hole Punch, Clear;109,8;4;0;30,72;11,55;High;September;2015;2021
19835;ES-2015-JW1607545-42252;Cumartesi, Eylül 05, 2015;Salı, Eylül 08, 2015;First Class;JW-1607545;Julia West;Consumer;;Saint-Michel-sur-Orge;Ile-de-France;France;Western Europe;Europe;OFF-AR-5911;Office Supplies;Art;Sanford Highlighters, Easy-Erase;48,06;3;0;1,89;15,08;High;September;2015;2021
12446;ES-2015-TH2111545-42262;Salı, Eylül 15, 2015;Pazar, Eylül 20, 2015;Second Class;TH-2111545;Thea Hudgings;Corporate;;Istres;Provence-Alpes-Côte d'Azur;France;Western Europe;Europe;OFF-FA-6193;Office Supplies;Fasteners;Stockwell Push Pins, 12 Pack;26,82;2;0;2,1;2,65;Medium;September;2015;2021
13926;ES-2015-LD1685545-42265;Cuma, Eylül 18, 2015;Cuma, Eylül 18, 2015;Same Day;LD-1685545;Lela Donovan;Corporate;;Saint-Laurent-du-Var;Provence-Alpes-Côte d'Azur;France;Western Europe;Europe;OFF-AR-6120;Office Supplies;Art;Stanley Pencil Sharpener, Water Color;27,96;1;0;1,11;2,9;High;September;2015;2021
18498;ES-2015-DC1328545-42250;Perşembe, Eylül 03, 2015;Pazar, Eylül 06, 2015;First Class;DC-1328545;Debra Catini;Consumer;;Cannes;Provence-Alpes-Côte d'Azur;France;Western Europe;Europe;OFF-AR-3492;Office Supplies;Art;Binney & Smith Pencil Sharpener, Easy-Erase;167,58;6;0;18,36;12,25;Medium;September;2015;2021
13897;ES-2015-JH1582045-42256;Çarşamba, Eylül 09, 2015;Cuma, Eylül 11, 2015;Second Class;JH-1582045;John Huston;Consumer;;Vitrolles;Provence-Alpes-Côte d'Azur;France;Western Europe;Europe;OFF-LA-3313;Office Supplies;Labels;Avery Removable Labels, Laser Printer Compatible;42,96;4;0;8,52;13,4;Critical;September;2015;2021
12273;ES-2015-VG2179045-42259;Cumartesi, Eylül 12, 2015;Pazar, Eylül 13, 2015;First Class;VG-2179045;Vivek Gonzalez;Consumer;;Les Pennes-Mirabeau;Provence-Alpes-Côte d'Azur;France;Western Europe;Europe;OFF-AR-6117;Office Supplies;Art;Stanley Markers, Water Color;126,9;5;0;41,85;26,86;High;September;2015;2021
18750;ES-2015-MG1769545-42263;Çarşamba, Eylül 16, 2015;Çarşamba, Eylül 16, 2015;Same Day;MG-1769545;Maureen Gnade;Consumer;;Epinal;Alsace-Champagne-Ardenne-Lorraine;France;Western Europe;Europe;OFF-BI-3738;Office Supplies;Binders;Cardinal Index Tab, Durable;15,24;2;0;6,84;1,19;Medium;September;2015;2021
12226;ES-2015-ZC2191045-42257;Perşembe, Eylül 10, 2015;Pazar, Eylül 13, 2015;First Class;ZC-2191045;Zuschuss Carroll;Consumer;;Nantes;Pays de la Loire;France;Western Europe;Europe;OFF-BI-4804;Office Supplies;Binders;Ibico 3-Hole Punch, Durable;95,85;3;0;35,46;1,6;Medium;September;2015;2021
18823;ES-2015-RH1960045-42257;Perşembe, Eylül 10, 2015;Salı, Eylül 15, 2015;Second Class;RH-1960045;Rob Haberlin;Consumer;;Lille;Nord-Pas-de-Calais-Picardie;France;Western Europe;Europe;OFF-LA-4662;Office Supplies;Labels;Hon Legal Exhibit Labels, 5000 Label Set;45;4;0;8,04;4,86;High;September;2015;2021
10778;ES-2015-LW1682545-42258;Cuma, Eylül 11, 2015;Cumartesi, Eylül 12, 2015;First Class;LW-1682545;Laurel Workman;Corporate;;Schiltigheim;Alsace-Champagne-Ardenne-Lorraine;France;Western Europe;Europe;OFF-SU-2985;Office Supplies;Supplies;Acme Ruler, High Speed;33,42;2;0;1,32;7,23;High;September;2015;2021
20030;ES-2015-AB1015045-42266;Cumartesi, Eylül 19, 2015;Salı, Eylül 22, 2015;First Class;AB-1015045;Aimee Bixby;Consumer;;Cognac;Aquitaine-Limousin-Poitou-Charentes;France;Western Europe;Europe;OFF-PA-5885;Office Supplies;Paper;SanDisk Note Cards, Multicolor;135,84;4;0;57;38,97;High;September;2015;2021
10779;ES-2015-LW1682545-42258;Cuma, Eylül 11, 2015;Cumartesi, Eylül 12, 2015;First Class;LW-1682545;Laurel Workman;Corporate;;Schiltigheim;Alsace-Champagne-Ardenne-Lorraine;France;Western Europe;Europe;OFF-BI-4818;Office Supplies;Binders;Ibico Binding Machine, Recycled;258,9;5;0;46,5;77,68;High;September;2015;2021
13582;ES-2015-DH1307548-42258;Cuma, Eylül 11, 2015;Pazar, Eylül 13, 2015;Second Class;DH-1307548;Dave Hallsten;Corporate;;Essen;North Rhine-Westphalia;Germany;Western Europe;Europe;OFF-BI-2912;Office Supplies;Binders;Acco Hole Reinforcements, Clear;24,48;4;0;0,96;1,61;Medium;September;2015;2021
17549;ES-2015-NF1847548-42248;Salı, Eylül 01, 2015;Salı, Eylül 01, 2015;Same Day;NF-1847548;Neil Französisch;Home Office;;Moers;North Rhine-Westphalia;Germany;Western Europe;Europe;OFF-FA-6185;Office Supplies;Fasteners;Stockwell Clamps, Assorted Sizes;16,68;1;0;6,33;3,29;Critical;September;2015;2021
14227;IT-2015-JW1522048-42256;Çarşamba, Eylül 09, 2015;Cuma, Eylül 11, 2015;Second Class;JW-1522048;Jane Waco;Corporate;;Herten;North Rhine-Westphalia;Germany;Western Europe;Europe;OFF-BI-2913;Office Supplies;Binders;Acco Hole Reinforcements, Durable;16,32;2;0;7,62;4,34;Critical;September;2015;2021
15920;ES-2015-RD1958548-42265;Cuma, Eylül 18, 2015;Salı, Eylül 22, 2015;Second Class;RD-1958548;Rob Dowd;Consumer;;Willich;North Rhine-Westphalia;Germany;Western Europe;Europe;OFF-BI-3251;Office Supplies;Binders;Avery Binder, Clear;49,44;4;0;4,92;5,49;Medium;September;2015;2021
17550;ES-2015-NF1847548-42248;Salı, Eylül 01, 2015;Salı, Eylül 01, 2015;Same Day;NF-1847548;Neil Französisch;Home Office;;Moers;North Rhine-Westphalia;Germany;Western Europe;Europe;OFF-EN-4439;Office Supplies;Envelopes;GlobeWeis Interoffice Envelope, Recycled;93,24;2;0;27;7,84;Critical;September;2015;2021
17159;ES-2015-JC1610548-42266;Cumartesi, Eylül 19, 2015;Pazartesi, Eylül 21, 2015;Second Class;JC-1610548;Julie Creighton;Corporate;;Duisburg;North Rhine-Westphalia;Germany;Western Europe;Europe;OFF-EN-4913;Office Supplies;Envelopes;Jiffy Interoffice Envelope, with clear poly window;99,96;2;0;46,98;7,99;High;September;2015;2021
13580;ES-2015-DH1307548-42258;Cuma, Eylül 11, 2015;Pazar, Eylül 13, 2015;Second Class;DH-1307548;Dave Hallsten;Corporate;;Essen;North Rhine-Westphalia;Germany;Western Europe;Europe;OFF-AR-6105;Office Supplies;Art;Stanley Canvas, Blue;148,41;3;0;23,67;12,97;Medium;September;2015;2021
16898;ES-2015-RB1946548-42256;Çarşamba, Eylül 09, 2015;Çarşamba, Eylül 09, 2015;Same Day;RB-1946548;Rick Bensley;Home Office;;Witten;North Rhine-Westphalia;Germany;Western Europe;Europe;OFF-AR-3501;Office Supplies;Art;Binney & Smith Sketch Pad, Fluorescent;95,16;2;0;4,74;28,53;Critical;September;2015;2021
18569;ES-2015-JH1582048-42259;Cumartesi, Eylül 12, 2015;Perşembe, Eylül 17, 2015;Second Class;JH-1582048;John Huston;Consumer;;Kassel;Hesse;Germany;Western Europe;Europe;OFF-LA-3317;Office Supplies;Labels;Avery Round Labels, Laser Printer Compatible;21,42;3;0;5,31;2,97;High;September;2015;2021
10833;ES-2015-RR1952548-42258;Cuma, Eylül 11, 2015;Pazartesi, Eylül 14, 2015;First Class;RR-1952548;Rick Reed;Corporate;;Leipzig;Saxony;Germany;Western Europe;Europe;OFF-EN-4919;Office Supplies;Envelopes;Jiffy Manila Envelope, Security-Tint;56,82;2;0;27,84;3,91;Medium;September;2015;2021
11273;ES-2015-KM1637548-42259;Cumartesi, Eylül 12, 2015;Cumartesi, Eylül 12, 2015;Same Day;KM-1637548;Katherine Murray;Home Office;;Mainz;Rhineland-Palatinate;Germany;Western Europe;Europe;OFF-AR-3533;Office Supplies;Art;Boston Highlighters, Fluorescent;60,39;3;0;15,66;10,09;Critical;September;2015;2021
15762;ES-2015-LO1717048-42255;Salı, Eylül 08, 2015;Pazar, Eylül 13, 2015;Second Class;LO-1717048;Lori Olson;Corporate;;Sindelfingen;Baden-Württemberg;Germany;Western Europe;Europe;OFF-BI-2884;Office Supplies;Binders;Acco 3-Hole Punch, Recycled;121,92;4;0;10,92;11;Medium;September;2015;2021
11276;ES-2015-KM1637548-42259;Cumartesi, Eylül 12, 2015;Cumartesi, Eylül 12, 2015;Same Day;KM-1637548;Katherine Murray;Home Office;;Mainz;Rhineland-Palatinate;Germany;Western Europe;Europe;OFF-BI-2893;Office Supplies;Binders;Acco Binder Covers, Economy;39,96;3;0;16,38;11,58;Critical;September;2015;2021
15763;ES-2015-LO1717048-42255;Salı, Eylül 08, 2015;Pazar, Eylül 13, 2015;Second Class;LO-1717048;Lori Olson;Corporate;;Sindelfingen;Baden-Württemberg;Germany;Western Europe;Europe;OFF-AR-3463;Office Supplies;Art;BIC Pencil Sharpener, Water Color;289,71;9;0;109,89;19,66;Medium;September;2015;2021
15157;ES-2015-RR1952548-42277;Çarşamba, Eylül 30, 2015;Cuma, Ekim 02, 2015;Second Class;RR-1952548;Rick Reed;Corporate;;Darmstadt;Hesse;Germany;Western Europe;Europe;OFF-SU-4320;Office Supplies;Supplies;Fiskars Shears, High Speed;285,84;6;0;140,04;21,16;Critical;September;2015;2021
11275;ES-2015-KM1637548-42259;Cumartesi, Eylül 12, 2015;Cumartesi, Eylül 12, 2015;Same Day;KM-1637548;Katherine Murray;Home Office;;Mainz;Rhineland-Palatinate;Germany;Western Europe;Europe;OFF-AR-5903;Office Supplies;Art;Sanford Canvas, Easy-Erase;152,37;3;0;19,8;23,24;Critical;September;2015;2021
12831;ES-2015-EB141108-42267;Pazar, Eylül 20, 2015;Çarşamba, Eylül 23, 2015;Second Class;EB-141108;Eugene Barchas;Consumer;;Vienna;Vienna;Austria;Western Europe;Europe;OFF-EN-4904;Office Supplies;Envelopes;Jiffy Business Envelopes, Security-Tint;31,92;2;0;1,86;1,94;Medium;September;2015;2021
14571;ES-2015-SJ202158-42269;Salı, Eylül 22, 2015;Salı, Eylül 22, 2015;Same Day;SJ-202158;Sarah Jordon;Consumer;;Vienna;Vienna;Austria;Western Europe;Europe;OFF-EN-3671;Office Supplies;Envelopes;Cameo Manila Envelope, Set of 50;54;2;0;4,86;5,17;Critical;September;2015;2021
12830;ES-2015-EB141108-42267;Pazar, Eylül 20, 2015;Çarşamba, Eylül 23, 2015;Second Class;EB-141108;Eugene Barchas;Consumer;;Vienna;Vienna;Austria;Western Europe;Europe;OFF-SU-4325;Office Supplies;Supplies;Fiskars Trimmer, Easy Grip;131,76;3;0;48,69;8,67;Medium;September;2015;2021
14572;ES-2015-SJ202158-42269;Salı, Eylül 22, 2015;Salı, Eylül 22, 2015;Same Day;SJ-202158;Sarah Jordon;Consumer;;Vienna;Vienna;Austria;Western Europe;Europe;OFF-AR-3449;Office Supplies;Art;BIC Canvas, Fluorescent;439,68;8;0;153,84;179,84;Critical;September;2015;2021
12811;ES-2015-LC1693014-42267;Pazar, Eylül 20, 2015;Salı, Eylül 22, 2015;Second Class;LC-1693014;Linda Cazamias;Corporate;;Brussels;Brussels;Belgium;Western Europe;Europe;OFF-SU-2988;Office Supplies;Supplies;Acme Scissors, Easy Grip;108,24;4;0;25,92;33,02;Critical;September;2015;2021
7062;MX-2015-PK1891093-42256;Çarşamba, Eylül 09, 2015;Cumartesi, Eylül 12, 2015;First Class;PK-1891093;Paul Knutson;Home Office;;Managua;Managua;Nicaragua;Central America;LATAM;OFF-BI-6398;Office Supplies;Binders;Wilson Jones Hole Reinforcements, Durable;12,06;3;0;3,48;1,195;Medium;September;2015;2021
7272;MX-2015-KM1672093-42262;Salı, Eylül 15, 2015;Pazar, Eylül 20, 2015;Second Class;KM-1672093;Kunst Miller;Consumer;;Managua;Managua;Nicaragua;Central America;LATAM;OFF-BI-2900;Office Supplies;Binders;Acco Binding Machine, Durable;140,24;4;0;65,84;4,52;Medium;September;2015;2021
2400;MX-2015-CS1246093-42259;Cumartesi, Eylül 12, 2015;Pazartesi, Eylül 14, 2015;First Class;CS-1246093;Chuck Sachs;Consumer;;Managua;Managua;Nicaragua;Central America;LATAM;OFF-BI-3739;Office Supplies;Binders;Cardinal Index Tab, Economy;23,36;4;0;7,44;4,626;Critical;September;2015;2021
8770;MX-2015-PG1882093-42270;Çarşamba, Eylül 23, 2015;Cumartesi, Eylül 26, 2015;Second Class;PG-1882093;Patrick Gardner;Consumer;;Managua;Managua;Nicaragua;Central America;LATAM;OFF-FA-5484;Office Supplies;Fasteners;OIC Thumb Tacks, 12 Pack;27;3;0;1,08;5,021;High;September;2015;2021
1758;MX-2015-NP1868593-42257;Perşembe, Eylül 10, 2015;Pazartesi, Eylül 14, 2015;Second Class;NP-1868593;Nora Pelletier;Home Office;;Tipitapa;Managua;Nicaragua;Central America;LATAM;OFF-BI-4806;Office Supplies;Binders;Ibico 3-Hole Punch, Recycled;41,08;2;0;13,96;5,719;High;September;2015;2021
1760;MX-2015-NP1868593-42257;Perşembe, Eylül 10, 2015;Pazartesi, Eylül 14, 2015;Second Class;NP-1868593;Nora Pelletier;Home Office;;Tipitapa;Managua;Nicaragua;Central America;LATAM;OFF-ST-6283;Office Supplies;Storage;Tenex Trays, Single Width;72,32;2;0;14,44;7,288;High;September;2015;2021
8769;MX-2015-PG1882093-42270;Çarşamba, Eylül 23, 2015;Cumartesi, Eylül 26, 2015;Second Class;PG-1882093;Patrick Gardner;Consumer;;Managua;Managua;Nicaragua;Central America;LATAM;OFF-PA-4143;Office Supplies;Paper;Enermax Cards & Envelopes, 8.5 x 11;204,96;6;0;77,88;14,634;High;September;2015;2021
2072;MX-2015-MC1759093-42264;Perşembe, Eylül 17, 2015;Perşembe, Eylül 17, 2015;Same Day;MC-1759093;Matt Collister;Corporate;;León;León;Nicaragua;Central America;LATAM;OFF-FA-6194;Office Supplies;Fasteners;Stockwell Push Pins, Assorted Sizes;15,76;2;0;2,04;5,368;Critical;September;2015;2021
2071;MX-2015-MC1759093-42264;Perşembe, Eylül 17, 2015;Perşembe, Eylül 17, 2015;Same Day;MC-1759093;Matt Collister;Corporate;;León;León;Nicaragua;Central America;LATAM;OFF-LA-5376;Office Supplies;Labels;Novimex Color Coded Labels, Alphabetical;32,64;4;0;4,56;9,459;Critical;September;2015;2021
2070;MX-2015-MC1759093-42264;Perşembe, Eylül 17, 2015;Perşembe, Eylül 17, 2015;Same Day;MC-1759093;Matt Collister;Corporate;;León;León;Nicaragua;Central America;LATAM;OFF-SU-2967;Office Supplies;Supplies;Acme Box Cutter, Serrated;92;4;0;29,44;27,288;Critical;September;2015;2021
5239;MX-2015-DM1301551-42273;Cumartesi, Eylül 26, 2015;Pazartesi, Eylül 28, 2015;Second Class;DM-1301551;Darrin Martin;Consumer;;Quetzaltenango;Quezaltenango;Guatemala;Central America;LATAM;OFF-LA-5385;Office Supplies;Labels;Novimex File Folder Labels, Laser Printer Compatible;16,5;3;0;0,48;2,034;High;September;2015;2021
9436;MX-2015-SF2020039-42255;Salı, Eylül 08, 2015;Cuma, Eylül 11, 2015;First Class;SF-2020039;Sarah Foster;Consumer;;Antiguo Cuscatlán;La Libertad;El Salvador;Central America;LATAM;OFF-ST-4060;Office Supplies;Storage;Eldon Folders, Blue;22,64;2;0;0;4,601;Critical;September;2015;2021
5238;MX-2015-DM1301551-42273;Cumartesi, Eylül 26, 2015;Pazartesi, Eylül 28, 2015;Second Class;DM-1301551;Darrin Martin;Consumer;;Quetzaltenango;Quezaltenango;Guatemala;Central America;LATAM;OFF-PA-4008;Office Supplies;Paper;Eaton Parchment Paper, Recycled;80,28;9;0;30,42;9,385;High;September;2015;2021
5237;MX-2015-DM1301551-42273;Cumartesi, Eylül 26, 2015;Pazartesi, Eylül 28, 2015;Second Class;DM-1301551;Darrin Martin;Consumer;;Quetzaltenango;Quezaltenango;Guatemala;Central America;LATAM;OFF-PA-5849;Office Supplies;Paper;SanDisk Cards & Envelopes, Premium;129,12;4;0;64,56;20,626;High;September;2015;2021
7181;MX-2015-BT1148551-42272;Cuma, Eylül 25, 2015;Salı, Eylül 29, 2015;Second Class;BT-1148551;Brad Thomas;Home Office;;Chinautla;Guatemala;Guatemala;Central America;LATAM;OFF-FA-6194;Office Supplies;Fasteners;Stockwell Push Pins, Assorted Sizes;31,52;4;0;4,08;1,116;Medium;September;2015;2021
7140;MX-2015-JL1585051-42252;Cumartesi, Eylül 05, 2015;Cumartesi, Eylül 05, 2015;Same Day;JL-1585051;John Lucas;Consumer;;Mixco;Guatemala;Guatemala;Central America;LATAM;OFF-ST-6026;Office Supplies;Storage;Smead Box, Wire Frame;13,12;2;0;4,04;1,817;High;September;2015;2021
3882;MX-2015-JF1541551-42256;Çarşamba, Eylül 09, 2015;Pazar, Eylül 13, 2015;Second Class;JF-1541551;Jennifer Ferguson;Consumer;;Mixco;Guatemala;Guatemala;Central America;LATAM;OFF-BI-2896;Office Supplies;Binders;Acco Binder, Durable;77,7;7;0;38,78;5,683;Medium;September;2015;2021
7363;MX-2015-CR1273051-42262;Salı, Eylül 15, 2015;Çarşamba, Eylül 16, 2015;First Class;CR-1273051;Craig Reiter;Consumer;;Mixco;Guatemala;Guatemala;Central America;LATAM;OFF-AR-3456;Office Supplies;Art;BIC Markers, Blue;35,24;2;0;13,72;13,306;Critical;September;2015;2021
7139;MX-2015-JL1585051-42252;Cumartesi, Eylül 05, 2015;Cumartesi, Eylül 05, 2015;Same Day;JL-1585051;John Lucas;Consumer;;Mixco;Guatemala;Guatemala;Central America;LATAM;OFF-ST-6059;Office Supplies;Storage;Smead Shelving, Single Width;163,2;5;0;50,5;22,567;High;September;2015;2021
1345;MX-2015-HG1484539-42260;Pazar, Eylül 13, 2015;Cuma, Eylül 18, 2015;Second Class;HG-1484539;Harry Greene;Consumer;;Ilopango;San Salvador;El Salvador;Central America;LATAM;OFF-FA-5487;Office Supplies;Fasteners;OIC Thumb Tacks, Metal;18,92;2;0;4,72;1,775;Medium;September;2015;2021
1343;MX-2015-HG1484539-42260;Pazar, Eylül 13, 2015;Cuma, Eylül 18, 2015;Second Class;HG-1484539;Harry Greene;Consumer;;Ilopango;San Salvador;El Salvador;Central America;LATAM;OFF-LA-5404;Office Supplies;Labels;Novimex Shipping Labels, Alphabetical;14,4;2;0;6,6;1,983;Medium;September;2015;2021
3483;MX-2015-VD2167039-42252;Cumartesi, Eylül 05, 2015;Salı, Eylül 08, 2015;First Class;VD-2167039;Valerie Dominguez;Consumer;;Soyapango;San Salvador;El Salvador;Central America;LATAM;OFF-AR-3457;Office Supplies;Art;BIC Markers, Easy-Erase;53,4;3;0;19,74;15,926;Critical;September;2015;2021
4946;MX-2015-MY1738082-42252;Cumartesi, Eylül 05, 2015;Pazartesi, Eylül 07, 2015;First Class;MY-1738082;Maribeth Yedwab;Corporate;;Mexico City;Distrito Federal;Mexico;Central America;LATAM;OFF-BI-2919;Office Supplies;Binders;Acco Index Tab, Economy;40,32;6;0;7,2;4,656;High;September;2015;2021
8731;US-2015-HH1501082-42272;Cuma, Eylül 25, 2015;Pazartesi, Eylül 28, 2015;First Class;HH-1501082;Hilary Holden;Corporate;;Miguel Hidalgo;Distrito Federal;Mexico;Central America;LATAM;OFF-SU-4316;Office Supplies;Supplies;Fiskars Scissors, High Speed;46,32;3;0;6;5,187;High;September;2015;2021
7505;MX-2015-DC1285082-42270;Çarşamba, Eylül 23, 2015;Cuma, Eylül 25, 2015;Second Class;DC-1285082;Dan Campbell;Consumer;;Mexico City;Distrito Federal;Mexico;Central America;LATAM;OFF-ST-5712;Office Supplies;Storage;Rogers Trays, Wire Frame;121,5;3;0;19,44;17,016;High;September;2015;2021
2014;MX-2015-LC1688582-42252;Cumartesi, Eylül 05, 2015;Salı, Eylül 08, 2015;Second Class;LC-1688582;Lena Creighton;Consumer;;Tlaquepaque;Jalisco;Mexico;Central America;LATAM;OFF-AR-6112;Office Supplies;Art;Stanley Highlighters, Fluorescent;10,64;1;0;5,1;1,278;High;September;2015;2021
4435;MX-2015-NR1855082-42273;Cumartesi, Eylül 26, 2015;Çarşamba, Eylül 30, 2015;Second Class;NR-1855082;Nick Radford;Consumer;;Juárez;Chihuahua;Mexico;Central America;LATAM;OFF-PA-4474;Office Supplies;Paper;Green Bar Message Books, 8.5 x 11;55,86;3;0;21,78;1,898;Medium;September;2015;2021
4434;MX-2015-NR1855082-42273;Cumartesi, Eylül 26, 2015;Çarşamba, Eylül 30, 2015;Second Class;NR-1855082;Nick Radford;Consumer;;Juárez;Chihuahua;Mexico;Central America;LATAM;OFF-AR-3484;Office Supplies;Art;Binney & Smith Highlighters, Water Color;26,36;2;0;2,6;2,213;Medium;September;2015;2021
4868;MX-2015-FO1430582-42265;Cuma, Eylül 18, 2015;Pazartesi, Eylül 21, 2015;Second Class;FO-1430582;Frank Olsen;Consumer;;Poza Rica de Hidalgo;Veracruz;Mexico;Central America;LATAM;OFF-AR-5910;Office Supplies;Art;Sanford Highlighters, Blue;42;4;0;15,52;4,281;Medium;September;2015;2021
4437;MX-2015-NR1855082-42273;Cumartesi, Eylül 26, 2015;Çarşamba, Eylül 30, 2015;Second Class;NR-1855082;Nick Radford;Consumer;;Juárez;Chihuahua;Mexico;Central America;LATAM;OFF-AR-3528;Office Supplies;Art;Boston Canvas, Water Color;151,52;4;0;68,16;14,963;Medium;September;2015;2021
4436;MX-2015-NR1855082-42273;Cumartesi, Eylül 26, 2015;Çarşamba, Eylül 30, 2015;Second Class;NR-1855082;Nick Radford;Consumer;;Juárez;Chihuahua;Mexico;Central America;LATAM;OFF-ST-6247;Office Supplies;Storage;Tenex File Cart, Industrial;357,68;4;0;14,24;24,692;Medium;September;2015;2021
7283;MX-2015-PW1924082-42269;Salı, Eylül 22, 2015;Perşembe, Eylül 24, 2015;Second Class;PW-1924082;Pierre Wener;Consumer;;Tuxtla Gutiérrez;Chiapas;Mexico;Central America;LATAM;OFF-FA-6191;Office Supplies;Fasteners;Stockwell Paper Clips, Metal;43,1;5;0;0,8;6,828;High;September;2015;2021
7284;MX-2015-PW1924082-42269;Salı, Eylül 22, 2015;Perşembe, Eylül 24, 2015;Second Class;PW-1924082;Pierre Wener;Consumer;;Tuxtla Gutiérrez;Chiapas;Mexico;Central America;LATAM;OFF-ST-5710;Office Supplies;Storage;Rogers Trays, Industrial;124,32;3;0;12,42;16,641;High;September;2015;2021
6192;MX-2015-MC1784582-42276;Salı, Eylül 29, 2015;Salı, Eylül 29, 2015;Same Day;MC-1784582;Michael Chen;Consumer;;Apodaca;Nuevo León;Mexico;Central America;LATAM;OFF-EN-4905;Office Supplies;Envelopes;Jiffy Business Envelopes, Set of 50;39;3;0;9,36;6,885;High;September;2015;2021
2666;MX-2015-SG2089082-42250;Perşembe, Eylül 03, 2015;Pazar, Eylül 06, 2015;Second Class;SG-2089082;Susan Gilcrest;Corporate;;Delicias;Chihuahua;Mexico;Central America;LATAM;OFF-PA-5852;Office Supplies;Paper;SanDisk Computer Printout Paper, Multicolor;41,6;2;0;3,32;1,869;Medium;September;2015;2021
3630;MX-2015-KC1625582-42259;Cumartesi, Eylül 12, 2015;Salı, Eylül 15, 2015;Second Class;KC-1625582;Karen Carlisle;Corporate;;Frontera;Tabasco;Mexico;Central America;LATAM;OFF-LA-4533;Office Supplies;Labels;Harbour Creations File Folder Labels, 5000 Label Set;30,4;5;0;8,8;3,648;High;September;2015;2021
9454;MX-2015-MH1762082-42265;Cuma, Eylül 18, 2015;Pazar, Eylül 20, 2015;Second Class;MH-1762082;Matt Hagelstein;Corporate;;Fresnillo de González Echeverría;Zacatecas;Mexico;Central America;LATAM;OFF-ST-6033;Office Supplies;Storage;Smead File Cart, Single Width;171,84;2;0;65,28;17,14;High;September;2015;2021
3299;US-2015-SN2056082-42271;Perşembe, Eylül 24, 2015;Cumartesi, Eylül 26, 2015;First Class;SN-2056082;Skye Norling;Home Office;;Puebla;Puebla;Mexico;Central America;LATAM;OFF-LA-5392;Office Supplies;Labels;Novimex Removable Labels, Adjustable;13,68;2;0;0,8;1,487;Medium;September;2015;2021
923;MX-2015-EL1373582-42264;Perşembe, Eylül 17, 2015;Cumartesi, Eylül 19, 2015;First Class;EL-1373582;Ed Ludwig;Home Office;;Santa Catarina;Nuevo León;Mexico;Central America;LATAM;OFF-BI-2897;Office Supplies;Binders;Acco Binder, Economy;30,3;3;0;9,06;3,836;High;September;2015;2021
8799;MX-2015-BT1130582-42276;Salı, Eylül 29, 2015;Salı, Eylül 29, 2015;Same Day;BT-1130582;Beth Thompson;Home Office;;Culiacán;Sinaloa;Mexico;Central America;LATAM;OFF-PA-5877;Office Supplies;Paper;SanDisk Message Books, Multicolor;33,64;2;0;8,4;6,46;Medium;September;2015;2021
924;MX-2015-EL1373582-42264;Perşembe, Eylül 17, 2015;Cumartesi, Eylül 19, 2015;First Class;EL-1373582;Ed Ludwig;Home Office;;Santa Catarina;Nuevo León;Mexico;Central America;LATAM;OFF-ST-6261;Office Supplies;Storage;Tenex Lockers, Blue;408,3;3;0;44,88;91,14;High;September;2015;2021
29410;IN-2015-AB1015027-42255;Salı, Eylül 08, 2015;Çarşamba, Eylül 09, 2015;First Class;AB-1015027;Aimee Bixby;Consumer;;Yuyao;Zhejiang;China;Eastern Asia;Asia Pacific;OFF-AR-3464;Office Supplies;Art;BIC Pens, Blue;42,84;3;0;11,07;4,62;Medium;September;2015;2021
23437;IN-2015-KW1657027-42253;Pazar, Eylül 06, 2015;Cuma, Eylül 11, 2015;Second Class;KW-1657027;Kelly Williams;Consumer;;Chongqing;Chongqing;China;Eastern Asia;Asia Pacific;OFF-SU-4985;Office Supplies;Supplies;Kleencut Scissors, Easy Grip;71,73;3;0;9,27;7,24;Medium;September;2015;2021
24377;IN-2015-BP1123027-42263;Çarşamba, Eylül 16, 2015;Cuma, Eylül 18, 2015;Second Class;BP-1123027;Benjamin Patterson;Consumer;;Chaohu;Anhui;China;Eastern Asia;Asia Pacific;OFF-SU-4986;Office Supplies;Supplies;Kleencut Scissors, High Speed;66,87;3;0;28,71;7,56;High;September;2015;2021
23152;IN-2015-SD2048527-42259;Cumartesi, Eylül 12, 2015;Pazartesi, Eylül 14, 2015;First Class;SD-2048527;Shirley Daniels;Home Office;;Mianyang;Sichuan;China;Eastern Asia;Asia Pacific;OFF-ST-5702;Office Supplies;Storage;Rogers Lockers, Single Width;634,95;3;0;279,36;140,34;Critical;September;2015;2021
24376;IN-2015-BP1123027-42263;Çarşamba, Eylül 16, 2015;Cuma, Eylül 18, 2015;Second Class;BP-1123027;Benjamin Patterson;Consumer;;Chaohu;Anhui;China;Eastern Asia;Asia Pacific;OFF-BI-3736;Office Supplies;Binders;Cardinal Hole Reinforcements, Recycled;11,4;2;0;2,82;1,14;High;September;2015;2021
23153;IN-2015-SD2048527-42259;Cumartesi, Eylül 12, 2015;Pazartesi, Eylül 14, 2015;First Class;SD-2048527;Shirley Daniels;Home Office;;Mianyang;Sichuan;China;Eastern Asia;Asia Pacific;OFF-BI-2915;Office Supplies;Binders;Acco Hole Reinforcements, Recycled;7,02;1;0;0,12;2,21;Critical;September;2015;2021
25035;IN-2015-SC2005027-42270;Çarşamba, Eylül 23, 2015;Cuma, Eylül 25, 2015;Second Class;SC-2005027;Sample Company A;Home Office;;Kaiyuan;Liaoning;China;Eastern Asia;Asia Pacific;OFF-ST-6039;Office Supplies;Storage;Smead Folders, Industrial;125,79;7;0;57,75;14,23;Medium;September;2015;2021
22926;IN-2015-BD1177027-42260;Pazar, Eylül 13, 2015;Perşembe, Eylül 17, 2015;Second Class;BD-1177027;Bryan Davis;Consumer;;Hangzhou;Zhejiang;China;Eastern Asia;Asia Pacific;OFF-AR-6112;Office Supplies;Art;Stanley Highlighters, Fluorescent;63,84;4;0;8,88;16,36;High;September;2015;2021
23438;IN-2015-KW1657027-42253;Pazar, Eylül 06, 2015;Cuma, Eylül 11, 2015;Second Class;KW-1657027;Kelly Williams;Consumer;;Chongqing;Chongqing;China;Eastern Asia;Asia Pacific;OFF-AP-3563;Office Supplies;Appliances;Breville Blender, Black;358,68;4;0;14,28;38,67;Medium;September;2015;2021
21726;IN-2015-ND1837058-42262;Salı, Eylül 15, 2015;Perşembe, Eylül 17, 2015;Second Class;ND-1837058;Natalie DeCherney;Consumer;;Faridabad;Haryana;India;Southern Asia;Asia Pacific;OFF-ST-4284;Office Supplies;Storage;Fellowes Shelving, Single Width;231,48;4;0;30;41,07;High;September;2015;2021
26721;IN-2015-HG1484558-42264;Perşembe, Eylül 17, 2015;Cumartesi, Eylül 19, 2015;Second Class;HG-1484558;Harry Greene;Consumer;;Ajmer;Rajasthan;India;Southern Asia;Asia Pacific;OFF-BI-3257;Office Supplies;Binders;Avery Binding Machine, Economy;244,2;5;0;34,05;41,11;High;September;2015;2021
25796;IN-2015-VG2180558-42273;Cumartesi, Eylül 26, 2015;Pazartesi, Eylül 28, 2015;Second Class;VG-2180558;Vivek Grady;Corporate;;Thiruvananthapuram;Kerala;India;Southern Asia;Asia Pacific;OFF-EN-3104;Office Supplies;Envelopes;Ames Manila Envelope, Recycled;23,49;1;0;1,62;2,36;Medium;September;2015;2021
22040;IN-2015-PS1904558-42272;Cuma, Eylül 25, 2015;Pazar, Eylül 27, 2015;Second Class;PS-1904558;Penelope Sewall;Home Office;;Anantapur;Andhra Pradesh;India;Southern Asia;Asia Pacific;OFF-BI-2891;Office Supplies;Binders;Acco Binder Covers, Clear;38,34;3;0;0;5,27;Critical;September;2015;2021
25797;IN-2015-VG2180558-42273;Cumartesi, Eylül 26, 2015;Pazartesi, Eylül 28, 2015;Second Class;VG-2180558;Vivek Grady;Corporate;;Thiruvananthapuram;Kerala;India;Southern Asia;Asia Pacific;OFF-PA-5847;Office Supplies;Paper;SanDisk Cards & Envelopes, 8.5 x 11;210,24;4;0;10,44;12,66;Medium;September;2015;2021
22041;IN-2015-PS1904558-42272;Cuma, Eylül 25, 2015;Pazar, Eylül 27, 2015;Second Class;PS-1904558;Penelope Sewall;Home Office;;Anantapur;Andhra Pradesh;India;Southern Asia;Asia Pacific;OFF-ST-6047;Office Supplies;Storage;Smead Lockers, Industrial;596,7;3;0;83,52;136,27;Critical;September;2015;2021
23325;IN-2015-RF1984058-42273;Cumartesi, Eylül 26, 2015;Pazartesi, Eylül 28, 2015;First Class;RF-1984058;Roy Französisch;Consumer;;Cuttack;Odisha;India;Southern Asia;Asia Pacific;OFF-BI-2913;Office Supplies;Binders;Acco Hole Reinforcements, Durable;8,16;1;0;1,95;1,38;High;September;2015;2021
23327;IN-2015-RF1984058-42273;Cumartesi, Eylül 26, 2015;Pazartesi, Eylül 28, 2015;First Class;RF-1984058;Roy Französisch;Consumer;;Cuttack;Odisha;India;Southern Asia;Asia Pacific;OFF-BI-6404;Office Supplies;Binders;Wilson Jones Index Tab, Economy;32,25;5;0;11,85;4,94;High;September;2015;2021
20953;IN-2015-BD1132058-42258;Cuma, Eylül 11, 2015;Pazartesi, Eylül 14, 2015;First Class;BD-1132058;Bill Donatelli;Consumer;;Pimpri;Maharashtra;India;Southern Asia;Asia Pacific;OFF-FA-6189;Office Supplies;Fasteners;Stockwell Paper Clips, Assorted Sizes;54,75;5;0;22,35;8,33;Medium;September;2015;2021
21407;IN-2015-BS1166558-42250;Perşembe, Eylül 03, 2015;Pazar, Eylül 06, 2015;First Class;BS-1166558;Brian Stugart;Consumer;;Bhavnagar;Gujarat;India;Southern Asia;Asia Pacific;OFF-EN-5026;Office Supplies;Envelopes;Kraft Clasp Envelope, Security-Tint;79,8;7;0;1,47;19,41;Critical;September;2015;2021
24144;IN-2015-AB1001558-42256;Çarşamba, Eylül 09, 2015;Çarşamba, Eylül 09, 2015;Same Day;AB-1001558;Aaron Bergman;Consumer;;Hubli;Karnataka;India;Southern Asia;Asia Pacific;OFF-BI-3737;Office Supplies;Binders;Cardinal Index Tab, Clear;26,88;4;0;12;6,55;Critical;September;2015;2021
24145;IN-2015-AB1001558-42256;Çarşamba, Eylül 09, 2015;Çarşamba, Eylül 09, 2015;Same Day;AB-1001558;Aaron Bergman;Consumer;;Hubli;Karnataka;India;Southern Asia;Asia Pacific;OFF-BI-6383;Office Supplies;Binders;Wilson Jones Binding Machine, Durable;50,46;1;0;22,68;10,54;Critical;September;2015;2021
47207;IR-2015-CS250560-42249;Çarşamba, Eylül 02, 2015;Cumartesi, Eylül 05, 2015;First Class;CS-250560;Cindy Stewart;Consumer;;Torbat-e Heydariyeh;Razavi Khorasan;Iran;Southern Asia;Asia Pacific;OFF-BI-3251;Office Supplies;Binders;Avery Binder, Clear;12,36;1;0;1,23;2,28;Medium;September;2015;2021
50858;IR-2015-CL256560-42270;Çarşamba, Eylül 23, 2015;Çarşamba, Eylül 23, 2015;Same Day;CL-256560;Clay Ludtke;Consumer;;Kerman;Kerman;Iran;Southern Asia;Asia Pacific;OFF-LA-5376;Office Supplies;Labels;Novimex Color Coded Labels, Alphabetical;12,24;1;0;4,02;4,05;High;September;2015;2021
41368;IR-2015-CA226560-42264;Perşembe, Eylül 17, 2015;Pazar, Eylül 20, 2015;First Class;CA-226560;Christina Anderson;Consumer;;Saveh;Markazi;Iran;Southern Asia;Asia Pacific;OFF-EN-4442;Office Supplies;Envelopes;GlobeWeis Interoffice Envelope, with clear poly window;51,36;1;0;14,37;4,64;Critical;September;2015;2021
42061;IR-2015-BD162060-42252;Cumartesi, Eylül 05, 2015;Pazartesi, Eylül 07, 2015;Second Class;BD-162060;Brian DeCherney;Consumer;;Malayer;Hamadan;Iran;Southern Asia;Asia Pacific;OFF-BI-6378;Office Supplies;Binders;Wilson Jones Binder, Clear;24,96;2;0;1,98;2,62;Medium;September;2015;2021
48305;IR-2015-JF535560-42273;Cumartesi, Eylül 26, 2015;Perşembe, Ekim 01, 2015;Second Class;JF-535560;Jay Fein;Consumer;;Rafsanjan;Kerman;Iran;Southern Asia;Asia Pacific;OFF-BI-3187;Office Supplies;Binders;Avery 3-Hole Punch, Durable;58,74;2;0;20,52;5,99;Medium;September;2015;2021
49220;IR-2015-KS630060-42263;Çarşamba, Eylül 16, 2015;Perşembe, Eylül 17, 2015;First Class;KS-630060;Karen Seio;Corporate;;Khorramabad;Lorestan;Iran;Southern Asia;Asia Pacific;OFF-ST-6272;Office Supplies;Storage;Tenex Shelving, Blue;109,32;2;0;5,46;33,45;Critical;September;2015;2021
41369;IR-2015-CA226560-42264;Perşembe, Eylül 17, 2015;Pazar, Eylül 20, 2015;First Class;CA-226560;Christina Anderson;Consumer;;Saveh;Markazi;Iran;Southern Asia;Asia Pacific;OFF-SU-4993;Office Supplies;Supplies;Kleencut Trimmer, Easy Grip;172,2;4;0;41,28;34,26;Critical;September;2015;2021
41462;IR-2015-LP709560-42253;Pazar, Eylül 06, 2015;Cuma, Eylül 11, 2015;Second Class;LP-709560;Liz Preis;Consumer;;Takestan;Qazvin;Iran;Southern Asia;Asia Pacific;OFF-ST-4259;Office Supplies;Storage;Fellowes File Cart, Single Width;549,36;4;0;0;55,66;Medium;September;2015;2021
48306;IR-2015-JF535560-42273;Cumartesi, Eylül 26, 2015;Perşembe, Ekim 01, 2015;Second Class;JF-535560;Jay Fein;Consumer;;Rafsanjan;Kerman;Iran;Southern Asia;Asia Pacific;OFF-AP-3571;Office Supplies;Appliances;Breville Microwave, Red;603,42;2;0;54,3;83,82;Medium;September;2015;2021
28823;IN-2015-SS2059090-42277;Çarşamba, Eylül 30, 2015;Cuma, Ekim 02, 2015;Second Class;SS-2059090;Sonia Sunley;Consumer;;Kathmandu;Central;Nepal;Southern Asia;Asia Pacific;OFF-FA-6190;Office Supplies;Fasteners;Stockwell Paper Clips, Bulk Pack;14,01;1;0;5,58;1,55;Medium;September;2015;2021
44906;AJ-2015-SH99759-42263;Çarşamba, Eylül 16, 2015;Cuma, Eylül 18, 2015;Second Class;SH-99759;Sally Hughsby;Corporate;;Baku;Baki;Azerbaijan;Western Asia;Asia Pacific;OFF-ST-5697;Office Supplies;Storage;Rogers Folders, Wire Frame;29,76;1;0;3,27;4,28;High;September;2015;2021
47826;LE-2015-BE141071-42264;Perşembe, Eylül 17, 2015;Cuma, Eylül 18, 2015;First Class;BE-141071;Bobby Elias;Consumer;;Beirut;Beirut;Lebanon;Western Asia;Asia Pacific;OFF-LA-5405;Office Supplies;Labels;Novimex Shipping Labels, Laser Printer Compatible;43,92;4;0;19,32;9,29;Medium;September;2015;2021
46521;SA-2015-AS285110-42270;Çarşamba, Eylül 23, 2015;Pazar, Eylül 27, 2015;Second Class;AS-285110;Alejandro Savely;Corporate;;Riyadh;Ar Riyad;Saudi Arabia;Western Asia;Asia Pacific;OFF-AR-5926;Office Supplies;Art;Sanford Pens, Fluorescent;12,36;1;0;3,45;2,04;Medium;September;2015;2021
41543;SA-2015-SW10350110-42263;Çarşamba, Eylül 16, 2015;Cuma, Eylül 18, 2015;First Class;SW-10350110;Sean Wendt;Home Office;;Medina;Al Madinah;Saudi Arabia;Western Asia;Asia Pacific;OFF-BI-3713;Office Supplies;Binders;Cardinal 3-Hole Punch, Durable;60,6;2;0;27,84;3,23;High;September;2015;2021
48458;SA-2015-JL5235110-42271;Perşembe, Eylül 24, 2015;Cumartesi, Eylül 26, 2015;Second Class;JL-5235110;Janet Lee;Consumer;;Jeddah;Makkah;Saudi Arabia;Western Asia;Asia Pacific;OFF-AR-3471;Office Supplies;Art;BIC Sketch Pad, Water Color;51,84;1;0;7,77;6,51;High;September;2015;2021
45155;IZ-2015-MO795061-42271;Perşembe, Eylül 24, 2015;Cumartesi, Eylül 26, 2015;Second Class;MO-795061;Michael Oakman;Consumer;;Baghdad;Baghdad;Iraq;Western Asia;Asia Pacific;OFF-PA-6616;Office Supplies;Paper;Xerox Message Books, Recycled;40,56;2;0;12,54;6,89;High;September;2015;2021
31145;IN-2015-PJ1883592-42266;Cumartesi, Eylül 19, 2015;Perşembe, Eylül 24, 2015;Second Class;PJ-1883592;Patrick Jones;Corporate;;Christchurch;Canterbury;New Zealand;Oceania;Asia Pacific;OFF-EN-5028;Office Supplies;Envelopes;Kraft Clasp Envelope, with clear poly window;25,08;2;0;3,96;1,78;Medium;September;2015;2021
30341;IN-2015-SC2057592-42251;Cuma, Eylül 04, 2015;Pazar, Eylül 06, 2015;Second Class;SC-2057592;Sonia Cooley;Consumer;;Wellington;Wellington;New Zealand;Oceania;Asia Pacific;OFF-BI-2893;Office Supplies;Binders;Acco Binder Covers, Economy;26,64;2;0;3,96;3,28;Medium;September;2015;2021
30311;IN-2015-NL1831092-42266;Cumartesi, Eylül 19, 2015;Cumartesi, Eylül 19, 2015;Same Day;NL-1831092;Nancy Lomonaco;Home Office;;Christchurch;Canterbury;New Zealand;Oceania;Asia Pacific;OFF-EN-3664;Office Supplies;Envelopes;Cameo Interoffice Envelope, with clear poly window;50,97;1;0;6,09;17,67;Critical;September;2015;2021
30314;IN-2015-NL1831092-42266;Cumartesi, Eylül 19, 2015;Cumartesi, Eylül 19, 2015;Same Day;NL-1831092;Nancy Lomonaco;Home Office;;Christchurch;Canterbury;New Zealand;Oceania;Asia Pacific;OFF-EN-3106;Office Supplies;Envelopes;Ames Manila Envelope, Set of 50;148,14;6;0;20,7;33,62;Critical;September;2015;2021
30312;IN-2015-NL1831092-42266;Cumartesi, Eylül 19, 2015;Cumartesi, Eylül 19, 2015;Same Day;NL-1831092;Nancy Lomonaco;Home Office;;Christchurch;Canterbury;New Zealand;Oceania;Asia Pacific;OFF-ST-6046;Office Supplies;Storage;Smead Lockers, Blue;1190,52;6;0;178,56;353,42;Critical;September;2015;2021
24609;IN-2015-BP11290113-42269;Salı, Eylül 22, 2015;Cuma, Eylül 25, 2015;Second Class;BP-11290113;Beth Paige;Consumer;;Singapore;Singapore;Singapore;Southeastern Asia;Asia Pacific;OFF-BI-6398;Office Supplies;Binders;Wilson Jones Hole Reinforcements, Durable;12,06;2;0;0,36;1,19;Critical;September;2015;2021
24782;IN-2015-MR17545113-42272;Cuma, Eylül 25, 2015;Pazar, Eylül 27, 2015;First Class;MR-17545113;Mathew Reese;Home Office;;Singapore;Singapore;Singapore;Southeastern Asia;Asia Pacific;OFF-ST-4030;Office Supplies;Storage;Eldon Box, Single Width;20,58;2;0;8,22;2,99;Medium;September;2015;2021
30879;IN-2015-KA165257-42276;Salı, Eylül 29, 2015;Cuma, Ekim 02, 2015;Second Class;KA-165257;Kelly Andreada;Consumer;;Palmerston;Northern Territory;Australia;Oceania;Asia Pacific;OFF-LA-4555;Office Supplies;Labels;Harbour Creations Shipping Labels, Laser Printer Compatible;68,76;6;0;26,1;6,55;High;September;2015;2021
25651;IN-2015-CC1243078-42269;Salı, Eylül 22, 2015;Cuma, Eylül 25, 2015;Second Class;CC-1243078;Chuck Clark;Home Office;;Kota Kinabalu;Sabah;Malaysia;Southeastern Asia;Asia Pacific;OFF-ST-4259;Office Supplies;Storage;Fellowes File Cart, Single Width;686,7;5;0;343,35;67,9;Medium;September;2015;2021
47166;EG-2015-BD172538-42269;Salı, Eylül 22, 2015;Perşembe, Eylül 24, 2015;Second Class;BD-172538;Bruce Degenhardt;Consumer;;Cairo;Al Qahirah;Egypt;North Africa;Africa;OFF-ST-5686;Office Supplies;Storage;Rogers Box, Blue;23,97;1;0;0,45;1,21;Medium;September;2015;2021
46055;AG-2015-CC22203-42259;Cumartesi, Eylül 12, 2015;Çarşamba, Eylül 16, 2015;Second Class;CC-22203;Chris Cortes;Consumer;;Oran;Oran;Algeria;North Africa;Africa;OFF-BI-4814;Office Supplies;Binders;Ibico Binder, Recycled;15,84;1;0;1,26;2,41;Medium;September;2015;2021
47854;EG-2015-DK283538-42262;Salı, Eylül 15, 2015;Perşembe, Eylül 17, 2015;First Class;DK-283538;Damala Kotsonis;Corporate;;Cairo;Al Qahirah;Egypt;North Africa;Africa;OFF-ST-5705;Office Supplies;Storage;Rogers Shelving, Blue;62,13;1;0;3,09;19,5;Critical;September;2015;2021
46116;CG-2015-MH745533-42262;Salı, Eylül 15, 2015;Çarşamba, Eylül 16, 2015;First Class;MH-745533;Mark Hamilton;Consumer;;Kisangani;Orientale;Democratic Republic of the Congo;Central Africa;Africa;OFF-AR-5913;Office Supplies;Art;Sanford Highlighters, Water Color;18,93;1;0;6,81;1,74;High;September;2015;2021
42261;CG-2015-DJ342033-42255;Salı, Eylül 08, 2015;Cuma, Eylül 11, 2015;First Class;DJ-342033;Denny Joy;Corporate;;Kinshasa;Kinshasa;Democratic Republic of the Congo;Central Africa;Africa;OFF-ST-4267;Office Supplies;Storage;Fellowes Lockers, Industrial;207,81;1;0;91,41;37,65;Medium;September;2015;2021
44010;SF-2015-PW9240117-42250;Perşembe, Eylül 03, 2015;Cumartesi, Eylül 05, 2015;Second Class;PW-9240117;Pierre Wener;Consumer;;Durban;Kwazulu-natal;South Africa;Southern Africa;Africa;OFF-LA-3313;Office Supplies;Labels;Avery Removable Labels, Laser Printer Compatible;10,74;1;0;2,13;1,84;High;September;2015;2021
44008;SF-2015-PW9240117-42250;Perşembe, Eylül 03, 2015;Cumartesi, Eylül 05, 2015;Second Class;PW-9240117;Pierre Wener;Consumer;;Durban;Kwazulu-natal;South Africa;Southern Africa;Africa;OFF-LA-6045;Office Supplies;Labels;Smead Legal Exhibit Labels, Laser Printer Compatible;11,1;1;0;0,66;1,93;High;September;2015;2021
48414;SF-2015-TT11265117-42258;Cuma, Eylül 11, 2015;Pazartesi, Eylül 14, 2015;First Class;TT-11265117;Tim Taslimi;Corporate;;Rustenburg;North-West;South Africa;Southern Africa;Africa;OFF-AR-3488;Office Supplies;Art;Binney & Smith Markers, Blue;24,09;1;0;4,56;4,13;High;September;2015;2021
44007;SF-2015-PW9240117-42250;Perşembe, Eylül 03, 2015;Cumartesi, Eylül 05, 2015;Second Class;PW-9240117;Pierre Wener;Consumer;;Durban;Kwazulu-natal;South Africa;Southern Africa;Africa;OFF-AR-3448;Office Supplies;Art;BIC Canvas, Easy-Erase;53,97;1;0;18,33;4,49;High;September;2015;2021
44011;SF-2015-PW9240117-42250;Perşembe, Eylül 03, 2015;Cumartesi, Eylül 05, 2015;Second Class;PW-9240117;Pierre Wener;Consumer;;Durban;Kwazulu-natal;South Africa;Southern Africa;Africa;OFF-AR-6120;Office Supplies;Art;Stanley Pencil Sharpener, Water Color;25,05;1;0;1,5;5,04;High;September;2015;2021
45677;SF-2015-MN7935117-42262;Salı, Eylül 15, 2015;Salı, Eylül 15, 2015;Same Day;MN-7935117;Michael Nguyen;Consumer;;George;Western Cape;South Africa;Southern Africa;Africa;OFF-AR-3494;Office Supplies;Art;Binney & Smith Pencil Sharpener, Water Color;29,85;1;0;6,84;9,4;Critical;September;2015;2021
45327;TZ-2015-AF870129-42259;Cumartesi, Eylül 12, 2015;Perşembe, Eylül 17, 2015;Second Class;AF-870129;Art Ferguson;Consumer;;Moshi;Kilimanjaro;Tanzania;Eastern Africa;Africa;OFF-BI-3723;Office Supplies;Binders;Cardinal Binder, Recycled;14,19;1;0;2,97;1,17;Medium;September;2015;2021
45697;NG-2015-JC577594-42260;Pazar, Eylül 13, 2015;Pazar, Eylül 13, 2015;Same Day;JC-577594;John Castell;Consumer;;Maradi;Maradi;Niger;Western Africa;Africa;OFF-LA-4535;Office Supplies;Labels;Harbour Creations File Folder Labels, Alphabetical;8,55;1;0;1,11;1,62;High;September;2015;2021
43736;SG-2015-BT1440111-42248;Salı, Eylül 01, 2015;Cuma, Eylül 04, 2015;Second Class;BT-1440111;Bobby Trafton;Consumer;;Dakar;Dakar;Senegal;Western Africa;Africa;OFF-PA-4170;Office Supplies;Paper;Enermax Message Books, Recycled;22,41;1;0;9,84;2,98;High;September;2015;2021
42184;GH-2015-MH744049-42265;Cuma, Eylül 18, 2015;Cuma, Eylül 18, 2015;Same Day;MH-744049;Mark Haberlin;Corporate;;Accra;Greater Accra;Ghana;Western Africa;Africa;OFF-FA-6196;Office Supplies;Fasteners;Stockwell Push Pins, Metal;14,49;1;0;0,12;3,28;Medium;September;2015;2021
50685;MO-2015-LC705086-42249;Çarşamba, Eylül 02, 2015;Perşembe, Eylül 03, 2015;Same Day;LC-705086;Liz Carlisle;Consumer;;Casablanca;Grand Casablanca;Morocco;North Africa;Africa;OFF-BI-4811;Office Supplies;Binders;Ibico Binder, Clear;29,88;2;0;2,64;3,59;High;September;2015;2021
44881;GH-2015-RB933049-42257;Perşembe, Eylül 10, 2015;Pazar, Eylül 13, 2015;First Class;RB-933049;Randy Bradley;Consumer;;Kumasi;Ashanti;Ghana;Western Africa;Africa;OFF-BI-3733;Office Supplies;Binders;Cardinal Hole Reinforcements, Clear;9,6;2;0;4,38;1,86;Medium;September;2015;2021
42959;TZ-2015-MY8295129-42253;Pazar, Eylül 06, 2015;Salı, Eylül 08, 2015;First Class;MY-8295129;Muhammed Yedwab;Corporate;;Dar es Salaam;Dar Es Salaam;Tanzania;Eastern Africa;Africa;OFF-BI-4807;Office Supplies;Binders;Ibico Binder Covers, Clear;26,22;2;0;1,8;2,77;High;September;2015;2021
44009;SF-2015-PW9240117-42250;Perşembe, Eylül 03, 2015;Cumartesi, Eylül 05, 2015;Second Class;PW-9240117;Pierre Wener;Consumer;;Durban;Kwazulu-natal;South Africa;Southern Africa;Africa;OFF-BI-3295;Office Supplies;Binders;Avery Index Tab, Economy;15,66;2;0;6,42;3,18;High;September;2015;2021
45099;AO-2015-LC69304-42258;Cuma, Eylül 11, 2015;Cuma, Eylül 11, 2015;Same Day;LC-69304;Linda Cazamias;Corporate;;Benguela;Benguela;Angola;Central Africa;Africa;OFF-SU-4981;Office Supplies;Supplies;Kleencut Ruler, Easy Grip;30,36;2;0;0,6;3,63;High;September;2015;2021
48276;SG-2015-FG4260111-42259;Cumartesi, Eylül 12, 2015;Salı, Eylül 15, 2015;First Class;FG-4260111;Frank Gastineau;Home Office;;Dakar;Dakar;Senegal;Western Africa;Africa;OFF-PA-4159;Office Supplies;Paper;Enermax Memo Slips, 8.5 x 11;39,6;2;0;0;5,16;High;September;2015;2021
43843;SF-2015-TT11265117-42275;Pazartesi, Eylül 28, 2015;Perşembe, Ekim 01, 2015;First Class;TT-11265117;Tim Taslimi;Corporate;;Johannesburg;Gauteng;South Africa;Southern Africa;Africa;OFF-BI-6400;Office Supplies;Binders;Wilson Jones Hole Reinforcements, Recycled;19,56;4;0;4,68;1,39;Medium;September;2015;2021
50606;MO-2015-JF549086-42270;Çarşamba, Eylül 23, 2015;Cumartesi, Eylül 26, 2015;Second Class;JF-549086;Jeremy Farry;Consumer;;Safi;Doukkala-Abda;Morocco;North Africa;Africa;OFF-ST-5691;Office Supplies;Storage;Rogers File Cart, Blue;562,68;4;0;5,52;67,33;Medium;September;2015;2021
44006;SF-2015-PW9240117-42250;Perşembe, Eylül 03, 2015;Cumartesi, Eylül 05, 2015;Second Class;PW-9240117;Pierre Wener;Consumer;;Durban;Kwazulu-natal;South Africa;Southern Africa;Africa;OFF-BI-6397;Office Supplies;Binders;Wilson Jones Hole Reinforcements, Clear;23,94;6;0;2,52;1,4;High;September;2015;2021
2798;MX-2015-VP2176018-42266;Cumartesi, Eylül 19, 2015;Pazartesi, Eylül 21, 2015;Second Class;VP-2176018;Victoria Pisteka;Corporate;;São Paulo;São Paulo;Brazil;South America;LATAM;OFF-SU-2984;Office Supplies;Supplies;Acme Ruler, Easy Grip;24,44;2;0;6,84;1,488;Medium;September;2015;2021
2796;MX-2015-VP2176018-42266;Cumartesi, Eylül 19, 2015;Pazartesi, Eylül 21, 2015;Second Class;VP-2176018;Victoria Pisteka;Corporate;;São Paulo;São Paulo;Brazil;South America;LATAM;OFF-BI-2919;Office Supplies;Binders;Acco Index Tab, Economy;26,88;4;0;4,8;1,519;Medium;September;2015;2021
8755;MX-2015-HP1481518-42267;Pazar, Eylül 20, 2015;Salı, Eylül 22, 2015;Second Class;HP-1481518;Harold Pawlan;Home Office;;Tupã;São Paulo;Brazil;South America;LATAM;OFF-BI-4807;Office Supplies;Binders;Ibico Binder Covers, Clear;8,74;1;0;2,44;1,869;Critical;September;2015;2021
2797;MX-2015-VP2176018-42266;Cumartesi, Eylül 19, 2015;Pazartesi, Eylül 21, 2015;Second Class;VP-2176018;Victoria Pisteka;Corporate;;São Paulo;São Paulo;Brazil;South America;LATAM;OFF-EN-4904;Office Supplies;Envelopes;Jiffy Business Envelopes, Security-Tint;31,92;3;0;11,46;2,394;Medium;September;2015;2021
8757;MX-2015-HP1481518-42267;Pazar, Eylül 20, 2015;Salı, Eylül 22, 2015;Second Class;HP-1481518;Harold Pawlan;Home Office;;Tupã;São Paulo;Brazil;South America;LATAM;OFF-SU-2987;Office Supplies;Supplies;Acme Ruler, Steel;21,48;2;0;5,36;4,974;Critical;September;2015;2021
8758;MX-2015-HP1481518-42267;Pazar, Eylül 20, 2015;Salı, Eylül 22, 2015;Second Class;HP-1481518;Harold Pawlan;Home Office;;Tupã;São Paulo;Brazil;South America;LATAM;OFF-SU-6161;Office Supplies;Supplies;Stiletto Box Cutter, High Speed;47,96;2;0;15,8;14,051;Critical;September;2015;2021
1793;MX-2015-SK1999018-42252;Cumartesi, Eylül 05, 2015;Salı, Eylül 08, 2015;First Class;SK-1999018;Sally Knutson;Consumer;;Guanambi;Bahia;Brazil;South America;LATAM;OFF-LA-5398;Office Supplies;Labels;Novimex Round Labels, 5000 Label Set;4,44;1;0;0,08;1,481;Medium;September;2015;2021
1789;MX-2015-SK1999018-42252;Cumartesi, Eylül 05, 2015;Salı, Eylül 08, 2015;First Class;SK-1999018;Sally Knutson;Consumer;;Guanambi;Bahia;Brazil;South America;LATAM;OFF-EN-4903;Office Supplies;Envelopes;Jiffy Business Envelopes, Recycled;24,48;2;0;1,68;4,4;Medium;September;2015;2021
1792;MX-2015-SK1999018-42252;Cumartesi, Eylül 05, 2015;Salı, Eylül 08, 2015;First Class;SK-1999018;Sally Knutson;Consumer;;Guanambi;Bahia;Brazil;South America;LATAM;OFF-AR-3464;Office Supplies;Art;BIC Pens, Blue;57,12;6;0;0,48;14,434;Medium;September;2015;2021
1791;MX-2015-SK1999018-42252;Cumartesi, Eylül 05, 2015;Salı, Eylül 08, 2015;First Class;SK-1999018;Sally Knutson;Consumer;;Guanambi;Bahia;Brazil;South America;LATAM;OFF-AR-6127;Office Supplies;Art;Stanley Sketch Pad, Fluorescent;274,14;9;0;106,74;48,233;Medium;September;2015;2021
9309;MX-2015-SL2015518-42258;Cuma, Eylül 11, 2015;Cumartesi, Eylül 12, 2015;First Class;SL-2015518;Sara Luxemburg;Home Office;;Vespasiano;Minas Gerais;Brazil;South America;LATAM;OFF-LA-5403;Office Supplies;Labels;Novimex Shipping Labels, Adjustable;5,92;1;0;0,04;1,023;High;September;2015;2021
4687;MX-2015-VG2180518-42265;Cuma, Eylül 18, 2015;Cuma, Eylül 18, 2015;Same Day;VG-2180518;Vivek Grady;Corporate;;Caucaia;Ceará;Brazil;South America;LATAM;OFF-BI-6400;Office Supplies;Binders;Wilson Jones Hole Reinforcements, Recycled;3,26;1;0;0,88;1,351;High;September;2015;2021
6242;MX-2015-BP1105018-42270;Çarşamba, Eylül 23, 2015;Perşembe, Eylül 24, 2015;Same Day;BP-1105018;Barry Pond;Corporate;;Recife;Pernambuco;Brazil;South America;LATAM;OFF-AR-6113;Office Supplies;Art;Stanley Highlighters, Water Color;59,6;5;0;16;1,486;Medium;September;2015;2021
3541;MX-2015-DV1304518-42248;Salı, Eylül 01, 2015;Perşembe, Eylül 03, 2015;Second Class;DV-1304518;Darrin Van Huff;Corporate;;Caxias do Sul;Rio Grande do Sul;Brazil;South America;LATAM;OFF-FA-6198;Office Supplies;Fasteners;Stockwell Rubber Bands, Assorted Sizes;9,06;1;0;0,44;1,735;Medium;September;2015;2021
3540;MX-2015-DV1304518-42248;Salı, Eylül 01, 2015;Perşembe, Eylül 03, 2015;Second Class;DV-1304518;Darrin Van Huff;Corporate;;Caxias do Sul;Rio Grande do Sul;Brazil;South America;LATAM;OFF-BI-2914;Office Supplies;Binders;Acco Hole Reinforcements, Economy;31,08;7;0;5,18;2,832;Medium;September;2015;2021
8611;MX-2015-TB2135518-42270;Çarşamba, Eylül 23, 2015;Cuma, Eylül 25, 2015;First Class;TB-2135518;Todd Boyes;Corporate;;Patrocínio;Minas Gerais;Brazil;South America;LATAM;OFF-AR-3540;Office Supplies;Art;Boston Markers, Water Color;19,7;1;0;6,88;2,887;High;September;2015;2021
4686;MX-2015-VG2180518-42265;Cuma, Eylül 18, 2015;Cuma, Eylül 18, 2015;Same Day;VG-2180518;Vivek Grady;Corporate;;Caucaia;Ceará;Brazil;South America;LATAM;OFF-AR-3465;Office Supplies;Art;BIC Pens, Easy-Erase;29,1;3;0;0,84;4,649;High;September;2015;2021
4690;MX-2015-VG2180518-42265;Cuma, Eylül 18, 2015;Cuma, Eylül 18, 2015;Same Day;VG-2180518;Vivek Grady;Corporate;;Caucaia;Ceará;Brazil;South America;LATAM;OFF-EN-4448;Office Supplies;Envelopes;GlobeWeis Manila Envelope, Security-Tint;39,72;2;0;13,08;5,434;High;September;2015;2021
9310;MX-2015-SL2015518-42258;Cuma, Eylül 11, 2015;Cumartesi, Eylül 12, 2015;First Class;SL-2015518;Sara Luxemburg;Home Office;;Vespasiano;Minas Gerais;Brazil;South America;LATAM;OFF-SU-2980;Office Supplies;Supplies;Acme Letter Opener, Steel;39,48;2;0;15,36;7,485;High;September;2015;2021
4688;MX-2015-VG2180518-42265;Cuma, Eylül 18, 2015;Cuma, Eylül 18, 2015;Same Day;VG-2180518;Vivek Grady;Corporate;;Caucaia;Ceará;Brazil;South America;LATAM;OFF-PA-5884;Office Supplies;Paper;SanDisk Note Cards, 8.5 x 11;79,28;4;0;21,36;7,735;High;September;2015;2021
6241;MX-2015-BP1105018-42270;Çarşamba, Eylül 23, 2015;Perşembe, Eylül 24, 2015;Same Day;BP-1105018;Barry Pond;Corporate;;Recife;Pernambuco;Brazil;South America;LATAM;OFF-EN-5044;Office Supplies;Envelopes;Kraft Peel and Seal, with clear poly window;96,12;6;0;32,64;8,075;Medium;September;2015;2021
4691;MX-2015-VG2180518-42265;Cuma, Eylül 18, 2015;Cuma, Eylül 18, 2015;Same Day;VG-2180518;Vivek Grady;Corporate;;Caucaia;Ceará;Brazil;South America;LATAM;OFF-BI-3727;Office Supplies;Binders;Cardinal Binding Machine, Recycled;434,46;13;0;182,26;56,542;High;September;2015;2021
1776;MX-2015-GM1444037-42265;Cuma, Eylül 18, 2015;Cuma, Eylül 18, 2015;Same Day;GM-1444037;Gary McGarr;Consumer;;Quito;Pichincha;Ecuador;South America;LATAM;OFF-AR-3466;Office Supplies;Art;BIC Pens, Fluorescent;20,72;2;0;4,12;5,204;Critical;September;2015;2021
1778;MX-2015-GM1444037-42265;Cuma, Eylül 18, 2015;Cuma, Eylül 18, 2015;Same Day;GM-1444037;Gary McGarr;Consumer;;Quito;Pichincha;Ecuador;South America;LATAM;OFF-BI-4808;Office Supplies;Binders;Ibico Binder Covers, Durable;40,4;4;0;2,8;8,347;Critical;September;2015;2021
1782;MX-2015-GM1444037-42265;Cuma, Eylül 18, 2015;Cuma, Eylül 18, 2015;Same Day;GM-1444037;Gary McGarr;Consumer;;Quito;Pichincha;Ecuador;South America;LATAM;OFF-BI-3713;Office Supplies;Binders;Cardinal 3-Hole Punch, Durable;20,2;1;0;4,64;8,654;Critical;September;2015;2021
1780;MX-2015-GM1444037-42265;Cuma, Eylül 18, 2015;Cuma, Eylül 18, 2015;Same Day;GM-1444037;Gary McGarr;Consumer;;Quito;Pichincha;Ecuador;South America;LATAM;OFF-ST-4253;Office Supplies;Storage;Fellowes Box, Wire Frame;37,5;3;0;16,08;9,948;Critical;September;2015;2021
2710;MX-2015-RB1957026-42271;Perşembe, Eylül 24, 2015;Pazar, Eylül 27, 2015;First Class;RB-1957026;Rob Beeghly;Consumer;;Puerto Montt;Los Lagos;Chile;South America;LATAM;OFF-SU-4137;Office Supplies;Supplies;Elite Trimmer, Serrated;127,9;5;0;47,3;37,417;High;September;2015;2021
4037;MX-2015-BE1133528-42263;Çarşamba, Eylül 16, 2015;Cumartesi, Eylül 19, 2015;First Class;BE-1133528;Bill Eplett;Home Office;;Bucaramanga;Santander;Colombia;South America;LATAM;OFF-ST-6026;Office Supplies;Storage;Smead Box, Wire Frame;19,68;3;0;6,06;2,38;Medium;September;2015;2021
4038;MX-2015-BE1133528-42263;Çarşamba, Eylül 16, 2015;Cumartesi, Eylül 19, 2015;First Class;BE-1133528;Bill Eplett;Home Office;;Bucaramanga;Santander;Colombia;South America;LATAM;OFF-BI-4807;Office Supplies;Binders;Ibico Binder Covers, Clear;52,44;6;0;14,64;3,474;Medium;September;2015;2021
2681;MX-2015-JE1574531-42255;Salı, Eylül 08, 2015;Cumartesi, Eylül 12, 2015;Second Class;JE-1574531;Joel Eaton;Consumer;;Camagüey;Camagüey;Cuba;Caribbean;LATAM;OFF-LA-5385;Office Supplies;Labels;Novimex File Folder Labels, Laser Printer Compatible;11;2;0;0,32;2,325;High;September;2015;2021
6844;MX-2015-KE1642031-42252;Cumartesi, Eylül 05, 2015;Salı, Eylül 08, 2015;Second Class;KE-1642031;Katrina Edelman;Corporate;;Las Tunas;Las Tunas;Cuba;Caribbean;LATAM;OFF-BI-3251;Office Supplies;Binders;Avery Binder, Clear;41,2;5;0;8,6;6,796;Critical;September;2015;2021
6840;MX-2015-KE1642031-42252;Cumartesi, Eylül 05, 2015;Salı, Eylül 08, 2015;Second Class;KE-1642031;Katrina Edelman;Corporate;;Las Tunas;Las Tunas;Cuba;Caribbean;LATAM;OFF-FA-2959;Office Supplies;Fasteners;Accos Thumb Tacks, 12 Pack;69,92;8;0;0;11,222;Critical;September;2015;2021
6843;MX-2015-KE1642031-42252;Cumartesi, Eylül 05, 2015;Salı, Eylül 08, 2015;Second Class;KE-1642031;Katrina Edelman;Corporate;;Las Tunas;Las Tunas;Cuba;Caribbean;LATAM;OFF-SU-4985;Office Supplies;Supplies;Kleencut Scissors, Easy Grip;47,82;3;0;12,42;15,723;Critical;September;2015;2021
2582;MX-2015-CM1193531-42264;Perşembe, Eylül 17, 2015;Cumartesi, Eylül 19, 2015;Second Class;CM-1193531;Carlos Meador;Consumer;;Bayamo;Granma;Cuba;Caribbean;LATAM;OFF-AP-4505;Office Supplies;Appliances;Hamilton Beach Stove, Black;722,36;2;0;50,56;197,659;Critical;September;2015;2021
3319;MX-2015-AB1016531-42255;Salı, Eylül 08, 2015;Perşembe, Eylül 10, 2015;First Class;AB-1016531;Alan Barnes;Consumer;;Cienfuegos;Cienfuegos;Cuba;Caribbean;LATAM;OFF-PA-6623;Office Supplies;Paper;Xerox Parchment Paper, Premium;8,84;1;0;1,76;2,633;Critical;September;2015;2021
1927;MX-2015-CG1252031-42269;Salı, Eylül 22, 2015;Perşembe, Eylül 24, 2015;First Class;CG-1252031;Claire Gute;Consumer;;Guantánamo;Guantánamo;Cuba;Caribbean;LATAM;OFF-PA-6609;Office Supplies;Paper;Xerox Memo Slips, 8.5 x 11;35,34;3;0;9,18;7,22;High;September;2015;2021
255;MX-2015-LW1699031-42273;Cumartesi, Eylül 26, 2015;Pazartesi, Eylül 28, 2015;First Class;LW-1699031;Lindsay Williams;Corporate;;Pinar del Río;Pinar del Río;Cuba;Caribbean;LATAM;OFF-ST-5693;Office Supplies;Storage;Rogers File Cart, Single Width;188,84;2;0;41,52;16,687;High;September;2015;2021
1926;MX-2015-CG1252031-42269;Salı, Eylül 22, 2015;Perşembe, Eylül 24, 2015;First Class;CG-1252031;Claire Gute;Consumer;;Guantánamo;Guantánamo;Cuba;Caribbean;LATAM;OFF-AR-3468;Office Supplies;Art;BIC Sketch Pad, Blue;227,08;7;0;43,12;51,694;High;September;2015;2021
44155;CA-2015-YC1189523-42270;Çarşamba, Eylül 23, 2015;Cumartesi, Eylül 26, 2015;First Class;YC-1189523;Yoseph Carroll;Corporate;;Edmonton;Alberta;Canada;Canada;USCA;OFF-BI-2912;Office Supplies;Binders;Acco Hole Reinforcements, Clear;12,24;2;0;0,48;2,82;High;September;2015;2021
7045;MX-2015-PF19120132-42272;Cuma, Eylül 25, 2015;Cuma, Eylül 25, 2015;Same Day;PF-19120132;Peter Fuller;Consumer;;San Fernando;San Fernando;Trinidad and Tobago;Caribbean;LATAM;OFF-PA-6615;Office Supplies;Paper;Xerox Message Books, Premium;40,74;3;0;15,48;1,328;High;September;2015;2021
46285;BO-2015-JF549013-42255;Salı, Eylül 08, 2015;Salı, Eylül 15, 2015;Standard Class;JF-549013;Jeremy Farry;Consumer;;Homyel';Homyel';Belarus;Eastern Europe;Europe;OFF-AR-6110;Office Supplies;Art;Stanley Highlighters, Blue;14,7;1;0;2,94;1,32;Low;September;2015;2021
46284;BO-2015-JF549013-42255;Salı, Eylül 08, 2015;Salı, Eylül 15, 2015;Standard Class;JF-549013;Jeremy Farry;Consumer;;Homyel';Homyel';Belarus;Eastern Europe;Europe;OFF-BI-3733;Office Supplies;Binders;Cardinal Hole Reinforcements, Clear;19,2;4;0;8,76;1,55;Low;September;2015;2021
14665;ES-2015-TS21205139-42262;Salı, Eylül 15, 2015;Pazartesi, Eylül 21, 2015;Standard Class;TS-21205139;Thomas Seio;Corporate;;Brighton;England;United Kingdom;Northern Europe;Europe;OFF-BI-3735;Office Supplies;Binders;Cardinal Hole Reinforcements, Economy;16,02;3;0;6,48;1,91;Low;September;2015;2021
12752;IT-2015-BN11470139-42256;Çarşamba, Eylül 09, 2015;Salı, Eylül 15, 2015;Standard Class;BN-11470139;Brad Norvell;Corporate;;Blackpool;England;United Kingdom;Northern Europe;Europe;OFF-BI-6404;Office Supplies;Binders;Wilson Jones Index Tab, Economy;45,15;7;0;11,55;6,56;Low;September;2015;2021
43836;PL-2015-ML8265103-42252;Cumartesi, Eylül 05, 2015;Cuma, Eylül 11, 2015;Standard Class;ML-8265103;Muhammed Lee;Consumer;;Lodz;Lodz;Poland;Eastern Europe;Europe;OFF-EN-3654;Office Supplies;Envelopes;Cameo Business Envelopes, Recycled;38,7;2;0;4,2;6,58;Low;September;2015;2021
12753;IT-2015-BN11470139-42256;Çarşamba, Eylül 09, 2015;Salı, Eylül 15, 2015;Standard Class;BN-11470139;Brad Norvell;Corporate;;Blackpool;England;United Kingdom;Northern Europe;Europe;OFF-ST-4063;Office Supplies;Storage;Eldon Folders, Wire Frame;64,2;4;0;6,36;8,68;Low;September;2015;2021
12069;ES-2015-PJ1883564-42255;Salı, Eylül 08, 2015;Pazartesi, Eylül 14, 2015;Standard Class;PJ-1883564;Patrick Jones;Corporate;;Prato;Tuscany;Italy;Southern Europe;Europe;OFF-AP-4743;Office Supplies;Appliances;Hoover Stove, Red;7958,58;14;0;3979,08;778,32;Low;September;2015;2021
10631;ES-2015-GW1460545-42262;Salı, Eylül 15, 2015;Pazartesi, Eylül 21, 2015;Standard Class;GW-1460545;Giulietta Weimer;Consumer;;Coulommiers;Ile-de-France;France;Western Europe;Europe;OFF-BI-3720;Office Supplies;Binders;Cardinal Binder, Clear;53,16;4;0;1,56;3,73;Low;September;2015;2021
11803;IT-2015-PO1886548-42252;Cumartesi, Eylül 05, 2015;Cumartesi, Eylül 12, 2015;Standard Class;PO-1886548;Patrick O'Donnell;Consumer;;Celle;Lower Saxony;Germany;Western Europe;Europe;OFF-LA-6052;Office Supplies;Labels;Smead Removable Labels, Laser Printer Compatible;30,96;3;0;9,54;4,7;Low;September;2015;2021
11802;IT-2015-PO1886548-42252;Cumartesi, Eylül 05, 2015;Cumartesi, Eylül 12, 2015;Standard Class;PO-1886548;Patrick O'Donnell;Consumer;;Celle;Lower Saxony;Germany;Western Europe;Europe;OFF-AR-3468;Office Supplies;Art;BIC Sketch Pad, Blue;97,32;2;0;17,46;14,07;Low;September;2015;2021
11804;IT-2015-PO1886548-42252;Cumartesi, Eylül 05, 2015;Cumartesi, Eylül 12, 2015;Standard Class;PO-1886548;Patrick O'Donnell;Consumer;;Celle;Lower Saxony;Germany;Western Europe;Europe;OFF-AR-6106;Office Supplies;Art;Stanley Canvas, Easy-Erase;149,22;3;0;35,73;15,61;Low;September;2015;2021
14208;ES-2015-DS1318045-42251;Cuma, Eylül 04, 2015;Cuma, Eylül 11, 2015;Standard Class;DS-1318045;David Smith;Corporate;;Saint-Nazaire;Pays de la Loire;France;Western Europe;Europe;OFF-BI-3251;Office Supplies;Binders;Avery Binder, Clear;24,72;2;0;2,46;2,72;Low;September;2015;2021
12581;ES-2015-CV1280548-42252;Cumartesi, Eylül 05, 2015;Cuma, Eylül 11, 2015;Standard Class;CV-1280548;Cynthia Voltz;Corporate;;Stuttgart;Baden-Württemberg;Germany;Western Europe;Europe;OFF-FA-5467;Office Supplies;Fasteners;OIC Paper Clips, 12 Pack;97,02;7;0;23,1;10,38;Low;September;2015;2021
1638;MX-2015-HD1478582-42270;Çarşamba, Eylül 23, 2015;Çarşamba, Eylül 30, 2015;Standard Class;HD-1478582;Harold Dahlen;Home Office;;Mexico City;Distrito Federal;Mexico;Central America;LATAM;OFF-EN-4453;Office Supplies;Envelopes;GlobeWeis Peel and Seal, Set of 50;14,26;1;0;6,98;1,078;Low;September;2015;2021
7094;MX-2015-CA1205582-42276;Salı, Eylül 29, 2015;Pazartesi, Ekim 05, 2015;Standard Class;CA-1205582;Cathy Armstrong;Home Office;;León;Guanajuato;Mexico;Central America;LATAM;OFF-FA-5467;Office Supplies;Fasteners;OIC Paper Clips, 12 Pack;18,48;2;0;4,96;1,195;Low;September;2015;2021
7092;MX-2015-CA1205582-42276;Salı, Eylül 29, 2015;Pazartesi, Ekim 05, 2015;Standard Class;CA-1205582;Cathy Armstrong;Home Office;;León;Guanajuato;Mexico;Central America;LATAM;OFF-BI-4826;Office Supplies;Binders;Ibico Hole Reinforcements, Recycled;19,6;4;0;4,64;1,78;Low;September;2015;2021
7096;MX-2015-CA1205582-42276;Salı, Eylül 29, 2015;Pazartesi, Ekim 05, 2015;Standard Class;CA-1205582;Cathy Armstrong;Home Office;;León;Guanajuato;Mexico;Central America;LATAM;OFF-LA-6042;Office Supplies;Labels;Smead Legal Exhibit Labels, 5000 Label Set;30,64;4;0;3,6;3,382;Low;September;2015;2021
4674;US-2015-EJ1372082-42249;Çarşamba, Eylül 02, 2015;Çarşamba, Eylül 09, 2015;Standard Class;EJ-1372082;Ed Jacobs;Consumer;;Córdoba;Veracruz;Mexico;Central America;LATAM;OFF-ST-5688;Office Supplies;Storage;Rogers Box, Single Width;32;2;0;13,76;3,443;Low;September;2015;2021
6519;MX-2015-JF1541551-42263;Çarşamba, Eylül 16, 2015;Çarşamba, Eylül 23, 2015;Standard Class;JF-1541551;Jennifer Ferguson;Consumer;;Quetzaltenango;Quezaltenango;Guatemala;Central America;LATAM;OFF-LA-4529;Office Supplies;Labels;Harbour Creations Color Coded Labels, Laser Printer Compatible;25,8;3;0;9,78;2,049;Low;September;2015;2021
2385;MX-2015-LO1717093-42250;Perşembe, Eylül 03, 2015;Çarşamba, Eylül 09, 2015;Standard Class;LO-1717093;Lori Olson;Corporate;;Managua;Managua;Nicaragua;Central America;LATAM;OFF-LA-4638;Office Supplies;Labels;Hon Color Coded Labels, Adjustable;21,42;3;0;0;2,169;Low;September;2015;2021
2384;MX-2015-LO1717093-42250;Perşembe, Eylül 03, 2015;Çarşamba, Eylül 09, 2015;Standard Class;LO-1717093;Lori Olson;Corporate;;Managua;Managua;Nicaragua;Central America;LATAM;OFF-PA-5847;Office Supplies;Paper;SanDisk Cards & Envelopes, 8.5 x 11;35,04;1;0;1,74;4,14;Low;September;2015;2021
7473;MX-2015-EM1414051-42264;Perşembe, Eylül 17, 2015;Çarşamba, Eylül 23, 2015;Standard Class;EM-1414051;Eugene Moren;Home Office;;Mixco;Guatemala;Guatemala;Central America;LATAM;OFF-EN-4923;Office Supplies;Envelopes;Jiffy Peel and Seal, Recycled;25,08;2;0;4,76;4,33;Low;September;2015;2021
14;MX-2015-PK1891093-42271;Perşembe, Eylül 24, 2015;Perşembe, Ekim 01, 2015;Standard Class;PK-1891093;Paul Knutson;Home Office;;Managua;Managua;Nicaragua;Central America;LATAM;OFF-EN-5034;Office Supplies;Envelopes;Kraft Mailers, Security-Tint;80,1;3;0;37,62;8,863;Low;September;2015;2021
7472;MX-2015-EM1414051-42264;Perşembe, Eylül 17, 2015;Çarşamba, Eylül 23, 2015;Standard Class;EM-1414051;Eugene Moren;Home Office;;Mixco;Guatemala;Guatemala;Central America;LATAM;OFF-AP-4971;Office Supplies;Appliances;KitchenAid Toaster, White;222,56;4;0;93,44;29,848;Low;September;2015;2021
6515;MX-2015-CS1225093-42269;Salı, Eylül 22, 2015;Salı, Eylül 29, 2015;Standard Class;CS-1225093;Chris Selesnick;Corporate;;Managua;Managua;Nicaragua;Central America;LATAM;OFF-ST-6047;Office Supplies;Storage;Smead Lockers, Industrial;928,2;7;0;222,74;138,414;Low;September;2015;2021
44145;AO-2015-GM45004-42265;Cuma, Eylül 18, 2015;Perşembe, Eylül 24, 2015;Standard Class;GM-45004;Gene McClure;Consumer;;Luanda;Luanda;Angola;Central Africa;Africa;OFF-BI-2894;Office Supplies;Binders;Acco Binder Covers, Recycled;13,68;1;0;4,08;1,24;Low;September;2015;2021
42272;WA-2015-LC687089-42265;Cuma, Eylül 18, 2015;Cuma, Eylül 25, 2015;Standard Class;LC-687089;Lena Cacioppo;Consumer;;Windhoek;Khomas;Namibia;Southern Africa;Africa;OFF-ST-5691;Office Supplies;Storage;Rogers File Cart, Blue;140,67;1;0;1,38;6,88;Low;September;2015;2021
43206;CA-2015-GB453023-42256;Çarşamba, Eylül 09, 2015;Salı, Eylül 15, 2015;Standard Class;GB-453023;George Bell;Corporate;;Brampton;Ontario;Canada;Canada;USCA;OFF-ST-4028;Office Supplies;Storage;Eldon Box, Blue;20,52;2;0;5,28;2;Low;September;2015;2021
26699;IN-2015-JB1592558-42272;Cuma, Eylül 25, 2015;Cuma, Ekim 02, 2015;Standard Class;JB-1592558;Joni Blumstein;Consumer;;Delhi;Delhi;India;Southern Asia;Asia Pacific;OFF-EN-4445;Office Supplies;Envelopes;GlobeWeis Mailers, Set of 50;77,1;2;0;33,12;11,24;Low;September;2015;2021
44146;AO-2015-GM45004-42265;Cuma, Eylül 18, 2015;Perşembe, Eylül 24, 2015;Standard Class;GM-45004;Gene McClure;Consumer;;Luanda;Luanda;Angola;Central Africa;Africa;OFF-ST-4259;Office Supplies;Storage;Fellowes File Cart, Single Width;274,68;2;0;0;33,4;Low;September;2015;2021
9388;MX-2015-FG1426031-42252;Cumartesi, Eylül 05, 2015;Cuma, Eylül 11, 2015;Standard Class;FG-1426031;Frank Gastineau;Home Office;;Cienfuegos;Cienfuegos;Cuba;Caribbean;LATAM;OFF-FA-3074;Office Supplies;Fasteners;Advantus Thumb Tacks, Bulk Pack;27,18;3;0;11,64;3,935;Low;September;2015;2021
8752;MX-2015-RB1979518-42258;Cuma, Eylül 11, 2015;Cuma, Eylül 18, 2015;Standard Class;RB-1979518;Ross Baird;Home Office;;Ibiúna;São Paulo;Brazil;South America;LATAM;OFF-SU-4994;Office Supplies;Supplies;Kleencut Trimmer, High Speed;82,86;3;0;16,56;9,655;Low;September;2015;2021
44147;AO-2015-GM45004-42265;Cuma, Eylül 18, 2015;Perşembe, Eylül 24, 2015;Standard Class;GM-45004;Gene McClure;Consumer;;Luanda;Luanda;Angola;Central Africa;Africa;OFF-ST-6274;Office Supplies;Storage;Tenex Shelving, Single Width;328,14;6;0;81,9;37,24;Low;September;2015;2021
13484;ES-2015-LE168108-42270;Çarşamba, Eylül 23, 2015;Pazartesi, Eylül 28, 2015;Standard Class;LE-168108;Laurel Elliston;Consumer;;Vienna;Vienna;Austria;Western Europe;Europe;OFF-BI-4823;Office Supplies;Binders;Ibico Hole Reinforcements, Clear;12,9;2;0;4,98;1,5;High;September;2015;2021
43913;PL-2015-BH1710103-42276;Salı, Eylül 29, 2015;Cumartesi, Ekim 03, 2015;Standard Class;BH-1710103;Brosina Hoffman;Consumer;;Poznan;Greater Poland;Poland;Eastern Europe;Europe;OFF-BI-6398;Office Supplies;Binders;Wilson Jones Hole Reinforcements, Durable;6,03;1;0;1,86;1,89;High;September;2015;2021
50811;RS-2015-NG8430108-42253;Pazar, Eylül 06, 2015;Perşembe, Eylül 10, 2015;Standard Class;NG-8430108;Nathan Gelder;Consumer;;Kaliningrad;Kaliningrad;Russia;Eastern Europe;Europe;OFF-BI-3290;Office Supplies;Binders;Avery Hole Reinforcements, Durable;5,91;1;0;2,1;1,95;High;September;2015;2021
18611;ES-2015-MW18220139-42253;Pazar, Eylül 06, 2015;Perşembe, Eylül 10, 2015;Standard Class;MW-18220139;Mitch Webber;Consumer;;Hartlepool;England;United Kingdom;Northern Europe;Europe;OFF-BI-3726;Office Supplies;Binders;Cardinal Binding Machine, Economy;99,54;2;0;27,84;4,96;High;September;2015;2021
15089;ES-2015-AG1067545-42263;Çarşamba, Eylül 16, 2015;Pazar, Eylül 20, 2015;Standard Class;AG-1067545;Anna Gayman;Consumer;;Mougins;Provence-Alpes-Côte d'Azur;France;Western Europe;Europe;OFF-BI-4825;Office Supplies;Binders;Ibico Hole Reinforcements, Economy;27,96;4;0;13,68;5,37;High;September;2015;2021
3530;MX-2015-DW1354093-42275;Pazartesi, Eylül 28, 2015;Cuma, Ekim 02, 2015;Standard Class;DW-1354093;Don Weiss;Consumer;;Managua;Managua;Nicaragua;Central America;LATAM;OFF-BI-6397;Office Supplies;Binders;Wilson Jones Hole Reinforcements, Clear;7,98;3;0;2,7;1,2;High;September;2015;2021
45393;IZ-2015-RH949561-42273;Cumartesi, Eylül 26, 2015;Çarşamba, Eylül 30, 2015;Standard Class;RH-949561;Rick Hansen;Consumer;;Basra;Al Basrah;Iraq;Western Asia;Asia Pacific;OFF-BI-3289;Office Supplies;Binders;Avery Hole Reinforcements, Clear;3,87;1;0;0,36;1,55;High;September;2015;2021
25172;IN-2015-LS1723078-42251;Cuma, Eylül 04, 2015;Salı, Eylül 08, 2015;Standard Class;LS-1723078;Lycoris Saunders;Consumer;;Seremban;Negeri Sembilan;Malaysia;Southeastern Asia;Asia Pacific;OFF-BI-3734;Office Supplies;Binders;Cardinal Hole Reinforcements, Durable;20,52;3;0;6,75;2,47;High;September;2015;2021
10857;ES-2015-DL1286545-42251;Cuma, Eylül 04, 2015;Salı, Eylül 08, 2015;Standard Class;DL-1286545;Dan Lawera;Consumer;;Bordeaux;Aquitaine-Limousin-Poitou-Charentes;France;Western Europe;Europe;OFF-AR-5922;Office Supplies;Art;Sanford Pencil Sharpener, Fluorescent;51,66;2;0;18,06;4,77;High;September;2015;2021
43643;EG-2015-ST1053038-42274;Pazar, Eylül 27, 2015;Perşembe, Ekim 01, 2015;Standard Class;ST-1053038;Shui Tom;Consumer;;Cairo;Al Qahirah;Egypt;North Africa;Africa;OFF-AR-6121;Office Supplies;Art;Stanley Pens, Blue;10,05;1;0;4,92;1,16;High;September;2015;2021
45394;IZ-2015-RH949561-42273;Cumartesi, Eylül 26, 2015;Çarşamba, Eylül 30, 2015;Standard Class;RH-949561;Rick Hansen;Consumer;;Basra;Al Basrah;Iraq;Western Asia;Asia Pacific;OFF-AR-6116;Office Supplies;Art;Stanley Markers, Fluorescent;46,92;2;0;15,9;5,13;High;September;2015;2021
41576;IZ-2015-RW969061-42258;Cuma, Eylül 11, 2015;Salı, Eylül 15, 2015;Standard Class;RW-969061;Robert Waldorf;Consumer;;Baghdad;Baghdad;Iraq;Western Asia;Asia Pacific;OFF-AR-5912;Office Supplies;Art;Sanford Highlighters, Fluorescent;68,04;4;0;28,56;7,85;High;September;2015;2021
28336;IN-2015-TG2164058-42272;Cuma, Eylül 25, 2015;Çarşamba, Eylül 30, 2015;Standard Class;TG-2164058;Trudy Glocke;Consumer;;Bhiwandi;Maharashtra;India;Southern Asia;Asia Pacific;OFF-AR-6119;Office Supplies;Art;Stanley Pencil Sharpener, Fluorescent;99,12;4;0;27,72;8,67;High;September;2015;2021
7974;MX-2015-EH1394539-42272;Cuma, Eylül 25, 2015;Salı, Eylül 29, 2015;Standard Class;EH-1394539;Eric Hoffmann;Consumer;;Delgado;San Salvador;El Salvador;Central America;LATAM;OFF-AR-3539;Office Supplies;Art;Boston Markers, Fluorescent;73,68;4;0;25,76;12,019;High;September;2015;2021
49783;IR-2015-RF973560-42251;Cuma, Eylül 04, 2015;Salı, Eylül 08, 2015;Standard Class;RF-973560;Roland Fjeld;Consumer;;Ahvaz;Khuzestan;Iran;Southern Asia;Asia Pacific;OFF-AR-5903;Office Supplies;Art;Sanford Canvas, Easy-Erase;101,58;2;0;13,2;15,53;High;September;2015;2021
28337;IN-2015-TG2164058-42272;Cuma, Eylül 25, 2015;Çarşamba, Eylül 30, 2015;Standard Class;TG-2164058;Trudy Glocke;Consumer;;Bhiwandi;Maharashtra;India;Southern Asia;Asia Pacific;OFF-AR-6105;Office Supplies;Art;Stanley Canvas, Blue;247,35;5;0;56,85;36,56;High;September;2015;2021
8456;MX-2015-RH1955582-42249;Çarşamba, Eylül 02, 2015;Pazar, Eylül 06, 2015;Standard Class;RH-1955582;Ritsa Hightower;Consumer;;Juárez;Chihuahua;Mexico;Central America;LATAM;OFF-ST-6049;Office Supplies;Storage;Smead Lockers, Wire Frame;394,98;3;0;15,78;32,809;High;September;2015;2021
18612;ES-2015-MW18220139-42253;Pazar, Eylül 06, 2015;Perşembe, Eylül 10, 2015;Standard Class;MW-18220139;Mitch Webber;Consumer;;Hartlepool;England;United Kingdom;Northern Europe;Europe;OFF-ST-4284;Office Supplies;Storage;Fellowes Shelving, Single Width;405,09;7;0;105,21;51,55;High;September;2015;2021
25171;IN-2015-LS1723078-42251;Cuma, Eylül 04, 2015;Salı, Eylül 08, 2015;Standard Class;LS-1723078;Lycoris Saunders;Consumer;;Seremban;Negeri Sembilan;Malaysia;Southeastern Asia;Asia Pacific;OFF-ST-6262;Office Supplies;Storage;Tenex Lockers, Industrial;613,89;3;0;153,45;101,31;High;September;2015;2021
18613;ES-2015-MW18220139-42253;Pazar, Eylül 06, 2015;Perşembe, Eylül 10, 2015;Standard Class;MW-18220139;Mitch Webber;Consumer;;Hartlepool;England;United Kingdom;Northern Europe;Europe;OFF-LA-5383;Office Supplies;Labels;Novimex File Folder Labels, Adjustable;18,45;3;0;3,69;2,61;High;September;2015;2021
18620;ES-2015-MW18220139-42253;Pazar, Eylül 06, 2015;Perşembe, Eylül 10, 2015;Standard Class;MW-18220139;Mitch Webber;Consumer;;Hartlepool;England;United Kingdom;Northern Europe;Europe;OFF-LA-5401;Office Supplies;Labels;Novimex Round Labels, Laser Printer Compatible;31,35;5;0;14,7;5,03;High;September;2015;2021
18619;ES-2015-MW18220139-42253;Pazar, Eylül 06, 2015;Perşembe, Eylül 10, 2015;Standard Class;MW-18220139;Mitch Webber;Consumer;;Hartlepool;England;United Kingdom;Northern Europe;Europe;OFF-FA-5472;Office Supplies;Fasteners;OIC Push Pins, Assorted Sizes;61,8;5;0;12,3;6,25;High;September;2015;2021
18616;ES-2015-MW18220139-42253;Pazar, Eylül 06, 2015;Perşembe, Eylül 10, 2015;Standard Class;MW-18220139;Mitch Webber;Consumer;;Hartlepool;England;United Kingdom;Northern Europe;Europe;OFF-EN-4916;Office Supplies;Envelopes;Jiffy Mailers, Set of 50;111,51;3;0;24,48;15;High;September;2015;2021
42083;SI-2015-SM10005115-42252;Cumartesi, Eylül 05, 2015;Çarşamba, Eylül 09, 2015;Standard Class;SM-10005115;Sally Matthias;Consumer;;Ljubljana;Ljubljana;Slovenia;Southern Europe;Europe;OFF-LA-3300;Office Supplies;Labels;Avery Legal Exhibit Labels, Laser Printer Compatible;136,08;12;0;20,16;28,16;High;September;2015;2021
8457;MX-2015-RH1955582-42249;Çarşamba, Eylül 02, 2015;Pazar, Eylül 06, 2015;Standard Class;RH-1955582;Ritsa Hightower;Consumer;;Juárez;Chihuahua;Mexico;Central America;LATAM;OFF-EN-3111;Office Supplies;Envelopes;Ames Peel and Seal, with clear poly window;14,82;1;0;0,14;2,116;High;September;2015;2021
3531;MX-2015-DW1354093-42275;Pazartesi, Eylül 28, 2015;Cuma, Ekim 02, 2015;Standard Class;DW-1354093;Don Weiss;Consumer;;Managua;Managua;Nicaragua;Central America;LATAM;OFF-EN-4904;Office Supplies;Envelopes;Jiffy Business Envelopes, Security-Tint;31,92;3;0;11,46;3,259;High;September;2015;2021
6895;MX-2015-LL1684039-42277;Çarşamba, Eylül 30, 2015;Pazar, Ekim 04, 2015;Standard Class;LL-1684039;Lauren Leatherbury;Consumer;;Apopa;San Salvador;El Salvador;Central America;LATAM;OFF-FA-5472;Office Supplies;Fasteners;OIC Push Pins, Assorted Sizes;65,92;8;0;3,2;7,196;High;September;2015;2021
8969;MX-2015-BT1168082-42253;Pazar, Eylül 06, 2015;Perşembe, Eylül 10, 2015;Standard Class;BT-1168082;Brian Thompson;Consumer;;Juárez;Chihuahua;Mexico;Central America;LATAM;OFF-SU-6163;Office Supplies;Supplies;Stiletto Box Cutter, Steel;94,32;4;0;44,32;10,959;High;September;2015;2021
43418;ZA-2015-RC9960146-42257;Perşembe, Eylül 10, 2015;Salı, Eylül 15, 2015;Standard Class;RC-9960146;Ryan Crowe;Consumer;;Chipata;Eastern;Zambia;Eastern Africa;Africa;OFF-LA-5399;Office Supplies;Labels;Novimex Round Labels, Adjustable;16,68;4;0;4,56;1,89;High;September;2015;2021
25173;IN-2015-LS1723078-42251;Cuma, Eylül 04, 2015;Salı, Eylül 08, 2015;Standard Class;LS-1723078;Lycoris Saunders;Consumer;;Seremban;Negeri Sembilan;Malaysia;Southeastern Asia;Asia Pacific;OFF-FA-5481;Office Supplies;Fasteners;OIC Staples, Assorted Sizes;17,58;2;0;0,3;1,82;High;September;2015;2021
28335;IN-2015-TG2164058-42272;Cuma, Eylül 25, 2015;Çarşamba, Eylül 30, 2015;Standard Class;TG-2164058;Trudy Glocke;Consumer;;Bhiwandi;Maharashtra;India;Southern Asia;Asia Pacific;OFF-EN-5023;Office Supplies;Envelopes;Kraft Business Envelopes, Security-Tint;32,88;2;0;4,26;2,34;High;September;2015;2021
7973;MX-2015-EH1394539-42272;Cuma, Eylül 25, 2015;Salı, Eylül 29, 2015;Standard Class;EH-1394539;Eric Hoffmann;Consumer;;Delgado;San Salvador;El Salvador;Central America;LATAM;OFF-SU-4990;Office Supplies;Supplies;Kleencut Shears, High Speed;62,36;2;0;11,84;3,468;High;September;2015;2021
25169;IN-2015-LS1723078-42251;Cuma, Eylül 04, 2015;Salı, Eylül 08, 2015;Standard Class;LS-1723078;Lycoris Saunders;Consumer;;Seremban;Negeri Sembilan;Malaysia;Southeastern Asia;Asia Pacific;OFF-AP-4493;Office Supplies;Appliances;Hamilton Beach Coffee Grinder, Black;84,18;2;0;37,86;6,07;High;September;2015;2021
49593;TZ-2015-TT11220129-42252;Cumartesi, Eylül 05, 2015;Çarşamba, Eylül 09, 2015;Standard Class;TT-11220129;Thomas Thornton;Consumer;;Dar es Salaam;Dar Es Salaam;Tanzania;Eastern Africa;Africa;OFF-AP-4960;Office Supplies;Appliances;KitchenAid Refrigerator, Black;1054,74;2;0;379,68;159,8;High;September;2015;2021
30476;IN-2015-JD158957-42271;Perşembe, Eylül 24, 2015;Pazartesi, Eylül 28, 2015;Standard Class;JD-158957;Jonathan Doherty;Corporate;;Newcastle;New South Wales;Australia;Oceania;Asia Pacific;OFF-EN-3092;Office Supplies;Envelopes;Ames Clasp Envelope, Security-Tint;19,2;2;0;2,28;1,81;High;September;2015;2021
7104;MX-2015-DJ1351018-42250;Perşembe, Eylül 03, 2015;Pazartesi, Eylül 07, 2015;Standard Class;DJ-1351018;Don Jones;Corporate;;Campo Grande;Mato Grosso do Sul;Brazil;South America;LATAM;OFF-FA-6190;Office Supplies;Fasteners;Stockwell Paper Clips, Bulk Pack;18,16;2;0;3,44;2,313;High;September;2015;2021
11710;IT-2015-KC1667545-42270;Çarşamba, Eylül 23, 2015;Pazar, Eylül 27, 2015;Standard Class;KC-1667545;Kimberly Carter;Corporate;;Avignon;Provence-Alpes-Côte d'Azur;France;Western Europe;Europe;OFF-FA-6189;Office Supplies;Fasteners;Stockwell Paper Clips, Assorted Sizes;27,78;2;0;3,84;3,47;High;September;2015;2021
42450;CA-2015-JM526523-42249;Çarşamba, Eylül 02, 2015;Pazar, Eylül 06, 2015;Standard Class;JM-526523;Janet Molinari;Corporate;;Vancouver;British Columbia;Canada;Canada;USCA;OFF-ST-5701;Office Supplies;Storage;Rogers Lockers, Industrial;424,2;2;0;161,16;38,69;High;September;2015;2021
43972;IR-2015-NG835560-42266;Cumartesi, Eylül 19, 2015;Çarşamba, Eylül 23, 2015;Standard Class;NG-835560;Nat Gilpin;Corporate;;Bandar Abbas;Hormozgan;Iran;Southern Asia;Asia Pacific;OFF-BI-3714;Office Supplies;Binders;Cardinal 3-Hole Punch, Economy;57,6;2;0;25,92;8,98;High;September;2015;2021
12395;ES-2015-NG1835545-42259;Cumartesi, Eylül 12, 2015;Çarşamba, Eylül 16, 2015;Standard Class;NG-1835545;Nat Gilpin;Corporate;;Montmorency;Ile-de-France;France;Western Europe;Europe;OFF-SU-4322;Office Supplies;Supplies;Fiskars Shears, Steel;94,08;2;0;27,24;12,58;High;September;2015;2021
21626;IN-2015-DS1318027-42251;Cuma, Eylül 04, 2015;Salı, Eylül 08, 2015;Standard Class;DS-1318027;David Smith;Corporate;;Jinan;Shandong;China;Eastern Asia;Asia Pacific;OFF-ST-5691;Office Supplies;Storage;Rogers File Cart, Blue;281,34;2;0;104,04;38,06;High;September;2015;2021
45235;IR-2015-NB865560-42259;Cumartesi, Eylül 12, 2015;Çarşamba, Eylül 16, 2015;Standard Class;NB-865560;Nona Balk;Corporate;;Ilam;Ilam;Iran;Southern Asia;Asia Pacific;OFF-BI-3719;Office Supplies;Binders;Cardinal Binder Covers, Recycled;12,36;1;0;5,55;1,82;High;September;2015;2021
43850;SA-2015-AR825110-42249;Çarşamba, Eylül 02, 2015;Pazar, Eylül 06, 2015;Standard Class;AR-825110;Anthony Rawles;Corporate;;Riyadh;Ar Riyad;Saudi Arabia;Western Asia;Asia Pacific;OFF-AR-3549;Office Supplies;Art;Boston Pens, Water Color;17,4;1;0;1,56;2,72;High;September;2015;2021
17075;ES-2015-BS1138014-42276;Salı, Eylül 29, 2015;Cumartesi, Ekim 03, 2015;Standard Class;BS-1138014;Bill Stewart;Corporate;;Peer;Limburg;Belgium;Western Europe;Europe;OFF-BI-2895;Office Supplies;Binders;Acco Binder, Clear;43,83;3;0;14,4;3,51;High;September;2015;2021
18699;ES-2015-RF1934564-42277;Çarşamba, Eylül 30, 2015;Pazar, Ekim 04, 2015;Standard Class;RF-1934564;Randy Ferguson;Corporate;;Rome;Lazio;Italy;Southern Europe;Europe;OFF-BI-2883;Office Supplies;Binders;Acco 3-Hole Punch, Economy;90,36;3;0;17,1;8,22;High;September;2015;2021
20047;ES-2015-KH1669064-42267;Pazar, Eylül 20, 2015;Perşembe, Eylül 24, 2015;Standard Class;KH-1669064;Kristen Hastings;Corporate;;Palermo;Sicily;Italy;Southern Europe;Europe;OFF-AR-5933;Office Supplies;Art;Sanford Sketch Pad, Water Color;145,98;3;0;68,58;19,06;High;September;2015;2021
48577;UP-2015-FC4335137-42259;Cumartesi, Eylül 12, 2015;Perşembe, Eylül 17, 2015;Standard Class;FC-4335137;Fred Chung;Corporate;;Kherson;Kherson;Ukraine;Eastern Europe;Europe;OFF-BI-4811;Office Supplies;Binders;Ibico Binder, Clear;59,76;4;0;5,28;5,45;High;September;2015;2021
717;MX-2015-TB2117582-42258;Cuma, Eylül 11, 2015;Çarşamba, Eylül 16, 2015;Standard Class;TB-2117582;Thomas Boland;Corporate;;Mérida;Yucatán;Mexico;Central America;LATAM;OFF-PA-3997;Office Supplies;Paper;Eaton Memo Slips, Recycled;45,5;5;0;2,7;2,364;High;September;2015;2021
12794;IT-2015-KC16675139-42263;Çarşamba, Eylül 16, 2015;Pazar, Eylül 20, 2015;Standard Class;KC-16675139;Kimberly Carter;Corporate;;Bognor Regis;England;United Kingdom;Northern Europe;Europe;OFF-LA-4662;Office Supplies;Labels;Hon Legal Exhibit Labels, 5000 Label Set;101,25;9;0;18,09;5,77;High;September;2015;2021
45902;EG-2015-KH633038-42267;Pazar, Eylül 20, 2015;Cuma, Eylül 25, 2015;Standard Class;KH-633038;Katharine Harms;Corporate;;Hurghada;Al Bahr Al Ahmar;Egypt;North Africa;Africa;OFF-ST-4060;Office Supplies;Storage;Eldon Folders, Blue;101,88;6;0;17,28;19,92;High;September;2015;2021
5483;MX-2015-TH2111512-42270;Çarşamba, Eylül 23, 2015;Pazar, Eylül 27, 2015;Standard Class;TH-2111512;Thea Hudgings;Corporate;;Bridgetown;Saint Michael;Barbados;Caribbean;LATAM;OFF-BI-3256;Office Supplies;Binders;Avery Binding Machine, Durable;234,92;7;0;32,76;23,009;High;September;2015;2021
18657;ES-2015-PW1903045-42249;Çarşamba, Eylül 02, 2015;Pazar, Eylül 06, 2015;Standard Class;PW-1903045;Pauline Webber;Corporate;;Saint-Quentin;Nord-Pas-de-Calais-Picardie;France;Western Europe;Europe;OFF-BI-6369;Office Supplies;Binders;Wilson Jones 3-Hole Punch, Clear;137,25;5;0;38,4;26,45;High;September;2015;2021
4330;MX-2015-AO1081082-42248;Salı, Eylül 01, 2015;Pazar, Eylül 06, 2015;Standard Class;AO-1081082;Anthony O'Donnell;Corporate;;Victoria;Tamaulipas;Mexico;Central America;LATAM;OFF-AR-3471;Office Supplies;Art;BIC Sketch Pad, Water Color;276,48;8;0;11,04;31,331;High;September;2015;2021
12208;ES-2015-AH10690139-42270;Çarşamba, Eylül 23, 2015;Pazar, Eylül 27, 2015;Standard Class;AH-10690139;Anna Häberlin;Corporate;;Manchester;England;United Kingdom;Northern Europe;Europe;OFF-ST-5712;Office Supplies;Storage;Rogers Trays, Wire Frame;425,25;7;0;208,32;52,14;High;September;2015;2021
12795;IT-2015-KC16675139-42263;Çarşamba, Eylül 16, 2015;Pazar, Eylül 20, 2015;Standard Class;KC-16675139;Kimberly Carter;Corporate;;Bognor Regis;England;United Kingdom;Northern Europe;Europe;OFF-ST-4079;Office Supplies;Storage;Eldon Lockers, Industrial;1388,73;7;0;680,4;152,96;High;September;2015;2021
50100;CA-2015-RM967523-42263;Çarşamba, Eylül 16, 2015;Pazar, Eylül 20, 2015;Standard Class;RM-967523;Robert Marley;Home Office;;Montréal;Quebec;Canada;Canada;USCA;OFF-LA-4540;Office Supplies;Labels;Harbour Creations Legal Exhibit Labels, Laser Printer Compatible;10,95;1;0;2,4;1,3;High;September;2015;2021
50099;CA-2015-RM967523-42263;Çarşamba, Eylül 16, 2015;Pazar, Eylül 20, 2015;Standard Class;RM-967523;Robert Marley;Home Office;;Montréal;Quebec;Canada;Canada;USCA;OFF-BI-3727;Office Supplies;Binders;Cardinal Binding Machine, Recycled;200,52;4;0;42;30,88;High;September;2015;2021
44378;CA-2015-DP339023-42269;Salı, Eylül 22, 2015;Cumartesi, Eylül 26, 2015;Standard Class;DP-339023;Dennis Pardue;Home Office;;Toronto;Ontario;Canada;Canada;USCA;OFF-AP-3565;Office Supplies;Appliances;Breville Blender, White;90,99;1;0;19,08;10,72;High;September;2015;2021
28052;IN-2015-SS2051578-42264;Perşembe, Eylül 17, 2015;Pazartesi, Eylül 21, 2015;Standard Class;SS-2051578;Shirley Schmidt;Home Office;;Kuala Lumpur;Kuala Lumpur;Malaysia;Southeastern Asia;Asia Pacific;OFF-PA-5852;Office Supplies;Paper;SanDisk Computer Printout Paper, Multicolor;218,4;7;0;89,46;22,25;High;September;2015;2021
4644;MX-2015-TA2138526-42272;Cuma, Eylül 25, 2015;Salı, Eylül 29, 2015;Standard Class;TA-2138526;Tom Ashbrook;Home Office;;San Bernardo;Santiago;Chile;South America;LATAM;OFF-LA-4637;Office Supplies;Labels;Hon Color Coded Labels, 5000 Label Set;8,8;1;0;4,12;1,827;High;September;2015;2021
4532;MX-2015-BD1156082-42255;Salı, Eylül 08, 2015;Pazar, Eylül 13, 2015;Standard Class;BD-1156082;Brendan Dodson;Home Office;;Juárez;Chihuahua;Mexico;Central America;LATAM;OFF-AR-5918;Office Supplies;Art;Sanford Markers, Easy-Erase;62,72;4;0;28,16;5,502;High;September;2015;2021
5168;MX-2015-SC2068082-42277;Çarşamba, Eylül 30, 2015;Pazar, Ekim 04, 2015;Standard Class;SC-2068082;Steve Carroll;Home Office;;Temixco;Morelos;Mexico;Central America;LATAM;OFF-FA-2960;Office Supplies;Fasteners;Accos Thumb Tacks, Assorted Sizes;51,94;7;0;16,1;6,788;High;September;2015;2021
46673;AU-2015-AG7658-42255;Salı, Eylül 08, 2015;Cumartesi, Eylül 12, 2015;Standard Class;AG-7658;Anthony Garverick;Home Office;;Vienna;Vienna;Austria;Western Europe;Europe;OFF-FA-3044;Office Supplies;Fasteners;Advantus Paper Clips, Assorted Sizes;13,95;1;0;6,39;1,92;High;September;2015;2021
47901;PL-2015-MR7545103-42269;Salı, Eylül 22, 2015;Cumartesi, Eylül 26, 2015;Standard Class;MR-7545103;Mathew Reese;Home Office;;Warsaw;Masovia;Poland;Eastern Europe;Europe;OFF-SU-6177;Office Supplies;Supplies;Stiletto Shears, High Speed;48,09;1;0;4,32;4,29;High;September;2015;2021
46671;AU-2015-AG7658-42255;Salı, Eylül 08, 2015;Cumartesi, Eylül 12, 2015;Standard Class;AG-7658;Anthony Garverick;Home Office;;Vienna;Vienna;Austria;Western Europe;Europe;OFF-PA-5868;Office Supplies;Paper;SanDisk Memo Slips, 8.5 x 11;42,24;2;0;6,72;7,34;High;September;2015;2021
5995;MX-2015-TA2138582-42272;Cuma, Eylül 25, 2015;Salı, Eylül 29, 2015;Standard Class;TA-2138582;Tom Ashbrook;Home Office;;Mexico City;Distrito Federal;Mexico;Central America;LATAM;OFF-BI-3719;Office Supplies;Binders;Cardinal Binder Covers, Recycled;8,24;1;0;1,14;1,602;Medium;September;2015;2021
5996;MX-2015-TA2138582-42272;Cuma, Eylül 25, 2015;Salı, Eylül 29, 2015;Standard Class;TA-2138582;Tom Ashbrook;Home Office;;Mexico City;Distrito Federal;Mexico;Central America;LATAM;OFF-SU-4122;Office Supplies;Supplies;Elite Letter Opener, Steel;32;2;0;14,08;2,025;Medium;September;2015;2021
5997;MX-2015-TA2138582-42272;Cuma, Eylül 25, 2015;Salı, Eylül 29, 2015;Standard Class;TA-2138582;Tom Ashbrook;Home Office;;Mexico City;Distrito Federal;Mexico;Central America;LATAM;OFF-AR-5919;Office Supplies;Art;Sanford Markers, Fluorescent;130,72;8;0;24,8;5,561;Medium;September;2015;2021
4146;MX-2015-NM1852082-42274;Pazar, Eylül 27, 2015;Cumartesi, Ekim 03, 2015;Standard Class;NM-1852082;Neoma Murray;Consumer;;Coyoacán;Distrito Federal;Mexico;Central America;LATAM;OFF-EN-4911;Office Supplies;Envelopes;Jiffy Interoffice Envelope, Security-Tint;130,24;4;0;39,04;10,695;Medium;September;2015;2021
1132;MX-2015-JG1516082-42256;Çarşamba, Eylül 09, 2015;Pazartesi, Eylül 14, 2015;Standard Class;JG-1516082;James Galang;Consumer;;Tlalnepantla;México;Mexico;Central America;LATAM;OFF-BI-3737;Office Supplies;Binders;Cardinal Index Tab, Clear;4,48;1;0;1,96;1,232;Medium;September;2015;2021
9539;MX-2015-FC1433582-42262;Salı, Eylül 15, 2015;Pazar, Eylül 20, 2015;Standard Class;FC-1433582;Fred Chung;Corporate;;Tijuana;Baja California;Mexico;Central America;LATAM;OFF-BI-3293;Office Supplies;Binders;Avery Index Tab, Clear;3,86;1;0;1,42;1,278;Medium;September;2015;2021
7743;MX-2015-TB2135582-42248;Salı, Eylül 01, 2015;Pazar, Eylül 06, 2015;Standard Class;TB-2135582;Todd Boyes;Corporate;;Gómez Palacio;Durango;Mexico;Central America;LATAM;OFF-FA-6194;Office Supplies;Fasteners;Stockwell Push Pins, Assorted Sizes;15,24;2;0;4,56;1,373;Medium;September;2015;2021
1885;MX-2015-AH1046582-42249;Çarşamba, Eylül 02, 2015;Pazar, Eylül 06, 2015;Standard Class;AH-1046582;Amy Hunt;Consumer;;Mérida;Yucatán;Mexico;Central America;LATAM;OFF-AR-3548;Office Supplies;Art;Boston Pens, Fluorescent;20,64;2;0;7,84;1,472;Medium;September;2015;2021
9464;MX-2015-RH1951082-42262;Salı, Eylül 15, 2015;Pazar, Eylül 20, 2015;Standard Class;RH-1951082;Rick Huthwaite;Home Office;;Valles;San Luis Potosí;Mexico;Central America;LATAM;OFF-LA-4543;Office Supplies;Labels;Harbour Creations Removable Labels, Laser Printer Compatible;6,78;1;0;0,26;1,529;Medium;September;2015;2021
7600;MX-2015-TB2152082-42273;Cumartesi, Eylül 26, 2015;Çarşamba, Eylül 30, 2015;Standard Class;TB-2152082;Tracy Blumstein;Consumer;;Culiacán;Sinaloa;Mexico;Central America;LATAM;OFF-SU-4319;Office Supplies;Supplies;Fiskars Shears, Easy Grip;32,84;1;0;16,42;1,82;Medium;September;2015;2021
7490;US-2015-SM2095082-42274;Pazar, Eylül 27, 2015;Cuma, Ekim 02, 2015;Standard Class;SM-2095082;Suzanne McNair;Corporate;;Tepic;Nayarit;Mexico;Central America;LATAM;OFF-FA-5471;Office Supplies;Fasteners;OIC Push Pins, 12 Pack;9,56;1;0;2,18;1,855;Medium;September;2015;2021
3336;MX-2015-AS1028582-42252;Cumartesi, Eylül 05, 2015;Çarşamba, Eylül 09, 2015;Standard Class;AS-1028582;Alejandro Savely;Corporate;;Tlalnepantla;México;Mexico;Central America;LATAM;OFF-LA-6061;Office Supplies;Labels;Smead Shipping Labels, 5000 Label Set;24;3;0;7,44;1,938;Medium;September;2015;2021
2883;MX-2015-MB1808582-42272;Cuma, Eylül 25, 2015;Çarşamba, Eylül 30, 2015;Standard Class;MB-1808582;Mick Brown;Consumer;;Nicolás Romero;México;Mexico;Central America;LATAM;OFF-ST-5689;Office Supplies;Storage;Rogers Box, Wire Frame;30,72;2;0;5,8;1,995;Medium;September;2015;2021
3335;MX-2015-AS1028582-42252;Cumartesi, Eylül 05, 2015;Çarşamba, Eylül 09, 2015;Standard Class;AS-1028582;Alejandro Savely;Corporate;;Tlalnepantla;México;Mexico;Central America;LATAM;OFF-BI-3291;Office Supplies;Binders;Avery Hole Reinforcements, Economy;14,7;5;0;4,4;2,05;Medium;September;2015;2021
9540;MX-2015-FC1433582-42262;Salı, Eylül 15, 2015;Pazar, Eylül 20, 2015;Standard Class;FC-1433582;Fred Chung;Corporate;;Tijuana;Baja California;Mexico;Central America;LATAM;OFF-ST-6023;Office Supplies;Storage;Smead Box, Blue;35,9;5;0;14,3;2,092;Medium;September;2015;2021
9463;MX-2015-RH1951082-42262;Salı, Eylül 15, 2015;Pazar, Eylül 20, 2015;Standard Class;RH-1951082;Rick Huthwaite;Home Office;;Valles;San Luis Potosí;Mexico;Central America;LATAM;OFF-FA-3053;Office Supplies;Fasteners;Advantus Push Pins, 12 Pack;36,96;4;0;11,76;2,371;Medium;September;2015;2021
1884;MX-2015-AH1046582-42249;Çarşamba, Eylül 02, 2015;Pazar, Eylül 06, 2015;Standard Class;AH-1046582;Amy Hunt;Consumer;;Mérida;Yucatán;Mexico;Central America;LATAM;OFF-BI-2919;Office Supplies;Binders;Acco Index Tab, Economy;53,76;8;0;9,6;2,899;Medium;September;2015;2021
7446;MX-2015-JL1523582-42262;Salı, Eylül 15, 2015;Cumartesi, Eylül 19, 2015;Standard Class;JL-1523582;Janet Lee;Consumer;;Gómez Palacio;Durango;Mexico;Central America;LATAM;OFF-FA-5476;Office Supplies;Fasteners;OIC Rubber Bands, Assorted Sizes;48,4;5;0;11,6;3,663;Medium;September;2015;2021
5578;MX-2015-AB1016582-42255;Salı, Eylül 08, 2015;Pazartesi, Eylül 14, 2015;Standard Class;AB-1016582;Alan Barnes;Consumer;;Santa Catarina;Nuevo León;Mexico;Central America;LATAM;OFF-SU-6174;Office Supplies;Supplies;Stiletto Scissors, Serrated;67,7;5;0;6;4,157;Medium;September;2015;2021
1769;MX-2015-JD1606082-42257;Perşembe, Eylül 10, 2015;Salı, Eylül 15, 2015;Standard Class;JD-1606082;Julia Dunbar;Consumer;;Apatzingán de la Constitución;Michoacán;Mexico;Central America;LATAM;OFF-FA-2949;Office Supplies;Fasteners;Accos Push Pins, Bulk Pack;48,4;5;0;6,7;4,61;Medium;September;2015;2021
1131;MX-2015-JG1516082-42256;Çarşamba, Eylül 09, 2015;Pazartesi, Eylül 14, 2015;Standard Class;JG-1516082;James Galang;Consumer;;Tlalnepantla;México;Mexico;Central America;LATAM;OFF-PA-4481;Office Supplies;Paper;Green Bar Parchment Paper, 8.5 x 11;69,4;5;0;34,7;4,78;Medium;September;2015;2021
9647;MX-2015-HG1502582-42255;Salı, Eylül 08, 2015;Pazar, Eylül 13, 2015;Standard Class;HG-1502582;Hunter Glantz;Consumer;;Huixquilucan;México;Mexico;Central America;LATAM;OFF-AR-3534;Office Supplies;Art;Boston Highlighters, Water Color;88,2;6;0;23,76;5,72;Medium;September;2015;2021
7742;MX-2015-TB2135582-42248;Salı, Eylül 01, 2015;Pazar, Eylül 06, 2015;Standard Class;TB-2135582;Todd Boyes;Corporate;;Gómez Palacio;Durango;Mexico;Central America;LATAM;OFF-ST-5697;Office Supplies;Storage;Rogers Folders, Wire Frame;79,36;4;0;25,36;5,841;Medium;September;2015;2021
7739;MX-2015-TB2135582-42248;Salı, Eylül 01, 2015;Pazar, Eylül 06, 2015;Standard Class;TB-2135582;Todd Boyes;Corporate;;Gómez Palacio;Durango;Mexico;Central America;LATAM;OFF-FA-3062;Office Supplies;Fasteners;Advantus Rubber Bands, Bulk Pack;66,36;6;0;8,52;6,025;Medium;September;2015;2021
2880;MX-2015-MB1808582-42272;Cuma, Eylül 25, 2015;Çarşamba, Eylül 30, 2015;Standard Class;MB-1808582;Mick Brown;Consumer;;Nicolás Romero;México;Mexico;Central America;LATAM;OFF-EN-3108;Office Supplies;Envelopes;Ames Peel and Seal, Recycled;81,62;7;0;21,14;7,686;Medium;September;2015;2021
5579;MX-2015-AB1016582-42255;Salı, Eylül 08, 2015;Pazartesi, Eylül 14, 2015;Standard Class;AB-1016582;Alan Barnes;Consumer;;Santa Catarina;Nuevo León;Mexico;Central America;LATAM;OFF-EN-4924;Office Supplies;Envelopes;Jiffy Peel and Seal, Security-Tint;119,52;8;0;29,76;8,064;Medium;September;2015;2021
7495;US-2015-SM2095082-42274;Pazar, Eylül 27, 2015;Cuma, Ekim 02, 2015;Standard Class;SM-2095082;Suzanne McNair;Corporate;;Tepic;Nayarit;Mexico;Central America;LATAM;OFF-ST-4108;Office Supplies;Storage;Eldon Trays, Wire Frame;94,08;3;0;18,78;9,078;Medium;September;2015;2021
7599;MX-2015-TB2152082-42273;Cumartesi, Eylül 26, 2015;Çarşamba, Eylül 30, 2015;Standard Class;TB-2152082;Tracy Blumstein;Consumer;;Culiacán;Sinaloa;Mexico;Central America;LATAM;OFF-ST-6068;Office Supplies;Storage;Smead Trays, Wire Frame;126,8;4;0;26,56;10,167;Medium;September;2015;2021
7741;MX-2015-TB2135582-42248;Salı, Eylül 01, 2015;Pazar, Eylül 06, 2015;Standard Class;TB-2135582;Todd Boyes;Corporate;;Gómez Palacio;Durango;Mexico;Central America;LATAM;OFF-EN-4445;Office Supplies;Envelopes;GlobeWeis Mailers, Set of 50;179,9;7;0;46,76;12,162;Medium;September;2015;2021
7603;MX-2015-TB2152082-42273;Cumartesi, Eylül 26, 2015;Çarşamba, Eylül 30, 2015;Standard Class;TB-2152082;Tracy Blumstein;Consumer;;Culiacán;Sinaloa;Mexico;Central America;LATAM;OFF-AR-5903;Office Supplies;Art;Sanford Canvas, Easy-Erase;169,3;5;0;3,3;14,47;Medium;September;2015;2021
1886;MX-2015-AH1046582-42249;Çarşamba, Eylül 02, 2015;Pazar, Eylül 06, 2015;Standard Class;AH-1046582;Amy Hunt;Consumer;;Mérida;Yucatán;Mexico;Central America;LATAM;OFF-SU-4133;Office Supplies;Supplies;Elite Shears, Serrated;203,98;7;0;0;17,306;Medium;September;2015;2021
4565;MX-2015-TB2117582-42271;Perşembe, Eylül 24, 2015;Salı, Eylül 29, 2015;Standard Class;TB-2117582;Thomas Boland;Corporate;;Acuña;Coahuila;Mexico;Central America;LATAM;OFF-AP-4503;Office Supplies;Appliances;Hamilton Beach Refrigerator, Silver;667,84;2;0;287,16;34,842;Medium;September;2015;2021
6920;MX-2015-BK1126039-42262;Salı, Eylül 15, 2015;Pazar, Eylül 20, 2015;Standard Class;BK-1126039;Berenike Kampe;Consumer;;San Salvador;San Salvador;El Salvador;Central America;LATAM;OFF-FA-3019;Office Supplies;Fasteners;Advantus Clamps, 12 Pack;24,96;2;0;9,96;2,405;Medium;September;2015;2021
6921;MX-2015-BK1126039-42262;Salı, Eylül 15, 2015;Pazar, Eylül 20, 2015;Standard Class;BK-1126039;Berenike Kampe;Consumer;;San Salvador;San Salvador;El Salvador;Central America;LATAM;OFF-PA-3999;Office Supplies;Paper;Eaton Message Books, Multicolor;43,98;3;0;15,78;3,56;Medium;September;2015;2021
7954;MX-2015-LB1679539-42252;Cumartesi, Eylül 05, 2015;Perşembe, Eylül 10, 2015;Standard Class;LB-1679539;Laurel Beltran;Home Office;;San Salvador;San Salvador;El Salvador;Central America;LATAM;OFF-LA-3300;Office Supplies;Labels;Avery Legal Exhibit Labels, Laser Printer Compatible;15,12;2;0;1,64;1,607;Medium;September;2015;2021
5908;MX-2015-VP2176039-42272;Cuma, Eylül 25, 2015;Salı, Eylül 29, 2015;Standard Class;VP-2176039;Victoria Pisteka;Corporate;;Apopa;San Salvador;El Salvador;Central America;LATAM;OFF-LA-4688;Office Supplies;Labels;Hon Round Labels, Laser Printer Compatible;8,88;2;0;3,72;1,713;Medium;September;2015;2021
8802;MX-2015-RM1967539-42265;Cuma, Eylül 18, 2015;Çarşamba, Eylül 23, 2015;Standard Class;RM-1967539;Robert Marley;Home Office;;Mejicanos;San Salvador;El Salvador;Central America;LATAM;OFF-FA-3020;Office Supplies;Fasteners;Advantus Clamps, Assorted Sizes;33,48;3;0;2,64;2,399;Medium;September;2015;2021
7953;MX-2015-LB1679539-42252;Cumartesi, Eylül 05, 2015;Perşembe, Eylül 10, 2015;Standard Class;LB-1679539;Laurel Beltran;Home Office;;San Salvador;San Salvador;El Salvador;Central America;LATAM;OFF-SU-4994;Office Supplies;Supplies;Kleencut Trimmer, High Speed;82,86;3;0;16,56;2,438;Medium;September;2015;2021
8764;MX-2015-SB2029039-42273;Cumartesi, Eylül 26, 2015;Cuma, Ekim 02, 2015;Standard Class;SB-2029039;Sean Braxton;Corporate;;Apopa;San Salvador;El Salvador;Central America;LATAM;OFF-LA-5404;Office Supplies;Labels;Novimex Shipping Labels, Alphabetical;93,6;13;0;42,9;10,129;Medium;September;2015;2021
7952;MX-2015-LB1679539-42252;Cumartesi, Eylül 05, 2015;Perşembe, Eylül 10, 2015;Standard Class;LB-1679539;Laurel Beltran;Home Office;;San Salvador;San Salvador;El Salvador;Central America;LATAM;OFF-AR-5921;Office Supplies;Art;Sanford Pencil Sharpener, Easy-Erase;216,72;12;0;75,84;14,577;Medium;September;2015;2021
1365;MX-2015-EB1417051-42269;Salı, Eylül 22, 2015;Pazar, Eylül 27, 2015;Standard Class;EB-1417051;Evan Bailliet;Consumer;;Villa Nueva;Guatemala;Guatemala;Central America;LATAM;OFF-PA-4167;Office Supplies;Paper;Enermax Message Books, 8.5 x 11;35,52;2;0;14,2;1,715;Medium;September;2015;2021
1882;MX-2015-QJ1925551-42255;Salı, Eylül 08, 2015;Cumartesi, Eylül 12, 2015;Standard Class;QJ-1925551;Quincy Jones;Corporate;;Petapa;Guatemala;Guatemala;Central America;LATAM;OFF-PA-6612;Office Supplies;Paper;Xerox Memo Slips, Recycled;44,8;5;0;20,1;1,905;Medium;September;2015;2021
1366;MX-2015-EB1417051-42269;Salı, Eylül 22, 2015;Pazar, Eylül 27, 2015;Standard Class;EB-1417051;Evan Bailliet;Consumer;;Villa Nueva;Guatemala;Guatemala;Central America;LATAM;OFF-LA-4536;Office Supplies;Labels;Harbour Creations File Folder Labels, Laser Printer Compatible;11,64;2;0;1,36;1,982;Medium;September;2015;2021
5113;MX-2015-ND1837051-42276;Salı, Eylül 29, 2015;Pazar, Ekim 04, 2015;Standard Class;ND-1837051;Natalie DeCherney;Consumer;;Mixco;Guatemala;Guatemala;Central America;LATAM;OFF-ST-6059;Office Supplies;Storage;Smead Shelving, Single Width;97,92;3;0;30,3;5,518;Medium;September;2015;2021
870;MX-2015-TB2117539-42256;Çarşamba, Eylül 09, 2015;Pazartesi, Eylül 14, 2015;Standard Class;TB-2117539;Thomas Boland;Corporate;;San Martín;Cuscatlán;El Salvador;Central America;LATAM;OFF-AR-6114;Office Supplies;Art;Stanley Markers, Blue;29,6;2;0;5,92;1,972;Medium;September;2015;2021
871;MX-2015-TB2117539-42256;Çarşamba, Eylül 09, 2015;Pazartesi, Eylül 14, 2015;Standard Class;TB-2117539;Thomas Boland;Corporate;;San Martín;Cuscatlán;El Salvador;Central America;LATAM;OFF-BI-4811;Office Supplies;Binders;Ibico Binder, Clear;99,6;10;0;35,8;2,846;Medium;September;2015;2021
6994;MX-2015-JP1552039-42250;Perşembe, Eylül 03, 2015;Pazartesi, Eylül 07, 2015;Standard Class;JP-1552039;Jeremy Pistek;Consumer;;Santa Ana;Santa Ana;El Salvador;Central America;LATAM;OFF-BI-2917;Office Supplies;Binders;Acco Index Tab, Clear;40,04;7;0;10,78;2,984;Medium;September;2015;2021
3466;MX-2015-SZ2003551-42257;Perşembe, Eylül 10, 2015;Çarşamba, Eylül 16, 2015;Standard Class;SZ-2003551;Sam Zeldin;Home Office;;Quetzaltenango;Quezaltenango;Guatemala;Central America;LATAM;OFF-BI-2902;Office Supplies;Binders;Acco Binding Machine, Recycled;205,8;6;0;80,16;16,848;Medium;September;2015;2021
7537;MX-2015-DO1343593-42273;Cumartesi, Eylül 26, 2015;Cuma, Ekim 02, 2015;Standard Class;DO-1343593;Denny Ordway;Consumer;;Managua;Managua;Nicaragua;Central America;LATAM;OFF-LA-3297;Office Supplies;Labels;Avery Legal Exhibit Labels, 5000 Label Set;39,1;5;0;15,6;1,913;Medium;September;2015;2021
5017;MX-2015-DR1288093-42259;Cumartesi, Eylül 12, 2015;Perşembe, Eylül 17, 2015;Standard Class;DR-1288093;Dan Reichenbach;Corporate;;Managua;Managua;Nicaragua;Central America;LATAM;OFF-AR-3476;Office Supplies;Art;Binney & Smith Canvas, Easy-Erase;68,84;2;0;26,84;3,892;Medium;September;2015;2021
6410;MX-2015-ED1388518-42248;Salı, Eylül 01, 2015;Pazartesi, Eylül 07, 2015;Standard Class;ED-1388518;Emily Ducich;Home Office;;São Paulo;São Paulo;Brazil;South America;LATAM;OFF-AP-4748;Office Supplies;Appliances;Hoover Toaster, Silver;112,52;2;0;51,72;1,416;Medium;September;2015;2021
3534;MX-2015-JF1529518-42265;Cuma, Eylül 18, 2015;Çarşamba, Eylül 23, 2015;Standard Class;JF-1529518;Jason Fortune-;Consumer;;São Paulo;São Paulo;Brazil;South America;LATAM;OFF-BI-6399;Office Supplies;Binders;Wilson Jones Hole Reinforcements, Economy;21,14;7;0;8,54;1,434;Medium;September;2015;2021
6538;MX-2015-JM1558018-42250;Perşembe, Eylül 03, 2015;Çarşamba, Eylül 09, 2015;Standard Class;JM-1558018;Jill Matthias;Consumer;;Balneário Camboriú;Santa Catarina;Brazil;South America;LATAM;OFF-AR-5927;Office Supplies;Art;Sanford Pens, Water Color;19,04;2;0;6,08;1,137;Medium;September;2015;2021
6909;MX-2015-TS2150518-42270;Çarşamba, Eylül 23, 2015;Pazar, Eylül 27, 2015;Standard Class;TS-2150518;Tony Sayre;Consumer;;Sorriso;Mato Grosso;Brazil;South America;LATAM;OFF-BI-4829;Office Supplies;Binders;Ibico Index Tab, Durable;12,36;2;0;1,6;1,553;Medium;September;2015;2021
6535;MX-2015-JM1558018-42250;Perşembe, Eylül 03, 2015;Çarşamba, Eylül 09, 2015;Standard Class;JM-1558018;Jill Matthias;Consumer;;Balneário Camboriú;Santa Catarina;Brazil;South America;LATAM;OFF-FA-6198;Office Supplies;Fasteners;Stockwell Rubber Bands, Assorted Sizes;18,12;2;0;0,88;1,557;Medium;September;2015;2021
8994;MX-2015-TM2101018-42274;Pazar, Eylül 27, 2015;Cuma, Ekim 02, 2015;Standard Class;TM-2101018;Tamara Manning;Consumer;;Itajaí;Santa Catarina;Brazil;South America;LATAM;OFF-LA-5374;Office Supplies;Labels;Novimex Color Coded Labels, 5000 Label Set;17,08;2;0;3,56;1,705;Medium;September;2015;2021
1126;MX-2015-FH1435018-42255;Salı, Eylül 08, 2015;Cumartesi, Eylül 12, 2015;Standard Class;FH-1435018;Fred Harton;Consumer;;Sapucaia do Sul;Rio Grande do Sul;Brazil;South America;LATAM;OFF-LA-4685;Office Supplies;Labels;Hon Round Labels, 5000 Label Set;9,4;2;0;1,88;1,708;Medium;September;2015;2021
5477;MX-2015-KW1657018-42258;Cuma, Eylül 11, 2015;Salı, Eylül 15, 2015;Standard Class;KW-1657018;Kelly Williams;Consumer;;Apucarana;Parana;Brazil;South America;LATAM;OFF-LA-4529;Office Supplies;Labels;Harbour Creations Color Coded Labels, Laser Printer Compatible;43;5;0;16,3;1,771;Medium;September;2015;2021
9048;MX-2015-BW1106518-42252;Cumartesi, Eylül 05, 2015;Çarşamba, Eylül 09, 2015;Standard Class;BW-1106518;Barry Weirich;Consumer;;Montes Claros;Minas Gerais;Brazil;South America;LATAM;OFF-ST-5687;Office Supplies;Storage;Rogers Box, Industrial;48,9;3;0;18,06;2,394;Medium;September;2015;2021
8996;MX-2015-TM2101018-42274;Pazar, Eylül 27, 2015;Cuma, Ekim 02, 2015;Standard Class;TM-2101018;Tamara Manning;Consumer;;Itajaí;Santa Catarina;Brazil;South America;LATAM;OFF-FA-6207;Office Supplies;Fasteners;Stockwell Thumb Tacks, Bulk Pack;43,8;5;0;9,6;2,838;Medium;September;2015;2021
7372;MX-2015-TS2165518-42270;Çarşamba, Eylül 23, 2015;Salı, Eylül 29, 2015;Standard Class;TS-2165518;Trudy Schmidt;Consumer;;Goiânia;Goiás;Brazil;South America;LATAM;OFF-EN-4924;Office Supplies;Envelopes;Jiffy Peel and Seal, Security-Tint;44,82;3;0;11,16;3,056;Medium;September;2015;2021
6537;MX-2015-JM1558018-42250;Perşembe, Eylül 03, 2015;Çarşamba, Eylül 09, 2015;Standard Class;JM-1558018;Jill Matthias;Consumer;;Balneário Camboriú;Santa Catarina;Brazil;South America;LATAM;OFF-SU-2996;Office Supplies;Supplies;Acme Shears, Steel;65,76;2;0;12,48;3,401;Medium;September;2015;2021
6540;MX-2015-JM1558018-42250;Perşembe, Eylül 03, 2015;Çarşamba, Eylül 09, 2015;Standard Class;JM-1558018;Jill Matthias;Consumer;;Balneário Camboriú;Santa Catarina;Brazil;South America;LATAM;OFF-BI-6385;Office Supplies;Binders;Wilson Jones Binding Machine, Recycled;65,76;2;0;4,6;4,21;Medium;September;2015;2021
7369;MX-2015-TS2165518-42270;Çarşamba, Eylül 23, 2015;Salı, Eylül 29, 2015;Standard Class;TS-2165518;Trudy Schmidt;Consumer;;Goiânia;Goiás;Brazil;South America;LATAM;OFF-BI-6372;Office Supplies;Binders;Wilson Jones 3-Hole Punch, Recycled;75,6;4;0;15,12;5,555;Medium;September;2015;2021
5024;MX-2015-AM1036018-42273;Cumartesi, Eylül 26, 2015;Cumartesi, Ekim 03, 2015;Standard Class;AM-1036018;Alice McCarthy;Corporate;;Simões Filho;Bahia;Brazil;South America;LATAM;OFF-PA-4177;Office Supplies;Paper;Enermax Note Cards, Premium;19,94;1;0;5,18;1,139;Medium;September;2015;2021
5025;MX-2015-AM1036018-42273;Cumartesi, Eylül 26, 2015;Cumartesi, Ekim 03, 2015;Standard Class;AM-1036018;Alice McCarthy;Corporate;;Simões Filho;Bahia;Brazil;South America;LATAM;OFF-BI-2896;Office Supplies;Binders;Acco Binder, Durable;77,7;7;0;38,78;3,735;Medium;September;2015;2021
956;MX-2015-EH1400518-42271;Perşembe, Eylül 24, 2015;Pazartesi, Eylül 28, 2015;Standard Class;EH-1400518;Erica Hernandez;Home Office;;Uruguaiana;Rio Grande do Sul;Brazil;South America;LATAM;OFF-ST-6067;Office Supplies;Storage;Smead Trays, Single Width;64,68;2;0;23,92;3,862;Medium;September;2015;2021
8825;MX-2015-BM1157518-42258;Cuma, Eylül 11, 2015;Salı, Eylül 15, 2015;Standard Class;BM-1157518;Brendan Murry;Corporate;;Francisco Beltrão;Parana;Brazil;South America;LATAM;OFF-ST-5696;Office Supplies;Storage;Rogers Folders, Single Width;61,44;3;0;6,72;3,911;Medium;September;2015;2021
3461;MX-2015-HG1484531-42260;Pazar, Eylül 13, 2015;Cuma, Eylül 18, 2015;Standard Class;HG-1484531;Harry Greene;Consumer;;Manzanillo;Granma;Cuba;Caribbean;LATAM;OFF-LA-5399;Office Supplies;Labels;Novimex Round Labels, Adjustable;8,34;3;0;3,72;1,52;Medium;September;2015;2021
5056;MX-2015-DO1343531-42262;Salı, Eylül 15, 2015;Cumartesi, Eylül 19, 2015;Standard Class;DO-1343531;Denny Ordway;Consumer;;Camagüey;Camagüey;Cuba;Caribbean;LATAM;OFF-BI-3734;Office Supplies;Binders;Cardinal Hole Reinforcements, Durable;13,68;3;0;3,12;1,896;Medium;September;2015;2021
5055;MX-2015-DO1343531-42262;Salı, Eylül 15, 2015;Cumartesi, Eylül 19, 2015;Standard Class;DO-1343531;Denny Ordway;Consumer;;Camagüey;Camagüey;Cuba;Caribbean;LATAM;OFF-AR-3554;Office Supplies;Art;Boston Sketch Pad, Fluorescent;132,96;4;0;53,12;4,594;Medium;September;2015;2021
894;MX-2015-GM1445531-42269;Salı, Eylül 22, 2015;Pazar, Eylül 27, 2015;Standard Class;GM-1445531;Gary Mitchum;Home Office;;Moa;Holguín;Cuba;Caribbean;LATAM;OFF-LA-4550;Office Supplies;Labels;Harbour Creations Round Labels, Alphabetical;8,76;2;0;3,12;1,701;Medium;September;2015;2021
893;MX-2015-GM1445531-42269;Salı, Eylül 22, 2015;Pazar, Eylül 27, 2015;Standard Class;GM-1445531;Gary Mitchum;Home Office;;Moa;Holguín;Cuba;Caribbean;LATAM;OFF-LA-5389;Office Supplies;Labels;Novimex Legal Exhibit Labels, Alphabetical;13,72;2;0;1,92;1,758;Medium;September;2015;2021
5038;MX-2015-PH1879031-42248;Salı, Eylül 01, 2015;Pazartesi, Eylül 07, 2015;Standard Class;PH-1879031;Patricia Hirasaki;Home Office;;Cárdenas;Matanzas;Cuba;Caribbean;LATAM;OFF-SU-2991;Office Supplies;Supplies;Acme Scissors, Steel;99,36;6;0;32,76;3,446;Medium;September;2015;2021
895;MX-2015-GM1445531-42269;Salı, Eylül 22, 2015;Pazar, Eylül 27, 2015;Standard Class;GM-1445531;Gary Mitchum;Home Office;;Moa;Holguín;Cuba;Caribbean;LATAM;OFF-AR-3494;Office Supplies;Art;Binney & Smith Pencil Sharpener, Water Color;159,2;8;0;23,84;9,389;Medium;September;2015;2021
5834;MX-2015-EM1381031-42266;Cumartesi, Eylül 19, 2015;Cumartesi, Eylül 26, 2015;Standard Class;EM-1381031;Eleni McCrary;Corporate;;San José de las Lajas;Mayabeque;Cuba;Caribbean;LATAM;OFF-PA-5849;Office Supplies;Paper;SanDisk Cards & Envelopes, Premium;193,68;6;0;96,84;12,612;Medium;September;2015;2021
49934;CA-2015-RD958523-42259;Cumartesi, Eylül 12, 2015;Perşembe, Eylül 17, 2015;Standard Class;RD-958523;Rob Dowd;Consumer;;Vancouver;British Columbia;Canada;Canada;USCA;OFF-LA-4538;Office Supplies;Labels;Harbour Creations Legal Exhibit Labels, Adjustable;8,85;1;0;4,05;1,7;Medium;September;2015;2021
50818;CA-2015-KT646523-42264;Perşembe, Eylül 17, 2015;Pazartesi, Eylül 21, 2015;Standard Class;KT-646523;Kean Takahito;Consumer;;Mississauga;Ontario;Canada;Canada;USCA;OFF-BI-4825;Office Supplies;Binders;Ibico Hole Reinforcements, Economy;6,99;1;0;3,42;1,15;Medium;September;2015;2021
50817;CA-2015-KT646523-42264;Perşembe, Eylül 17, 2015;Pazartesi, Eylül 21, 2015;Standard Class;KT-646523;Kean Takahito;Consumer;;Mississauga;Ontario;Canada;Canada;USCA;OFF-PA-4001;Office Supplies;Paper;Eaton Message Books, Recycled;40,98;2;0;5,7;3,31;Medium;September;2015;2021
43403;CA-2015-JH618023-42256;Çarşamba, Eylül 09, 2015;Salı, Eylül 15, 2015;Standard Class;JH-618023;Justin Hirsh;Consumer;;Saskatoon;Saskatchewan;Canada;Canada;USCA;OFF-PA-5892;Office Supplies;Paper;SanDisk Parchment Paper, Premium;16,71;1;0;3,15;1,53;Medium;September;2015;2021
43402;CA-2015-JH618023-42256;Çarşamba, Eylül 09, 2015;Salı, Eylül 15, 2015;Standard Class;JH-618023;Justin Hirsh;Consumer;;Saskatoon;Saskatchewan;Canada;Canada;USCA;OFF-FA-3063;Office Supplies;Fasteners;Advantus Rubber Bands, Metal;16,71;1;0;4,17;1,97;Medium;September;2015;2021
47453;CA-2015-HG496523-42270;Çarşamba, Eylül 23, 2015;Pazartesi, Eylül 28, 2015;Standard Class;HG-496523;Henry Goldwyn;Corporate;;London;Ontario;Canada;Canada;USCA;OFF-ST-4060;Office Supplies;Storage;Eldon Folders, Blue;16,98;1;0;2,88;1,77;Medium;September;2015;2021
47454;CA-2015-HG496523-42270;Çarşamba, Eylül 23, 2015;Pazartesi, Eylül 28, 2015;Standard Class;HG-496523;Henry Goldwyn;Corporate;;London;Ontario;Canada;Canada;USCA;OFF-SU-2980;Office Supplies;Supplies;Acme Letter Opener, Steel;29,61;1;0;12,12;3,32;Medium;September;2015;2021
47455;CA-2015-HG496523-42270;Çarşamba, Eylül 23, 2015;Pazartesi, Eylül 28, 2015;Standard Class;HG-496523;Henry Goldwyn;Corporate;;London;Ontario;Canada;Canada;USCA;OFF-SU-2991;Office Supplies;Supplies;Acme Scissors, Steel;198,72;8;0;93,36;15,42;Medium;September;2015;2021
6022;MX-2015-CS1217537-42251;Cuma, Eylül 04, 2015;Salı, Eylül 08, 2015;Standard Class;CS-1217537;Charles Sheldon;Corporate;;Quito;Pichincha;Ecuador;South America;LATAM;OFF-LA-5399;Office Supplies;Labels;Novimex Round Labels, Adjustable;5,56;2;0;2,48;1,363;Medium;September;2015;2021
1658;MX-2015-TS2120537-42250;Perşembe, Eylül 03, 2015;Pazartesi, Eylül 07, 2015;Standard Class;TS-2120537;Thomas Seio;Corporate;;Guayaquil;Guayas;Ecuador;South America;LATAM;OFF-AR-3460;Office Supplies;Art;BIC Pencil Sharpener, Blue;38,68;2;0;18,16;1,536;Medium;September;2015;2021
1655;MX-2015-TS2120537-42250;Perşembe, Eylül 03, 2015;Pazartesi, Eylül 07, 2015;Standard Class;TS-2120537;Thomas Seio;Corporate;;Guayaquil;Guayas;Ecuador;South America;LATAM;OFF-LA-4664;Office Supplies;Labels;Hon Legal Exhibit Labels, Alphabetical;28,48;4;0;2,24;2,253;Medium;September;2015;2021
937;MX-2015-NC1841528-42264;Perşembe, Eylül 17, 2015;Çarşamba, Eylül 23, 2015;Standard Class;NC-1841528;Nathan Cano;Consumer;;Cúcuta;Norte de Santander;Colombia;South America;LATAM;OFF-BI-6372;Office Supplies;Binders;Wilson Jones 3-Hole Punch, Recycled;37,8;2;0;7,56;2,757;Medium;September;2015;2021
935;MX-2015-NC1841528-42264;Perşembe, Eylül 17, 2015;Çarşamba, Eylül 23, 2015;Standard Class;NC-1841528;Nathan Cano;Consumer;;Cúcuta;Norte de Santander;Colombia;South America;LATAM;OFF-SU-4974;Office Supplies;Supplies;Kleencut Box Cutter, High Speed;69,3;3;0;30,48;2,919;Medium;September;2015;2021
934;MX-2015-NC1841528-42264;Perşembe, Eylül 17, 2015;Çarşamba, Eylül 23, 2015;Standard Class;NC-1841528;Nathan Cano;Consumer;;Cúcuta;Norte de Santander;Colombia;South America;LATAM;OFF-FA-5487;Office Supplies;Fasteners;OIC Thumb Tacks, Metal;28,38;3;0;7,08;2,955;Medium;September;2015;2021
936;MX-2015-NC1841528-42264;Perşembe, Eylül 17, 2015;Çarşamba, Eylül 23, 2015;Standard Class;NC-1841528;Nathan Cano;Consumer;;Cúcuta;Norte de Santander;Colombia;South America;LATAM;OFF-ST-4057;Office Supplies;Storage;Eldon File Cart, Single Width;255,84;3;0;46,02;21,025;Medium;September;2015;2021
45897;MO-2015-PO919586-42264;Perşembe, Eylül 17, 2015;Pazartesi, Eylül 21, 2015;Standard Class;PO-919586;Phillina Ober;Home Office;;Tangier;Tanger-Tétouan;Morocco;North Africa;Africa;OFF-FA-6197;Office Supplies;Fasteners;Stockwell Rubber Bands, 12 Pack;15,96;1;0;1,59;1,48;Medium;September;2015;2021
41806;EG-2015-JH582038-42252;Cumartesi, Eylül 05, 2015;Perşembe, Eylül 10, 2015;Standard Class;JH-582038;John Huston;Consumer;;Alexandria;Al Iskandariyah;Egypt;North Africa;Africa;OFF-AR-3452;Office Supplies;Art;BIC Highlighters, Easy-Erase;19,2;1;0;4,41;1,11;Medium;September;2015;2021
42626;SU-2015-BD1725122-42253;Pazar, Eylül 06, 2015;Cuma, Eylül 11, 2015;Standard Class;BD-1725122;Bruce Degenhardt;Consumer;;Bur Sudan;Red Sea;Sudan;North Africa;Africa;OFF-ST-4253;Office Supplies;Storage;Fellowes Box, Wire Frame;18,75;1;0;8,61;2,09;Medium;September;2015;2021
43275;TS-2015-WB11850133-42255;Salı, Eylül 08, 2015;Pazar, Eylül 13, 2015;Standard Class;WB-11850133;William Brown;Consumer;;Tunis;Tunis;Tunisia;North Africa;Africa;OFF-PA-4148;Office Supplies;Paper;Enermax Computer Printout Paper, Multicolor;29,88;1;0;0,87;2,75;Medium;September;2015;2021
49932;BN-2015-TS1143015-42251;Cuma, Eylül 04, 2015;Çarşamba, Eylül 09, 2015;Standard Class;TS-1143015;Tom Stivers;Corporate;;Cotonou;Littoral;Benin;Western Africa;Africa;OFF-AR-5933;Office Supplies;Art;Sanford Sketch Pad, Water Color;48,66;1;0;22,86;1,19;Medium;September;2015;2021
47644;IV-2015-HG502529-42273;Cumartesi, Eylül 26, 2015;Perşembe, Ekim 01, 2015;Standard Class;HG-502529;Hunter Glantz;Consumer;;Abidjan;Lagunes;Cote d'Ivoire;Western Africa;Africa;OFF-BI-3720;Office Supplies;Binders;Cardinal Binder, Clear;13,29;1;0;0,39;1,23;Medium;September;2015;2021
42542;BN-2015-TP1156515-42266;Cumartesi, Eylül 19, 2015;Çarşamba, Eylül 23, 2015;Standard Class;TP-1156515;Tracy Poddar;Corporate;;Cotonou;Littoral;Benin;Western Africa;Africa;OFF-BI-6398;Office Supplies;Binders;Wilson Jones Hole Reinforcements, Durable;6,03;1;0;1,86;1,44;Medium;September;2015;2021
41530;AO-2015-JF54154-42272;Cuma, Eylül 25, 2015;Çarşamba, Eylül 30, 2015;Standard Class;JF-54154;Jennifer Ferguson;Consumer;;Luanda;Luanda;Angola;Central Africa;Africa;OFF-BI-6400;Office Supplies;Binders;Wilson Jones Hole Reinforcements, Recycled;4,89;1;0;1,17;1,47;Medium;September;2015;2021
43503;SG-2015-LB6795111-42266;Cumartesi, Eylül 19, 2015;Çarşamba, Eylül 23, 2015;Standard Class;LB-6795111;Laurel Beltran;Home Office;;Dakar;Dakar;Senegal;Western Africa;Africa;OFF-AR-3533;Office Supplies;Art;Boston Highlighters, Fluorescent;20,13;1;0;5,22;1,59;Medium;September;2015;2021
48719;IV-2015-EH394529-42258;Cuma, Eylül 11, 2015;Çarşamba, Eylül 16, 2015;Standard Class;EH-394529;Eric Hoffmann;Consumer;;Abidjan;Lagunes;Cote d'Ivoire;Western Africa;Africa;OFF-AR-6117;Office Supplies;Art;Stanley Markers, Water Color;25,38;1;0;8,37;1,67;Medium;September;2015;2021
41529;AO-2015-JF54154-42272;Cuma, Eylül 25, 2015;Çarşamba, Eylül 30, 2015;Standard Class;JF-54154;Jennifer Ferguson;Consumer;;Luanda;Luanda;Angola;Central Africa;Africa;OFF-SU-4322;Office Supplies;Supplies;Fiskars Shears, Steel;47,04;1;0;13,62;1,82;Medium;September;2015;2021
48834;SF-2015-DK3375117-42252;Cumartesi, Eylül 05, 2015;Perşembe, Eylül 10, 2015;Standard Class;DK-3375117;Dennis Kane;Consumer;;Cape Town;Western Cape;South Africa;Southern Africa;Africa;OFF-SU-4126;Office Supplies;Supplies;Elite Ruler, Steel;13,2;1;0;3,54;1,93;Medium;September;2015;2021
43211;CG-2015-JR570033-42272;Cuma, Eylül 25, 2015;Çarşamba, Eylül 30, 2015;Standard Class;JR-570033;Jocasta Rupert;Consumer;;Kinshasa;Kinshasa;Democratic Republic of the Congo;Central Africa;Africa;OFF-ST-4295;Office Supplies;Storage;Fellowes Trays, Single Width;57,42;1;0;28,71;4,85;Medium;September;2015;2021
49189;CM-2015-HD478522-42263;Çarşamba, Eylül 16, 2015;Pazartesi, Eylül 21, 2015;Standard Class;HD-478522;Harold Dahlen;Home Office;;Nkongsamba;Littoral;Cameroon;Central Africa;Africa;OFF-ST-4057;Office Supplies;Storage;Eldon File Cart, Single Width;127,92;1;0;23,01;7,8;Medium;September;2015;2021
48265;EG-2015-VF1171538-42275;Pazartesi, Eylül 28, 2015;Pazar, Ekim 04, 2015;Standard Class;VF-1171538;Vicky Freymann;Home Office;;Cairo;Al Qahirah;Egypt;North Africa;Africa;OFF-PA-5870;Office Supplies;Paper;SanDisk Memo Slips, Premium;33,96;2;0;12,9;2,16;Medium;September;2015;2021
43502;SG-2015-LB6795111-42266;Cumartesi, Eylül 19, 2015;Çarşamba, Eylül 23, 2015;Standard Class;LB-6795111;Laurel Beltran;Home Office;;Dakar;Dakar;Senegal;Western Africa;Africa;OFF-BI-4829;Office Supplies;Binders;Ibico Index Tab, Durable;18,54;2;0;8,1;1,72;Medium;September;2015;2021
48720;IV-2015-EH394529-42258;Cuma, Eylül 11, 2015;Çarşamba, Eylül 16, 2015;Standard Class;EH-394529;Eric Hoffmann;Consumer;;Abidjan;Lagunes;Cote d'Ivoire;Western Africa;Africa;OFF-AR-6117;Office Supplies;Art;Stanley Markers, Water Color;50,76;2;0;16,74;2,17;Medium;September;2015;2021
49188;CM-2015-HD478522-42263;Çarşamba, Eylül 16, 2015;Pazartesi, Eylül 21, 2015;Standard Class;HD-478522;Harold Dahlen;Home Office;;Nkongsamba;Littoral;Cameroon;Central Africa;Africa;OFF-ST-4260;Office Supplies;Storage;Fellowes File Cart, Wire Frame;272,76;2;0;57,24;21,62;Medium;September;2015;2021
42538;GH-2015-SR1074049-42273;Cumartesi, Eylül 26, 2015;Perşembe, Ekim 01, 2015;Standard Class;SR-1074049;Steven Roelle;Home Office;;Kumasi;Ashanti;Ghana;Western Africa;Africa;OFF-ST-4029;Office Supplies;Storage;Eldon Box, Industrial;42,96;4;0;15,84;2,4;Medium;September;2015;2021
45895;MO-2015-PO919586-42264;Perşembe, Eylül 17, 2015;Pazartesi, Eylül 21, 2015;Standard Class;PO-919586;Phillina Ober;Home Office;;Tangier;Tanger-Tétouan;Morocco;North Africa;Africa;OFF-EN-3089;Office Supplies;Envelopes;Ames Business Envelopes, Security-Tint;58,56;4;0;19,8;4,49;Medium;September;2015;2021
49982;ML-2015-NP868579-42255;Salı, Eylül 08, 2015;Cumartesi, Eylül 12, 2015;Standard Class;NP-868579;Nora Pelletier;Home Office;;Kayes;Kayes;Mali;Western Africa;Africa;OFF-BI-3186;Office Supplies;Binders;Avery 3-Hole Punch, Clear;109,32;4;0;14,16;7,34;Medium;September;2015;2021
43212;CG-2015-JR570033-42272;Cuma, Eylül 25, 2015;Çarşamba, Eylül 30, 2015;Standard Class;JR-570033;Jocasta Rupert;Consumer;;Kinshasa;Kinshasa;Democratic Republic of the Congo;Central Africa;Africa;OFF-ST-5692;Office Supplies;Storage;Rogers File Cart, Industrial;566,4;4;0;96,24;14,89;Medium;September;2015;2021
43154;SG-2015-AJ945111-42265;Cuma, Eylül 18, 2015;Çarşamba, Eylül 23, 2015;Standard Class;AJ-945111;Ashley Jarboe;Consumer;;Ouagadougou;Centre;Burkina Faso;Western Africa;Africa;OFF-AR-3494;Office Supplies;Art;Binney & Smith Pencil Sharpener, Water Color;215,52;8;0;99,12;5,66;Medium;September;2015;2021
48266;EG-2015-VF1171538-42275;Pazartesi, Eylül 28, 2015;Pazar, Ekim 04, 2015;Standard Class;VF-1171538;Vicky Freymann;Home Office;;Cairo;Al Qahirah;Egypt;North Africa;Africa;OFF-BI-2898;Office Supplies;Binders;Acco Binder, Recycled;93,06;6;0;2,7;7,52;Medium;September;2015;2021
48759;MO-2015-BN151586-42270;Çarşamba, Eylül 23, 2015;Pazartesi, Eylül 28, 2015;Standard Class;BN-151586;Bradley Nguyen;Consumer;;Casablanca;Grand Casablanca;Morocco;North Africa;Africa;OFF-EN-4444;Office Supplies;Envelopes;GlobeWeis Mailers, Security-Tint;245,7;6;0;95,76;12,27;Medium;September;2015;2021
43213;CG-2015-JR570033-42272;Cuma, Eylül 25, 2015;Çarşamba, Eylül 30, 2015;Standard Class;JR-570033;Jocasta Rupert;Consumer;;Kinshasa;Kinshasa;Democratic Republic of the Congo;Central Africa;Africa;OFF-AR-3449;Office Supplies;Art;BIC Canvas, Fluorescent;769,44;14;0;269,22;42,57;Medium;September;2015;2021
29946;IN-2015-AW1084027-42251;Cuma, Eylül 04, 2015;Perşembe, Eylül 10, 2015;Standard Class;AW-1084027;Anthony Witt;Consumer;;Jieyang;Guangdong;China;Eastern Asia;Asia Pacific;OFF-LA-6043;Office Supplies;Labels;Smead Legal Exhibit Labels, Adjustable;27;3;0;11,61;2,76;Medium;September;2015;2021
22433;IN-2015-FM1429027-42264;Perşembe, Eylül 17, 2015;Salı, Eylül 22, 2015;Standard Class;FM-1429027;Frank Merwin;Home Office;;Shenzhen;Guangdong;China;Eastern Asia;Asia Pacific;OFF-EN-4438;Office Supplies;Envelopes;GlobeWeis Clasp Envelope, with clear poly window;53,76;4;0;17,64;4,2;Medium;September;2015;2021
22434;IN-2015-FM1429027-42264;Perşembe, Eylül 17, 2015;Salı, Eylül 22, 2015;Standard Class;FM-1429027;Frank Merwin;Home Office;;Shenzhen;Guangdong;China;Eastern Asia;Asia Pacific;OFF-FA-5474;Office Supplies;Fasteners;OIC Push Pins, Metal;45,09;3;0;21,15;5,19;Medium;September;2015;2021
29947;IN-2015-AW1084027-42251;Cuma, Eylül 04, 2015;Perşembe, Eylül 10, 2015;Standard Class;AW-1084027;Anthony Witt;Consumer;;Jieyang;Guangdong;China;Eastern Asia;Asia Pacific;OFF-ST-5696;Office Supplies;Storage;Rogers Folders, Single Width;92,16;3;0;27,63;5,76;Medium;September;2015;2021
26446;IN-2015-SV2081527-42258;Cuma, Eylül 11, 2015;Salı, Eylül 15, 2015;Standard Class;SV-2081527;Stuart Van;Corporate;;Shenzhen;Guangdong;China;Eastern Asia;Asia Pacific;OFF-ST-4078;Office Supplies;Storage;Eldon Lockers, Blue;1781,19;9;0;35,37;89,54;Medium;September;2015;2021
23217;IN-2015-LW1682527-42261;Pazartesi, Eylül 14, 2015;Cuma, Eylül 18, 2015;Standard Class;LW-1682527;Laurel Workman;Corporate;;Jinhua;Zhejiang;China;Eastern Asia;Asia Pacific;OFF-EN-3654;Office Supplies;Envelopes;Cameo Business Envelopes, Recycled;31,5;2;0;6,9;1,14;Medium;September;2015;2021
22786;IN-2015-EH1400527-42276;Salı, Eylül 29, 2015;Cumartesi, Ekim 03, 2015;Standard Class;EH-1400527;Erica Hernandez;Home Office;;Chongqing;Chongqing;China;Eastern Asia;Asia Pacific;OFF-SU-4312;Office Supplies;Supplies;Fiskars Ruler, High Speed;14,43;1;0;2,16;1,45;Medium;September;2015;2021
24484;IN-2015-MM1726027-42262;Salı, Eylül 15, 2015;Salı, Eylül 22, 2015;Standard Class;MM-1726027;Magdelene Morse;Consumer;;Chongqing;Chongqing;China;Eastern Asia;Asia Pacific;OFF-BI-2882;Office Supplies;Binders;Acco 3-Hole Punch, Durable;63,24;2;0;0,6;1,53;Medium;September;2015;2021
23561;IN-2015-DE1325527-42265;Cuma, Eylül 18, 2015;Çarşamba, Eylül 23, 2015;Standard Class;DE-1325527;Deanra Eno;Home Office;;Renqiu;Hebei;China;Eastern Asia;Asia Pacific;OFF-FA-5465;Office Supplies;Fasteners;OIC Clamps, Metal;19,89;1;0;1,59;1,57;Medium;September;2015;2021
22841;IN-2015-BE1133527-42276;Salı, Eylül 29, 2015;Cumartesi, Ekim 03, 2015;Standard Class;BE-1133527;Bill Eplett;Home Office;;Liaocheng;Shandong;China;Eastern Asia;Asia Pacific;OFF-ST-6057;Office Supplies;Storage;Smead Shelving, Blue;244,65;5;0;107,55;1,6;Medium;September;2015;2021
22838;IN-2015-BE1133527-42276;Salı, Eylül 29, 2015;Cumartesi, Ekim 03, 2015;Standard Class;BE-1133527;Bill Eplett;Home Office;;Liaocheng;Shandong;China;Eastern Asia;Asia Pacific;OFF-LA-3320;Office Supplies;Labels;Avery Shipping Labels, 5000 Label Set;36,72;3;0;13,14;1,76;Medium;September;2015;2021
22787;IN-2015-EH1400527-42276;Salı, Eylül 29, 2015;Cumartesi, Ekim 03, 2015;Standard Class;EH-1400527;Erica Hernandez;Home Office;;Chongqing;Chongqing;China;Eastern Asia;Asia Pacific;OFF-PA-5854;Office Supplies;Paper;SanDisk Computer Printout Paper, Recycled;29,7;1;0;6,81;1,8;Medium;September;2015;2021
22840;IN-2015-BE1133527-42276;Salı, Eylül 29, 2015;Cumartesi, Ekim 03, 2015;Standard Class;BE-1133527;Bill Eplett;Home Office;;Liaocheng;Shandong;China;Eastern Asia;Asia Pacific;OFF-BI-6405;Office Supplies;Binders;Wilson Jones Index Tab, Recycled;27,24;4;0;12,48;1,95;Medium;September;2015;2021
22846;IN-2015-BE1133527-42276;Salı, Eylül 29, 2015;Cumartesi, Ekim 03, 2015;Standard Class;BE-1133527;Bill Eplett;Home Office;;Liaocheng;Shandong;China;Eastern Asia;Asia Pacific;OFF-EN-3669;Office Supplies;Envelopes;Cameo Manila Envelope, Recycled;51,6;2;0;23,22;1,98;Medium;September;2015;2021
20754;IN-2015-SC2072527-42270;Çarşamba, Eylül 23, 2015;Çarşamba, Eylül 30, 2015;Standard Class;SC-2072527;Steven Cartwright;Consumer;;Changzhou;Jiangsu;China;Eastern Asia;Asia Pacific;OFF-FA-2958;Office Supplies;Fasteners;Accos Staples, Metal;44,28;4;0;0,36;2,65;Medium;September;2015;2021
22837;IN-2015-BE1133527-42276;Salı, Eylül 29, 2015;Cumartesi, Ekim 03, 2015;Standard Class;BE-1133527;Bill Eplett;Home Office;;Liaocheng;Shandong;China;Eastern Asia;Asia Pacific;OFF-BI-6379;Office Supplies;Binders;Wilson Jones Binder, Durable;43,56;3;0;12,6;3,14;Medium;September;2015;2021
22839;IN-2015-BE1133527-42276;Salı, Eylül 29, 2015;Cumartesi, Ekim 03, 2015;Standard Class;BE-1133527;Bill Eplett;Home Office;;Liaocheng;Shandong;China;Eastern Asia;Asia Pacific;OFF-BI-3719;Office Supplies;Binders;Cardinal Binder Covers, Recycled;49,44;4;0;21,24;3,34;Medium;September;2015;2021
28788;IN-2015-LM1706527-42265;Cuma, Eylül 18, 2015;Salı, Eylül 22, 2015;Standard Class;LM-1706527;Liz MacKendrick;Consumer;;Jiaozuo;Henan;China;Eastern Asia;Asia Pacific;OFF-AR-6120;Office Supplies;Art;Stanley Pencil Sharpener, Water Color;55,92;2;0;11,7;4,01;Medium;September;2015;2021
22835;IN-2015-BE1133527-42276;Salı, Eylül 29, 2015;Cumartesi, Ekim 03, 2015;Standard Class;BE-1133527;Bill Eplett;Home Office;;Liaocheng;Shandong;China;Eastern Asia;Asia Pacific;OFF-FA-5471;Office Supplies;Fasteners;OIC Push Pins, 12 Pack;57,36;4;0;28,68;4,07;Medium;September;2015;2021
22845;IN-2015-BE1133527-42276;Salı, Eylül 29, 2015;Cumartesi, Ekim 03, 2015;Standard Class;BE-1133527;Bill Eplett;Home Office;;Liaocheng;Shandong;China;Eastern Asia;Asia Pacific;OFF-SU-6182;Office Supplies;Supplies;Stiletto Trimmer, Serrated;78,9;2;0;24,42;5,52;Medium;September;2015;2021
22842;IN-2015-BE1133527-42276;Salı, Eylül 29, 2015;Cumartesi, Ekim 03, 2015;Standard Class;BE-1133527;Bill Eplett;Home Office;;Liaocheng;Shandong;China;Eastern Asia;Asia Pacific;OFF-BI-6369;Office Supplies;Binders;Wilson Jones 3-Hole Punch, Clear;54,9;2;0;8,76;5,98;Medium;September;2015;2021
28308;IN-2015-JE1561027-42273;Cumartesi, Eylül 26, 2015;Cuma, Ekim 02, 2015;Standard Class;JE-1561027;Jim Epp;Corporate;;Kunming;Yunnan;China;Eastern Asia;Asia Pacific;OFF-SU-6180;Office Supplies;Supplies;Stiletto Trimmer, Easy Grip;221,85;5;0;102;8,69;Medium;September;2015;2021
22785;IN-2015-EH1400527-42276;Salı, Eylül 29, 2015;Cumartesi, Ekim 03, 2015;Standard Class;EH-1400527;Erica Hernandez;Home Office;;Chongqing;Chongqing;China;Eastern Asia;Asia Pacific;OFF-PA-4461;Office Supplies;Paper;Green Bar Cards & Envelopes, 8.5 x 11;157,59;3;0;18,9;9,12;Medium;September;2015;2021
23216;IN-2015-LW1682527-42261;Pazartesi, Eylül 14, 2015;Cuma, Eylül 18, 2015;Standard Class;LW-1682527;Laurel Workman;Corporate;;Jinhua;Zhejiang;China;Eastern Asia;Asia Pacific;OFF-AR-5902;Office Supplies;Art;Sanford Canvas, Blue;151,56;3;0;39,33;9,86;Medium;September;2015;2021
21997;IN-2015-RS1942027-42270;Çarşamba, Eylül 23, 2015;Pazartesi, Eylül 28, 2015;Standard Class;RS-1942027;Ricardo Sperren;Corporate;;Suzhou;Jiangsu;China;Eastern Asia;Asia Pacific;OFF-AR-3545;Office Supplies;Art;Boston Pencil Sharpener, Water Color;257,04;8;0;95,04;15,5;Medium;September;2015;2021
22844;IN-2015-BE1133527-42276;Salı, Eylül 29, 2015;Cumartesi, Ekim 03, 2015;Standard Class;BE-1133527;Bill Eplett;Home Office;;Liaocheng;Shandong;China;Eastern Asia;Asia Pacific;OFF-ST-6032;Office Supplies;Storage;Smead File Cart, Industrial;385,2;3;0;107,82;34,49;Medium;September;2015;2021
27368;IN-2015-NH1861058-42259;Cumartesi, Eylül 12, 2015;Çarşamba, Eylül 16, 2015;Standard Class;NH-1861058;Nicole Hansen;Corporate;;Akola;Maharashtra;India;Southern Asia;Asia Pacific;OFF-AR-6120;Office Supplies;Art;Stanley Pencil Sharpener, Water Color;83,88;3;0;17,55;3,54;Medium;September;2015;2021
28035;IN-2015-DC1285058-42272;Cuma, Eylül 25, 2015;Salı, Eylül 29, 2015;Standard Class;DC-1285058;Dan Campbell;Consumer;;Kanpur;Uttar Pradesh;India;Southern Asia;Asia Pacific;OFF-SU-4975;Office Supplies;Supplies;Kleencut Box Cutter, Serrated;94,05;3;0;33,84;8,37;Medium;September;2015;2021
28037;IN-2015-DC1285058-42272;Cuma, Eylül 25, 2015;Salı, Eylül 29, 2015;Standard Class;DC-1285058;Dan Campbell;Consumer;;Kanpur;Uttar Pradesh;India;Southern Asia;Asia Pacific;OFF-SU-4305;Office Supplies;Supplies;Fiskars Box Cutter, Serrated;96,66;3;0;3,78;9,49;Medium;September;2015;2021
28787;IN-2015-BG1103558-42253;Pazar, Eylül 06, 2015;Pazar, Eylül 13, 2015;Standard Class;BG-1103558;Barry Gonzalez;Consumer;;Thane;Maharashtra;India;Southern Asia;Asia Pacific;OFF-EN-5023;Office Supplies;Envelopes;Kraft Business Envelopes, Security-Tint;32,88;2;0;4,26;1,71;Medium;September;2015;2021
28430;IN-2015-GM1469558-42259;Cumartesi, Eylül 12, 2015;Çarşamba, Eylül 16, 2015;Standard Class;GM-1469558;Greg Maxwell;Corporate;;Fatehpur;Rajasthan;India;Southern Asia;Asia Pacific;OFF-EN-4921;Office Supplies;Envelopes;Jiffy Manila Envelope, with clear poly window;59,1;2;0;28,92;2,73;Medium;September;2015;2021
28033;IN-2015-DC1285058-42272;Cuma, Eylül 25, 2015;Salı, Eylül 29, 2015;Standard Class;DC-1285058;Dan Campbell;Consumer;;Kanpur;Uttar Pradesh;India;Southern Asia;Asia Pacific;OFF-AR-3525;Office Supplies;Art;Boston Canvas, Blue;107,28;2;0;40,74;4,25;Medium;September;2015;2021
28036;IN-2015-DC1285058-42272;Cuma, Eylül 25, 2015;Salı, Eylül 29, 2015;Standard Class;DC-1285058;Dan Campbell;Consumer;;Kanpur;Uttar Pradesh;India;Southern Asia;Asia Pacific;OFF-BI-2884;Office Supplies;Binders;Acco 3-Hole Punch, Recycled;60,96;2;0;17,04;5,5;Medium;September;2015;2021
20780;IN-2015-MZ1751558-42251;Cuma, Eylül 04, 2015;Salı, Eylül 08, 2015;Standard Class;MZ-1751558;Mary Zewe;Corporate;;Brahmapur;Odisha;India;Southern Asia;Asia Pacific;OFF-BI-3725;Office Supplies;Binders;Cardinal Binding Machine, Durable;102,54;2;0;18,42;12,95;Medium;September;2015;2021
30123;IN-2015-EK1379558-42256;Çarşamba, Eylül 09, 2015;Pazartesi, Eylül 14, 2015;Standard Class;EK-1379558;Eileen Kiefer;Home Office;;Bangalore;Karnataka;India;Southern Asia;Asia Pacific;OFF-ST-6263;Office Supplies;Storage;Tenex Lockers, Single Width;408,36;2;0;57,12;39,77;Medium;September;2015;2021
23386;IN-2015-LW1682558-42256;Çarşamba, Eylül 09, 2015;Pazartesi, Eylül 14, 2015;Standard Class;LW-1682558;Laurel Workman;Corporate;;Mysore;Karnataka;India;Southern Asia;Asia Pacific;OFF-FA-2946;Office Supplies;Fasteners;Accos Paper Clips, Metal;13,47;1;0;1,2;1,62;Medium;September;2015;2021
20453;IN-2015-JW1522058-42270;Çarşamba, Eylül 23, 2015;Pazar, Eylül 27, 2015;Standard Class;JW-1522058;Jane Waco;Corporate;;Barddhaman;West Bengal;India;Southern Asia;Asia Pacific;OFF-LA-3263;Office Supplies;Labels;Avery Color Coded Labels, Laser Printer Compatible;66,45;5;0;14,55;1,71;Medium;September;2015;2021
20454;IN-2015-JW1522058-42270;Çarşamba, Eylül 23, 2015;Pazar, Eylül 27, 2015;Standard Class;JW-1522058;Jane Waco;Corporate;;Barddhaman;West Bengal;India;Southern Asia;Asia Pacific;OFF-ST-4030;Office Supplies;Storage;Eldon Box, Single Width;51,45;5;0;20,55;3,14;Medium;September;2015;2021
28034;IN-2015-DC1285058-42272;Cuma, Eylül 25, 2015;Salı, Eylül 29, 2015;Standard Class;DC-1285058;Dan Campbell;Consumer;;Kanpur;Uttar Pradesh;India;Southern Asia;Asia Pacific;OFF-LA-6053;Office Supplies;Labels;Smead Round Labels, 5000 Label Set;43,74;6;0;11,34;3,84;Medium;September;2015;2021
28428;IN-2015-GM1469558-42259;Cumartesi, Eylül 12, 2015;Çarşamba, Eylül 16, 2015;Standard Class;GM-1469558;Greg Maxwell;Corporate;;Fatehpur;Rajasthan;India;Southern Asia;Asia Pacific;OFF-LA-4680;Office Supplies;Labels;Hon Removable Labels, Laser Printer Compatible;90,72;9;0;16,2;5,04;Medium;September;2015;2021
25103;IN-2015-KW1657058-42256;Çarşamba, Eylül 09, 2015;Çarşamba, Eylül 16, 2015;Standard Class;KW-1657058;Kelly Williams;Consumer;;Chennai;Tamil Nadu;India;Southern Asia;Asia Pacific;OFF-BI-4814;Office Supplies;Binders;Ibico Binder, Recycled;110,88;7;0;43,05;5,7;Medium;September;2015;2021
45187;IR-2015-SR1074060-42266;Cumartesi, Eylül 19, 2015;Cumartesi, Eylül 26, 2015;Standard Class;SR-1074060;Steven Roelle;Home Office;;Sari;Mazandaran;Iran;Southern Asia;Asia Pacific;OFF-BI-2915;Office Supplies;Binders;Acco Hole Reinforcements, Recycled;7,02;1;0;3,51;1,49;Medium;September;2015;2021
45770;IR-2015-JG511560-42248;Salı, Eylül 01, 2015;Pazar, Eylül 06, 2015;Standard Class;JG-511560;Jack Garza;Consumer;;Shiraz;Fars;Iran;Southern Asia;Asia Pacific;OFF-BI-6376;Office Supplies;Binders;Wilson Jones Binder Covers, Economy;11,19;1;0;2,88;1,7;Medium;September;2015;2021
45186;IR-2015-SR1074060-42266;Cumartesi, Eylül 19, 2015;Cumartesi, Eylül 26, 2015;Standard Class;SR-1074060;Steven Roelle;Home Office;;Sari;Mazandaran;Iran;Southern Asia;Asia Pacific;OFF-BI-3734;Office Supplies;Binders;Cardinal Hole Reinforcements, Durable;6,84;1;0;1,41;1,75;Medium;September;2015;2021
43899;IR-2015-LW699060-42265;Cuma, Eylül 18, 2015;Salı, Eylül 22, 2015;Standard Class;LW-699060;Lindsay Williams;Corporate;;Mashhad;Razavi Khorasan;Iran;Southern Asia;Asia Pacific;OFF-PA-3987;Office Supplies;Paper;Eaton Cards & Envelopes, Multicolor;46,59;1;0;22,35;3,42;Medium;September;2015;2021
45769;IR-2015-JG511560-42248;Salı, Eylül 01, 2015;Pazar, Eylül 06, 2015;Standard Class;JG-511560;Jack Garza;Consumer;;Shiraz;Fars;Iran;Southern Asia;Asia Pacific;OFF-ST-5693;Office Supplies;Storage;Rogers File Cart, Single Width;142,08;1;0;22,71;5,57;Medium;September;2015;2021
45185;IR-2015-SR1074060-42266;Cumartesi, Eylül 19, 2015;Cumartesi, Eylül 26, 2015;Standard Class;SR-1074060;Steven Roelle;Home Office;;Sari;Mazandaran;Iran;Southern Asia;Asia Pacific;OFF-ST-4259;Office Supplies;Storage;Fellowes File Cart, Single Width;137,34;1;0;0;13,85;Medium;September;2015;2021
49873;IR-2015-AR51060-42265;Cuma, Eylül 18, 2015;Çarşamba, Eylül 23, 2015;Standard Class;AR-51060;Andrew Roberts;Consumer;;Yazd;Yazd;Iran;Southern Asia;Asia Pacific;OFF-BI-3291;Office Supplies;Binders;Avery Hole Reinforcements, Economy;8,82;2;0;0;1,43;Medium;September;2015;2021
51105;IR-2015-CM271560-42252;Cumartesi, Eylül 05, 2015;Çarşamba, Eylül 09, 2015;Standard Class;CM-271560;Craig Molinari;Corporate;;Iranshahr;Sistan Va Baluchestan;Iran;Southern Asia;Asia Pacific;OFF-BI-6403;Office Supplies;Binders;Wilson Jones Index Tab, Durable;63,6;8;0;1,2;4,38;Medium;September;2015;2021
43491;IR-2015-EH418560-42248;Salı, Eylül 01, 2015;Pazar, Eylül 06, 2015;Standard Class;EH-418560;Evan Henry;Consumer;;Shiraz;Fars;Iran;Southern Asia;Asia Pacific;OFF-AR-5923;Office Supplies;Art;Sanford Pencil Sharpener, Water Color;52,2;2;0;13,56;4,69;Medium;September;2015;2021
45184;IR-2015-SR1074060-42266;Cumartesi, Eylül 19, 2015;Cumartesi, Eylül 26, 2015;Standard Class;SR-1074060;Steven Roelle;Home Office;;Sari;Mazandaran;Iran;Southern Asia;Asia Pacific;OFF-BI-3726;Office Supplies;Binders;Cardinal Binding Machine, Economy;99,54;2;0;27,84;5,87;Medium;September;2015;2021
45189;IR-2015-SR1074060-42266;Cumartesi, Eylül 19, 2015;Cumartesi, Eylül 26, 2015;Standard Class;SR-1074060;Steven Roelle;Home Office;;Sari;Mazandaran;Iran;Southern Asia;Asia Pacific;OFF-AR-6115;Office Supplies;Art;Stanley Markers, Easy-Erase;134,82;6;0;0;5,88;Medium;September;2015;2021
43466;IR-2015-MC810060-42265;Cuma, Eylül 18, 2015;Salı, Eylül 22, 2015;Standard Class;MC-810060;Mick Crebagga;Consumer;;Khorramabad;Lorestan;Iran;Southern Asia;Asia Pacific;OFF-AR-5913;Office Supplies;Art;Sanford Highlighters, Water Color;151,44;8;0;54,48;12,35;Medium;September;2015;2021
43900;IR-2015-LW699060-42265;Cuma, Eylül 18, 2015;Salı, Eylül 22, 2015;Standard Class;LW-699060;Lindsay Williams;Corporate;;Mashhad;Razavi Khorasan;Iran;Southern Asia;Asia Pacific;OFF-SU-4976;Office Supplies;Supplies;Kleencut Box Cutter, Steel;272,4;8;0;43,44;15,79;Medium;September;2015;2021
23799;IN-2015-TM2149011-42272;Cuma, Eylül 25, 2015;Perşembe, Ekim 01, 2015;Standard Class;TM-2149011;Tony Molinari;Consumer;;Dhaka;Dhaka;Bangladesh;Southern Asia;Asia Pacific;OFF-AR-3489;Office Supplies;Art;Binney & Smith Markers, Easy-Erase;73,08;3;0;4,32;7,64;Medium;September;2015;2021
48538;JO-2015-DO343567-42274;Pazar, Eylül 27, 2015;Cuma, Ekim 02, 2015;Standard Class;DO-343567;Denny Ordway;Consumer;;Wadi as Sir;'Amman;Jordan;Western Asia;Asia Pacific;OFF-PA-4480;Office Supplies;Paper;Green Bar Note Cards, Premium;29,79;1;0;10,71;1,8;Medium;September;2015;2021
44392;JO-2015-RD993067-42266;Cumartesi, Eylül 19, 2015;Perşembe, Eylül 24, 2015;Standard Class;RD-993067;Russell D'Ascenzo;Consumer;;Amman;'Amman;Jordan;Western Asia;Asia Pacific;OFF-BI-4830;Office Supplies;Binders;Ibico Index Tab, Economy;20,82;2;0;7,02;2;Medium;September;2015;2021
44393;JO-2015-RD993067-42266;Cumartesi, Eylül 19, 2015;Perşembe, Eylül 24, 2015;Standard Class;RD-993067;Russell D'Ascenzo;Consumer;;Amman;'Amman;Jordan;Western Asia;Asia Pacific;OFF-ST-6033;Office Supplies;Storage;Smead File Cart, Single Width;128,43;1;0;1,26;2,94;Medium;September;2015;2021
49293;AJ-2015-RD97209-42260;Pazar, Eylül 13, 2015;Cumartesi, Eylül 19, 2015;Standard Class;RD-97209;Roger Demir;Consumer;;Baku;Baki;Azerbaijan;Western Asia;Asia Pacific;OFF-AR-3526;Office Supplies;Art;Boston Canvas, Easy-Erase;53,91;1;0;12,39;2,98;Medium;September;2015;2021
48539;JO-2015-DO343567-42274;Pazar, Eylül 27, 2015;Cuma, Ekim 02, 2015;Standard Class;DO-343567;Denny Ordway;Consumer;;Wadi as Sir;'Amman;Jordan;Western Asia;Asia Pacific;OFF-BI-3714;Office Supplies;Binders;Cardinal 3-Hole Punch, Economy;28,8;1;0;12,96;3,1;Medium;September;2015;2021
49354;AJ-2015-MS73659-42258;Cuma, Eylül 11, 2015;Çarşamba, Eylül 16, 2015;Standard Class;MS-73659;Maribeth Schnelling;Consumer;;Baku;Baki;Azerbaijan;Western Asia;Asia Pacific;OFF-ST-6246;Office Supplies;Storage;Tenex File Cart, Blue;133,2;1;0;23,97;5,75;Medium;September;2015;2021
42247;IZ-2015-TB1119061-42255;Salı, Eylül 08, 2015;Salı, Eylül 15, 2015;Standard Class;TB-1119061;Thomas Brumley;Home Office;;Baghdad;Baghdad;Iraq;Western Asia;Asia Pacific;OFF-LA-4555;Office Supplies;Labels;Harbour Creations Shipping Labels, Laser Printer Compatible;11,46;1;0;4,11;1,66;Medium;September;2015;2021
42246;IZ-2015-TB1119061-42255;Salı, Eylül 08, 2015;Salı, Eylül 15, 2015;Standard Class;TB-1119061;Thomas Brumley;Home Office;;Baghdad;Baghdad;Iraq;Western Asia;Asia Pacific;OFF-AP-4745;Office Supplies;Appliances;Hoover Stove, White;566,61;1;0;28,32;49,17;Medium;September;2015;2021
43683;SA-2015-CL1890110-42277;Çarşamba, Eylül 30, 2015;Pazartesi, Ekim 05, 2015;Standard Class;CL-1890110;Carl Ludwig;Consumer;;Riyadh;Ar Riyad;Saudi Arabia;Western Asia;Asia Pacific;OFF-BI-4813;Office Supplies;Binders;Ibico Binder, Economy;15,48;1;0;4,32;1,21;Medium;September;2015;2021
50335;SA-2015-BT1485110-42270;Çarşamba, Eylül 23, 2015;Pazar, Eylül 27, 2015;Standard Class;BT-1485110;Brad Thomas;Home Office;;Riyadh;Ar Riyad;Saudi Arabia;Western Asia;Asia Pacific;OFF-LA-4663;Office Supplies;Labels;Hon Legal Exhibit Labels, Adjustable;17,52;2;0;2,76;1,61;Medium;September;2015;2021
43682;SA-2015-CL1890110-42277;Çarşamba, Eylül 30, 2015;Pazartesi, Ekim 05, 2015;Standard Class;CL-1890110;Carl Ludwig;Consumer;;Riyadh;Ar Riyad;Saudi Arabia;Western Asia;Asia Pacific;OFF-ST-6284;Office Supplies;Storage;Tenex Trays, Wire Frame;53,28;1;0;26,64;4,31;Medium;September;2015;2021
49383;SA-2015-JO5550110-42258;Cuma, Eylül 11, 2015;Çarşamba, Eylül 16, 2015;Standard Class;JO-5550110;Jesus Ocampo;Home Office;;Jeddah;Makkah;Saudi Arabia;Western Asia;Asia Pacific;OFF-ST-5707;Office Supplies;Storage;Rogers Shelving, Single Width;248,64;4;0;19,8;13,55;Medium;September;2015;2021
31036;IN-2015-SL2015592-42257;Perşembe, Eylül 10, 2015;Salı, Eylül 15, 2015;Standard Class;SL-2015592;Sara Luxemburg;Home Office;;Palmerston North;Manawatu-Wanganui;New Zealand;Oceania;Asia Pacific;OFF-EN-4432;Office Supplies;Envelopes;GlobeWeis Business Envelopes, Security-Tint;39,48;2;0;4,32;2,21;Medium;September;2015;2021
31062;IN-2015-RO1978092-42248;Salı, Eylül 01, 2015;Pazartesi, Eylül 07, 2015;Standard Class;RO-1978092;Rose O'Brian;Consumer;;Lower Hutt;Wellington;New Zealand;Oceania;Asia Pacific;OFF-BI-6374;Office Supplies;Binders;Wilson Jones Binder Covers, Clear;63,9;6;0;15,84;3,26;Medium;September;2015;2021
20382;IN-2015-MZ1751566-42261;Pazartesi, Eylül 14, 2015;Pazar, Eylül 20, 2015;Standard Class;MZ-1751566;Mary Zewe;Corporate;;Kasugai;Aichi;Japan;Eastern Asia;Asia Pacific;OFF-AR-3483;Office Supplies;Art;Binney & Smith Highlighters, Fluorescent;53,55;3;0;6,93;3,9;Medium;September;2015;2021
25317;IN-2015-DL1333066-42258;Cuma, Eylül 11, 2015;Salı, Eylül 15, 2015;Standard Class;DL-1333066;Denise Leinenbach;Consumer;;Matsubara;Oita;Japan;Eastern Asia;Asia Pacific;OFF-AP-4959;Office Supplies;Appliances;KitchenAid Microwave, White;308,46;1;0;86,34;20,4;Medium;September;2015;2021
25318;IN-2015-DL1333066-42258;Cuma, Eylül 11, 2015;Salı, Eylül 15, 2015;Standard Class;DL-1333066;Denise Leinenbach;Consumer;;Matsubara;Oita;Japan;Eastern Asia;Asia Pacific;OFF-PA-6606;Office Supplies;Paper;Xerox Computer Printout Paper, Multicolor;249,75;9;0;114,75;22,98;Medium;September;2015;2021
25128;ID-2015-JW1607578-42254;Pazartesi, Eylül 07, 2015;Cuma, Eylül 11, 2015;Standard Class;JW-1607578;Julia West;Consumer;;Kuala Lumpur;Kuala Lumpur;Malaysia;Southeastern Asia;Asia Pacific;OFF-FA-6194;Office Supplies;Fasteners;Stockwell Push Pins, Assorted Sizes;11,82;1;0;0,09;1,94;Medium;September;2015;2021
28409;IN-2015-GH1442578-42269;Salı, Eylül 22, 2015;Pazartesi, Eylül 28, 2015;Standard Class;GH-1442578;Gary Hwang;Consumer;;Taiping;Perak;Malaysia;Southeastern Asia;Asia Pacific;OFF-FA-6201;Office Supplies;Fasteners;Stockwell Staples, 12 Pack;20,46;2;0;1,02;2,05;Medium;September;2015;2021
25129;ID-2015-JW1607578-42254;Pazartesi, Eylül 07, 2015;Cuma, Eylül 11, 2015;Standard Class;JW-1607578;Julia West;Consumer;;Kuala Lumpur;Kuala Lumpur;Malaysia;Southeastern Asia;Asia Pacific;OFF-ST-4106;Office Supplies;Storage;Eldon Trays, Industrial;48,45;1;0;0;3,12;Medium;September;2015;2021
28408;IN-2015-GH1442578-42269;Salı, Eylül 22, 2015;Pazartesi, Eylül 28, 2015;Standard Class;GH-1442578;Gary Hwang;Consumer;;Taiping;Perak;Malaysia;Southeastern Asia;Asia Pacific;OFF-SU-4986;Office Supplies;Supplies;Kleencut Scissors, High Speed;66,87;3;0;28,71;3,54;Medium;September;2015;2021
21360;IN-2015-VP21760113-42270;Çarşamba, Eylül 23, 2015;Salı, Eylül 29, 2015;Standard Class;VP-21760113;Victoria Pisteka;Corporate;;Singapore;Singapore;Singapore;Southeastern Asia;Asia Pacific;OFF-SU-4328;Office Supplies;Supplies;Fiskars Trimmer, Steel;166,8;4;0;15;7,72;Medium;September;2015;2021
18360;ES-2015-CS12460139-42248;Salı, Eylül 01, 2015;Cumartesi, Eylül 05, 2015;Standard Class;CS-12460139;Chuck Sachs;Consumer;;Manchester;England;United Kingdom;Northern Europe;Europe;OFF-BI-3733;Office Supplies;Binders;Cardinal Hole Reinforcements, Clear;24;5;0;10,95;1,54;Medium;September;2015;2021
18362;ES-2015-CS12460139-42248;Salı, Eylül 01, 2015;Cumartesi, Eylül 05, 2015;Standard Class;CS-12460139;Chuck Sachs;Consumer;;Manchester;England;United Kingdom;Northern Europe;Europe;OFF-BI-3248;Office Supplies;Binders;Avery Binder Covers, Economy;33,21;3;0;10,26;2,02;Medium;September;2015;2021
12304;ES-2015-SW20275139-42249;Çarşamba, Eylül 02, 2015;Salı, Eylül 08, 2015;Standard Class;SW-20275139;Scott Williamson;Consumer;;Manchester;England;United Kingdom;Northern Europe;Europe;OFF-SU-4315;Office Supplies;Supplies;Fiskars Scissors, Easy Grip;49,56;2;0;5,94;3,49;Medium;September;2015;2021
15445;ES-2015-GW14605139-42250;Perşembe, Eylül 03, 2015;Pazartesi, Eylül 07, 2015;Standard Class;GW-14605139;Giulietta Weimer;Consumer;;Letchworth;England;United Kingdom;Northern Europe;Europe;OFF-EN-5031;Office Supplies;Envelopes;Kraft Interoffice Envelope, Set of 50;93,84;2;0;20,64;3,76;Medium;September;2015;2021
18364;ES-2015-CS12460139-42248;Salı, Eylül 01, 2015;Cumartesi, Eylül 05, 2015;Standard Class;CS-12460139;Chuck Sachs;Consumer;;Manchester;England;United Kingdom;Northern Europe;Europe;OFF-AR-3464;Office Supplies;Art;BIC Pens, Blue;42,84;3;0;4,68;4,97;Medium;September;2015;2021
11547;ES-2015-PO18850139-42264;Perşembe, Eylül 17, 2015;Salı, Eylül 22, 2015;Standard Class;PO-18850139;Patrick O'Brill;Consumer;;Solihull;England;United Kingdom;Northern Europe;Europe;OFF-ST-5706;Office Supplies;Storage;Rogers Shelving, Industrial;125,22;2;0;37,56;8,55;Medium;September;2015;2021
15446;ES-2015-GW14605139-42250;Perşembe, Eylül 03, 2015;Pazartesi, Eylül 07, 2015;Standard Class;GW-14605139;Giulietta Weimer;Consumer;;Letchworth;England;United Kingdom;Northern Europe;Europe;OFF-AR-6107;Office Supplies;Art;Stanley Canvas, Fluorescent;253,65;5;0;81,15;11,34;Medium;September;2015;2021
14457;ES-2015-JJ15445139-42273;Cumartesi, Eylül 26, 2015;Perşembe, Ekim 01, 2015;Standard Class;JJ-15445139;Jennifer Jackson;Consumer;;Oldham;England;United Kingdom;Northern Europe;Europe;OFF-AR-3554;Office Supplies;Art;Boston Sketch Pad, Fluorescent;299,16;6;0;0;23,47;Medium;September;2015;2021
12307;ES-2015-SW20275139-42249;Çarşamba, Eylül 02, 2015;Salı, Eylül 08, 2015;Standard Class;SW-20275139;Scott Williamson;Consumer;;Manchester;England;United Kingdom;Northern Europe;Europe;OFF-ST-4056;Office Supplies;Storage;Eldon File Cart, Industrial;255,78;2;0;30,66;26,96;Medium;September;2015;2021
11166;ES-2015-RP19390139-42258;Cuma, Eylül 11, 2015;Çarşamba, Eylül 16, 2015;Standard Class;RP-19390139;Resi Pölking;Consumer;;Hastings;England;United Kingdom;Northern Europe;Europe;OFF-ST-5691;Office Supplies;Storage;Rogers File Cart, Blue;844,02;6;0;8,28;43,59;Medium;September;2015;2021
12967;ES-2015-KL16555139-42248;Salı, Eylül 01, 2015;Pazar, Eylül 06, 2015;Standard Class;KL-16555139;Kelly Lampkin;Corporate;;Leicester;England;United Kingdom;Northern Europe;Europe;OFF-LA-4528;Office Supplies;Labels;Harbour Creations Color Coded Labels, Alphabetical;38,16;3;0;19,08;1,87;Medium;September;2015;2021
11648;ES-2015-RS19420139-42270;Çarşamba, Eylül 23, 2015;Çarşamba, Eylül 30, 2015;Standard Class;RS-19420139;Ricardo Sperren;Corporate;;Plymouth;England;United Kingdom;Northern Europe;Europe;OFF-ST-4251;Office Supplies;Storage;Fellowes Box, Industrial;141,12;7;0;6,93;8,28;Medium;September;2015;2021
20049;ES-2015-MP17470139-42272;Cuma, Eylül 25, 2015;Çarşamba, Eylül 30, 2015;Standard Class;MP-17470139;Mark Packer;Home Office;;Bolton;England;United Kingdom;Northern Europe;Europe;OFF-AR-5910;Office Supplies;Art;Sanford Highlighters, Blue;110,25;7;0;11,97;5;Medium;September;2015;2021
48011;EN-2015-TM1149042-42267;Pazar, Eylül 20, 2015;Perşembe, Eylül 24, 2015;Standard Class;TM-1149042;Tony Molinari;Consumer;;Tartu;Tartumaa;Estonia;Northern Europe;Europe;OFF-BI-3721;Office Supplies;Binders;Cardinal Binder, Durable;15,33;1;0;0,75;1,92;Medium;September;2015;2021
20079;ES-2015-JE15745139-42277;Çarşamba, Eylül 30, 2015;Pazar, Ekim 04, 2015;Standard Class;JE-15745139;Joel Eaton;Consumer;;Glasgow;Scotland;United Kingdom;Northern Europe;Europe;OFF-BI-2919;Office Supplies;Binders;Acco Index Tab, Economy;30,24;3;0;13,86;2,74;Medium;September;2015;2021
47155;RO-2015-BH1710107-42250;Perşembe, Eylül 03, 2015;Pazartesi, Eylül 07, 2015;Standard Class;BH-1710107;Brosina Hoffman;Consumer;;Ramnicu Valcea;Valcea;Romania;Eastern Europe;Europe;OFF-ST-4060;Office Supplies;Storage;Eldon Folders, Blue;16,98;1;0;2,88;1,42;Medium;September;2015;2021
47152;RO-2015-BH1710107-42250;Perşembe, Eylül 03, 2015;Pazartesi, Eylül 07, 2015;Standard Class;BH-1710107;Brosina Hoffman;Consumer;;Ramnicu Valcea;Valcea;Romania;Eastern Europe;Europe;OFF-FA-6203;Office Supplies;Fasteners;Stockwell Staples, Bulk Pack;10,8;1;0;1,62;1,58;Medium;September;2015;2021
48708;HU-2015-JP552057-42249;Çarşamba, Eylül 02, 2015;Çarşamba, Eylül 09, 2015;Standard Class;JP-552057;Jeremy Pistek;Consumer;;Budapest;Budapest;Hungary;Eastern Europe;Europe;OFF-LA-4678;Office Supplies;Labels;Hon Removable Labels, 5000 Label Set;10,26;1;0;0,18;1,67;Medium;September;2015;2021
48709;HU-2015-JP552057-42249;Çarşamba, Eylül 02, 2015;Çarşamba, Eylül 09, 2015;Standard Class;JP-552057;Jeremy Pistek;Consumer;;Budapest;Budapest;Hungary;Eastern Europe;Europe;OFF-BI-2895;Office Supplies;Binders;Acco Binder, Clear;14,61;1;0;4,8;1,76;Medium;September;2015;2021
45905;BO-2015-KA652513-42276;Salı, Eylül 29, 2015;Pazartesi, Ekim 05, 2015;Standard Class;KA-652513;Kelly Andreada;Consumer;;Polatsk;Vitsyebsk;Belarus;Eastern Europe;Europe;OFF-AR-3460;Office Supplies;Art;BIC Pencil Sharpener, Blue;29,01;1;0;11,88;1,91;Medium;September;2015;2021
49970;PL-2015-AJ795103-42248;Salı, Eylül 01, 2015;Cumartesi, Eylül 05, 2015;Standard Class;AJ-795103;Anthony Johnson;Corporate;;Tarnow;Lesser Poland;Poland;Eastern Europe;Europe;OFF-EN-4454;Office Supplies;Envelopes;GlobeWeis Peel and Seal, with clear poly window;24,93;1;0;1,23;2,06;Medium;September;2015;2021
47151;RO-2015-BH1710107-42250;Perşembe, Eylül 03, 2015;Pazartesi, Eylül 07, 2015;Standard Class;BH-1710107;Brosina Hoffman;Consumer;;Ramnicu Valcea;Valcea;Romania;Eastern Europe;Europe;OFF-AR-3477;Office Supplies;Art;Binney & Smith Canvas, Fluorescent;52,62;1;0;9,99;2,27;Medium;September;2015;2021
49969;PL-2015-AJ795103-42248;Salı, Eylül 01, 2015;Cumartesi, Eylül 05, 2015;Standard Class;AJ-795103;Anthony Johnson;Corporate;;Tarnow;Lesser Poland;Poland;Eastern Europe;Europe;OFF-LA-6056;Office Supplies;Labels;Smead Round Labels, Laser Printer Compatible;27,6;4;0;9,84;2,3;Medium;September;2015;2021
45907;BO-2015-KA652513-42276;Salı, Eylül 29, 2015;Pazartesi, Ekim 05, 2015;Standard Class;KA-652513;Kelly Andreada;Consumer;;Polatsk;Vitsyebsk;Belarus;Eastern Europe;Europe;OFF-BI-6369;Office Supplies;Binders;Wilson Jones 3-Hole Punch, Clear;54,9;2;0;15,36;4,35;Medium;September;2015;2021
47158;RO-2015-BH1710107-42250;Perşembe, Eylül 03, 2015;Pazartesi, Eylül 07, 2015;Standard Class;BH-1710107;Brosina Hoffman;Consumer;;Ramnicu Valcea;Valcea;Romania;Eastern Europe;Europe;OFF-SU-4328;Office Supplies;Supplies;Fiskars Trimmer, Steel;83,4;2;0;9,96;7,56;Medium;September;2015;2021
45908;BO-2015-KA652513-42276;Salı, Eylül 29, 2015;Pazartesi, Ekim 05, 2015;Standard Class;KA-652513;Kelly Andreada;Consumer;;Polatsk;Vitsyebsk;Belarus;Eastern Europe;Europe;OFF-AR-3552;Office Supplies;Art;Boston Sketch Pad, Blue;194,4;4;0;83,52;10;Medium;September;2015;2021
45866;RO-2015-NM8445107-42258;Cuma, Eylül 11, 2015;Perşembe, Eylül 17, 2015;Standard Class;NM-8445107;Nathan Mautz;Home Office;;Constanta;Constanta;Romania;Eastern Europe;Europe;OFF-ST-4266;Office Supplies;Storage;Fellowes Lockers, Blue;829,32;4;0;215,52;83,89;Medium;September;2015;2021
48103;RS-2015-LW6990108-42270;Çarşamba, Eylül 23, 2015;Pazartesi, Eylül 28, 2015;Standard Class;LW-6990108;Lindsay Williams;Corporate;;Makhachkala;Dagestan;Russia;Eastern Europe;Europe;OFF-FA-6185;Office Supplies;Fasteners;Stockwell Clamps, Assorted Sizes;16,29;1;0;5,7;1,62;Medium;September;2015;2021
41653;RS-2015-SP10920108-42262;Salı, Eylül 15, 2015;Pazartesi, Eylül 21, 2015;Standard Class;SP-10920108;Susan Pistek;Consumer;;Angarsk;Irkutsk;Russia;Eastern Europe;Europe;OFF-ST-6024;Office Supplies;Storage;Smead Box, Industrial;11,25;1;0;0,9;1,95;Medium;September;2015;2021
45458;RS-2015-TS11370108-42253;Pazar, Eylül 06, 2015;Cuma, Eylül 11, 2015;Standard Class;TS-11370108;Todd Sumrall;Corporate;;Kaliningrad;Kaliningrad;Russia;Eastern Europe;Europe;OFF-PA-4478;Office Supplies;Paper;Green Bar Note Cards, 8.5 x 11;59,4;2;0;24,9;4,22;Medium;September;2015;2021
48102;RS-2015-LW6990108-42270;Çarşamba, Eylül 23, 2015;Pazartesi, Eylül 28, 2015;Standard Class;LW-6990108;Lindsay Williams;Corporate;;Makhachkala;Dagestan;Russia;Eastern Europe;Europe;OFF-EN-3671;Office Supplies;Envelopes;Cameo Manila Envelope, Set of 50;54;2;0;4,86;4,89;Medium;September;2015;2021
45457;RS-2015-TS11370108-42253;Pazar, Eylül 06, 2015;Cuma, Eylül 11, 2015;Standard Class;TS-11370108;Todd Sumrall;Corporate;;Kaliningrad;Kaliningrad;Russia;Eastern Europe;Europe;OFF-AP-4725;Office Supplies;Appliances;Hoover Coffee Grinder, White;66,93;1;0;1,98;5,21;Medium;September;2015;2021
45102;UP-2015-VD11670137-42253;Pazar, Eylül 06, 2015;Cumartesi, Eylül 12, 2015;Standard Class;VD-11670137;Valerie Dominguez;Consumer;;Zaporizhzhya;Zaporizhzhya;Ukraine;Eastern Europe;Europe;OFF-BI-3737;Office Supplies;Binders;Cardinal Index Tab, Clear;6,72;1;0;2,82;1,38;Medium;September;2015;2021
47144;UP-2015-IM5070137-42273;Cumartesi, Eylül 26, 2015;Cuma, Ekim 02, 2015;Standard Class;IM-5070137;Irene Maddox;Consumer;;Kremenchuk;Poltava;Ukraine;Eastern Europe;Europe;OFF-SU-4313;Office Supplies;Supplies;Fiskars Ruler, Serrated;22,26;2;0;8,22;1,55;Medium;September;2015;2021
47141;UP-2015-IM5070137-42273;Cumartesi, Eylül 26, 2015;Cuma, Ekim 02, 2015;Standard Class;IM-5070137;Irene Maddox;Consumer;;Kremenchuk;Poltava;Ukraine;Eastern Europe;Europe;OFF-BI-3293;Office Supplies;Binders;Avery Index Tab, Clear;11,58;2;0;3,12;1,94;Medium;September;2015;2021
45103;UP-2015-VD11670137-42253;Pazar, Eylül 06, 2015;Cumartesi, Eylül 12, 2015;Standard Class;VD-11670137;Valerie Dominguez;Consumer;;Zaporizhzhya;Zaporizhzhya;Ukraine;Eastern Europe;Europe;OFF-BI-6380;Office Supplies;Binders;Wilson Jones Binder, Economy;26,04;2;0;8,04;2,29;Medium;September;2015;2021
48006;UP-2015-CS2355137-42265;Cuma, Eylül 18, 2015;Salı, Eylül 22, 2015;Standard Class;CS-2355137;Christine Sundaresam;Consumer;;Kharkiv;Kharkiv;Ukraine;Eastern Europe;Europe;OFF-BI-4811;Office Supplies;Binders;Ibico Binder, Clear;59,76;4;0;5,28;5,27;Medium;September;2015;2021
13159;ES-2015-SW2045564-42257;Perşembe, Eylül 10, 2015;Salı, Eylül 15, 2015;Standard Class;SW-2045564;Shaun Weien;Consumer;;Bologna;Emilia-Romagna;Italy;Southern Europe;Europe;OFF-LA-6042;Office Supplies;Labels;Smead Legal Exhibit Labels, 5000 Label Set;11,49;1;0;2,16;1,6;Medium;September;2015;2021
16436;ES-2015-CY1274564-42250;Perşembe, Eylül 03, 2015;Pazartesi, Eylül 07, 2015;Standard Class;CY-1274564;Craig Yedwab;Corporate;;Pescara;Abruzzi;Italy;Southern Europe;Europe;OFF-FA-2955;Office Supplies;Fasteners;Accos Staples, 12 Pack;51,9;5;0;10,8;3,94;Medium;September;2015;2021
12245;ES-2015-RL1961564-42249;Çarşamba, Eylül 02, 2015;Pazartesi, Eylül 07, 2015;Standard Class;RL-1961564;Rob Lucas;Consumer;;Milan;Lombardy;Italy;Southern Europe;Europe;OFF-SU-4127;Office Supplies;Supplies;Elite Scissors, Easy Grip;48,3;2;0;22,2;4,35;Medium;September;2015;2021
13509;ES-2015-BD1162064-42272;Cuma, Eylül 25, 2015;Çarşamba, Eylül 30, 2015;Standard Class;BD-1162064;Brian DeCherney;Consumer;;Rome;Lazio;Italy;Southern Europe;Europe;OFF-SU-4993;Office Supplies;Supplies;Kleencut Trimmer, Easy Grip;129,15;3;0;30,96;10,23;Medium;September;2015;2021
16435;ES-2015-CY1274564-42250;Perşembe, Eylül 03, 2015;Pazartesi, Eylül 07, 2015;Standard Class;CY-1274564;Craig Yedwab;Corporate;;Pescara;Abruzzi;Italy;Southern Europe;Europe;OFF-AR-3527;Office Supplies;Art;Boston Canvas, Fluorescent;274,5;5;0;49,35;16,28;Medium;September;2015;2021
13227;ES-2015-BG1103564-42251;Cuma, Eylül 04, 2015;Salı, Eylül 08, 2015;Standard Class;BG-1103564;Barry Gonzalez;Consumer;;Pescara;Abruzzi;Italy;Southern Europe;Europe;OFF-PA-4176;Office Supplies;Paper;Enermax Note Cards, Multicolor;293,76;9;0;61,56;20,85;Medium;September;2015;2021
17823;ES-2015-JW16075120-42253;Pazar, Eylül 06, 2015;Cuma, Eylül 11, 2015;Standard Class;JW-16075120;Julia West;Consumer;;Madrid;Madrid;Spain;Southern Europe;Europe;OFF-EN-4925;Office Supplies;Envelopes;Jiffy Peel and Seal, Set of 50;40,02;2;0;9,96;2,55;Medium;September;2015;2021
19218;ES-2015-AH10210120-42267;Pazar, Eylül 20, 2015;Perşembe, Eylül 24, 2015;Standard Class;AH-10210120;Alan Hwang;Consumer;;Barcelona;Catalonia;Spain;Southern Europe;Europe;OFF-AR-6126;Office Supplies;Art;Stanley Sketch Pad, Easy-Erase;89,4;2;0;16,98;4,2;Medium;September;2015;2021
18631;ES-2015-IL15100120-42253;Pazar, Eylül 06, 2015;Perşembe, Eylül 10, 2015;Standard Class;IL-15100120;Ivan Liston;Consumer;;Murcia;Murcia;Spain;Southern Europe;Europe;OFF-PA-4462;Office Supplies;Paper;Green Bar Cards & Envelopes, Multicolor;99,6;2;0;11,94;4,59;Medium;September;2015;2021
14795;ES-2015-PB19150120-42266;Cumartesi, Eylül 19, 2015;Çarşamba, Eylül 23, 2015;Standard Class;PB-19150120;Philip Brown;Consumer;;Murcia;Murcia;Spain;Southern Europe;Europe;OFF-LA-5385;Office Supplies;Labels;Novimex File Folder Labels, Laser Printer Compatible;49,5;6;0;9,36;4,81;Medium;September;2015;2021
17148;ES-2015-LA16780120-42272;Cuma, Eylül 25, 2015;Çarşamba, Eylül 30, 2015;Standard Class;LA-16780120;Laura Armstrong;Corporate;;Huelva;Andalusía;Spain;Southern Europe;Europe;OFF-PA-5892;Office Supplies;Paper;SanDisk Parchment Paper, Premium;66,84;4;0;12,6;4,83;Medium;September;2015;2021
18630;ES-2015-IL15100120-42253;Pazar, Eylül 06, 2015;Perşembe, Eylül 10, 2015;Standard Class;IL-15100120;Ivan Liston;Consumer;;Murcia;Murcia;Spain;Southern Europe;Europe;OFF-LA-3273;Office Supplies;Labels;Avery File Folder Labels, Alphabetical;80,46;9;0;26,46;5,05;Medium;September;2015;2021
17824;ES-2015-JW16075120-42253;Pazar, Eylül 06, 2015;Cuma, Eylül 11, 2015;Standard Class;JW-16075120;Julia West;Consumer;;Madrid;Madrid;Spain;Southern Europe;Europe;OFF-AR-3452;Office Supplies;Art;BIC Highlighters, Easy-Erase;76,8;4;0;17,64;5,38;Medium;September;2015;2021
17146;ES-2015-LA16780120-42272;Cuma, Eylül 25, 2015;Çarşamba, Eylül 30, 2015;Standard Class;LA-16780120;Laura Armstrong;Corporate;;Huelva;Andalusía;Spain;Southern Europe;Europe;OFF-EN-3105;Office Supplies;Envelopes;Ames Manila Envelope, Security-Tint;108,36;4;0;43,32;10,35;Medium;September;2015;2021
19217;ES-2015-AH10210120-42267;Pazar, Eylül 20, 2015;Perşembe, Eylül 24, 2015;Standard Class;AH-10210120;Alan Hwang;Consumer;;Barcelona;Catalonia;Spain;Southern Europe;Europe;OFF-AR-3554;Office Supplies;Art;Boston Sketch Pad, Fluorescent;349,02;7;0;0;23,98;Medium;September;2015;2021
12956;IT-2015-NZ1856564-42260;Pazar, Eylül 13, 2015;Cuma, Eylül 18, 2015;Standard Class;NZ-1856564;Nick Zandusky;Home Office;;Nicosia;Nicosia;Cyprus;Southern Europe;Europe;OFF-PA-5871;Office Supplies;Paper;SanDisk Memo Slips, Recycled;50,67;3;0;20,7;2,35;Medium;September;2015;2021
16664;ES-2015-NK1849014-42255;Salı, Eylül 08, 2015;Cumartesi, Eylül 12, 2015;Standard Class;NK-1849014;Neil Knudson;Home Office;;Tournai;Hainaut;Belgium;Western Europe;Europe;OFF-FA-6189;Office Supplies;Fasteners;Stockwell Paper Clips, Assorted Sizes;76,65;7;0;29,82;4,03;Medium;September;2015;2021
20182;ES-2015-JK1612014-42272;Cuma, Eylül 25, 2015;Perşembe, Ekim 01, 2015;Standard Class;JK-1612014;Julie Kriz;Home Office;;Brussels;Brussels;Belgium;Western Europe;Europe;OFF-ST-6032;Office Supplies;Storage;Smead File Cart, Industrial;642;5;0;179,7;20,04;Medium;September;2015;2021
11344;ES-2015-RF193458-42249;Çarşamba, Eylül 02, 2015;Pazartesi, Eylül 07, 2015;Standard Class;RF-193458;Randy Ferguson;Corporate;;Linz;Upper Austria;Austria;Western Europe;Europe;OFF-BI-6378;Office Supplies;Binders;Wilson Jones Binder, Clear;37,44;3;0;2,97;2,42;Medium;September;2015;2021
10702;ES-2015-AR103458-42265;Cuma, Eylül 18, 2015;Çarşamba, Eylül 23, 2015;Standard Class;AR-103458;Alex Russell;Corporate;;Vienna;Vienna;Austria;Western Europe;Europe;OFF-LA-6027;Office Supplies;Labels;Smead Color Coded Labels, 5000 Label Set;26,88;2;0;4,56;2,91;Medium;September;2015;2021
13362;ES-2015-MC172758-42262;Salı, Eylül 15, 2015;Salı, Eylül 22, 2015;Standard Class;MC-172758;Marc Crier;Consumer;;Vienna;Vienna;Austria;Western Europe;Europe;OFF-SU-4305;Office Supplies;Supplies;Fiskars Box Cutter, Serrated;64,44;2;0;20,58;4,89;Medium;September;2015;2021
11343;ES-2015-RF193458-42249;Çarşamba, Eylül 02, 2015;Pazartesi, Eylül 07, 2015;Standard Class;RF-193458;Randy Ferguson;Corporate;;Linz;Upper Austria;Austria;Western Europe;Europe;OFF-AR-3448;Office Supplies;Art;BIC Canvas, Easy-Erase;107,94;2;0;36,66;8,58;Medium;September;2015;2021
11215;ES-2015-SC2009548-42272;Cuma, Eylül 25, 2015;Perşembe, Ekim 01, 2015;Standard Class;SC-2009548;Sanjit Chand;Consumer;;Oberhausen;North Rhine-Westphalia;Germany;Western Europe;Europe;OFF-BI-4824;Office Supplies;Binders;Ibico Hole Reinforcements, Durable;42,45;5;0;11,85;2,72;Medium;September;2015;2021
13792;IT-2015-LD1700548-42250;Perşembe, Eylül 03, 2015;Çarşamba, Eylül 09, 2015;Standard Class;LD-1700548;Lisa DeCherney;Consumer;;Herne;North Rhine-Westphalia;Germany;Western Europe;Europe;OFF-PA-3988;Office Supplies;Paper;Eaton Cards & Envelopes, Premium;180,72;4;0;54,12;3,63;Medium;September;2015;2021
17485;ES-2015-CL1270048-42268;Pazartesi, Eylül 21, 2015;Cuma, Eylül 25, 2015;Standard Class;CL-1270048;Craig Leslie;Home Office;;Cologne;North Rhine-Westphalia;Germany;Western Europe;Europe;OFF-PA-4182;Office Supplies;Paper;Enermax Parchment Paper, Multicolor;67,2;4;0;20,16;4,09;Medium;September;2015;2021
13930;ES-2015-AG1076548-42277;Çarşamba, Eylül 30, 2015;Pazar, Ekim 04, 2015;Standard Class;AG-1076548;Anthony Garverick;Home Office;;Kerpen;North Rhine-Westphalia;Germany;Western Europe;Europe;OFF-BI-4811;Office Supplies;Binders;Ibico Binder, Clear;74,7;5;0;6,6;4,2;Medium;September;2015;2021
11217;ES-2015-SC2009548-42272;Cuma, Eylül 25, 2015;Perşembe, Ekim 01, 2015;Standard Class;SC-2009548;Sanjit Chand;Consumer;;Oberhausen;North Rhine-Westphalia;Germany;Western Europe;Europe;OFF-AR-3449;Office Supplies;Art;BIC Canvas, Fluorescent;274,8;5;0;96,15;25,01;Medium;September;2015;2021
11566;ES-2015-SJ2021548-42248;Salı, Eylül 01, 2015;Cumartesi, Eylül 05, 2015;Standard Class;SJ-2021548;Sarah Jordon;Consumer;;Munich;Bavaria;Germany;Western Europe;Europe;OFF-AR-5903;Office Supplies;Art;Sanford Canvas, Easy-Erase;101,58;2;0;13,2;10,03;Medium;September;2015;2021
15496;ES-2015-NG1843048-42272;Cuma, Eylül 25, 2015;Cuma, Ekim 02, 2015;Standard Class;NG-1843048;Nathan Gelder;Consumer;;Munster;Lower Saxony;Germany;Western Europe;Europe;OFF-AR-3537;Office Supplies;Art;Boston Markers, Blue;184,59;7;0;75,6;13,38;Medium;September;2015;2021
11131;ES-2015-KA1652548-42272;Cuma, Eylül 25, 2015;Perşembe, Ekim 01, 2015;Standard Class;KA-1652548;Kelly Andreada;Consumer;;Hamburg;Hamburg;Germany;Western Europe;Europe;OFF-BI-3716;Office Supplies;Binders;Cardinal Binder Covers, Clear;22,92;2;0;5,94;1,89;Medium;September;2015;2021
11130;ES-2015-KA1652548-42272;Cuma, Eylül 25, 2015;Perşembe, Ekim 01, 2015;Standard Class;KA-1652548;Kelly Andreada;Consumer;;Hamburg;Hamburg;Germany;Western Europe;Europe;OFF-BI-3716;Office Supplies;Binders;Cardinal Binder Covers, Clear;57,3;5;0;14,85;2,63;Medium;September;2015;2021
17945;ES-2015-BS1136548-42250;Perşembe, Eylül 03, 2015;Pazartesi, Eylül 07, 2015;Standard Class;BS-1136548;Bill Shonely;Corporate;;Nuremberg;Bavaria;Germany;Western Europe;Europe;OFF-EN-4436;Office Supplies;Envelopes;GlobeWeis Clasp Envelope, Security-Tint;49,2;4;0;18,6;3,87;Medium;September;2015;2021
18916;ES-2015-SC2080048-42265;Cuma, Eylül 18, 2015;Salı, Eylül 22, 2015;Standard Class;SC-2080048;Stuart Calhoun;Consumer;;Munich;Bavaria;Germany;Western Europe;Europe;OFF-LA-3262;Office Supplies;Labels;Avery Color Coded Labels, Alphabetical;65,55;5;0;26,85;5,66;Medium;September;2015;2021
16578;ES-2015-BO1135048-42258;Cuma, Eylül 11, 2015;Perşembe, Eylül 17, 2015;Standard Class;BO-1135048;Bill Overfelt;Corporate;;Halle;Saxony-Anhalt;Germany;Western Europe;Europe;OFF-SU-4121;Office Supplies;Supplies;Elite Letter Opener, High Speed;133,5;5;0;55,95;9,58;Medium;September;2015;2021
14313;ES-2015-BP1105045-42263;Çarşamba, Eylül 16, 2015;Pazartesi, Eylül 21, 2015;Standard Class;BP-1105045;Barry Pond;Corporate;;Amiens;Nord-Pas-de-Calais-Picardie;France;Western Europe;Europe;OFF-BI-6402;Office Supplies;Binders;Wilson Jones Index Tab, Clear;17,73;3;0;1,53;1,11;Medium;September;2015;2021
18896;ES-2015-MN1793545-42255;Salı, Eylül 08, 2015;Cumartesi, Eylül 12, 2015;Standard Class;MN-1793545;Michael Nguyen;Consumer;;Dijon;Bourgogne-Franche-Comté;France;Western Europe;Europe;OFF-BI-4809;Office Supplies;Binders;Ibico Binder Covers, Economy;40,95;3;0;5,67;2,89;Medium;September;2015;2021
12231;ES-2015-AH1019545-42249;Çarşamba, Eylül 02, 2015;Pazartesi, Eylül 07, 2015;Standard Class;AH-1019545;Alan Haines;Corporate;;Brest;Brittany;France;Western Europe;Europe;OFF-BI-2919;Office Supplies;Binders;Acco Index Tab, Economy;70,56;7;0;32,34;2,95;Medium;September;2015;2021
16849;ES-2015-PV1898545-42270;Çarşamba, Eylül 23, 2015;Pazartesi, Eylül 28, 2015;Standard Class;PV-1898545;Paul Van Hugh;Home Office;;Mulhouse;Alsace-Champagne-Ardenne-Lorraine;France;Western Europe;Europe;OFF-AR-3458;Office Supplies;Art;BIC Markers, Fluorescent;110,76;4;0;8,76;5,34;Medium;September;2015;2021
16729;ES-2015-CB1202545-42272;Cuma, Eylül 25, 2015;Çarşamba, Eylül 30, 2015;Standard Class;CB-1202545;Cassandra Brandow;Consumer;;Louviers;Normandy;France;Western Europe;Europe;OFF-AR-6128;Office Supplies;Art;Stanley Sketch Pad, Water Color;95,22;2;0;18,06;7,97;Medium;September;2015;2021
14322;ES-2015-MF1825045-42249;Çarşamba, Eylül 02, 2015;Çarşamba, Eylül 09, 2015;Standard Class;MF-1825045;Monica Federle;Corporate;;Villeurbanne;Auvergne-Rhône-Alpes;France;Western Europe;Europe;OFF-PA-4177;Office Supplies;Paper;Enermax Note Cards, Premium;171;6;0;17,1;13,05;Medium;September;2015;2021
18267;ES-2015-AR1040545-42258;Cuma, Eylül 11, 2015;Çarşamba, Eylül 16, 2015;Standard Class;AR-1040545;Allen Rosenblatt;Corporate;;Boulogne-sur-Mer;Nord-Pas-de-Calais-Picardie;France;Western Europe;Europe;OFF-BI-6384;Office Supplies;Binders;Wilson Jones Binding Machine, Economy;244,8;5;0;88,05;21,62;Medium;September;2015;2021
10912;ES-2015-TS2116045-42264;Perşembe, Eylül 17, 2015;Perşembe, Eylül 24, 2015;Standard Class;TS-2116045;Theresa Swint;Corporate;;Marseille;Provence-Alpes-Côte d'Azur;France;Western Europe;Europe;OFF-BI-2894;Office Supplies;Binders;Acco Binder Covers, Recycled;54,72;4;0;16,32;3,55;Medium;September;2015;2021
14212;ES-2015-DR1294045-42271;Perşembe, Eylül 24, 2015;Çarşamba, Eylül 30, 2015;Standard Class;DR-1294045;Daniel Raglin;Home Office;;Nice;Provence-Alpes-Côte d'Azur;France;Western Europe;Europe;OFF-BI-3715;Office Supplies;Binders;Cardinal 3-Hole Punch, Recycled;58,32;2;0;16,86;5,05;Medium;September;2015;2021
14213;ES-2015-DR1294045-42271;Perşembe, Eylül 24, 2015;Çarşamba, Eylül 30, 2015;Standard Class;DR-1294045;Daniel Raglin;Home Office;;Nice;Provence-Alpes-Côte d'Azur;France;Western Europe;Europe;OFF-SU-4989;Office Supplies;Supplies;Kleencut Shears, Easy Grip;145,17;3;0;0;13,55;Medium;September;2015;2021
17766;ES-2015-TS2161045-42251;Cuma, Eylül 04, 2015;Çarşamba, Eylül 09, 2015;Standard Class;TS-2161045;Troy Staebel;Consumer;;Toulon;Provence-Alpes-Côte d'Azur;France;Western Europe;Europe;OFF-AR-3491;Office Supplies;Art;Binney & Smith Markers, Water Color;245,43;9;0;41,58;13,91;Medium;September;2015;2021
14431;ES-2015-EP1391545-42264;Perşembe, Eylül 17, 2015;Salı, Eylül 22, 2015;Standard Class;EP-1391545;Emily Phan;Consumer;;Villejuif;Ile-de-France;France;Western Europe;Europe;OFF-FA-2944;Office Supplies;Fasteners;Accos Paper Clips, Assorted Sizes;45,96;4;0;0,36;1,75;Medium;September;2015;2021
18863;ES-2015-KD1627045-42263;Çarşamba, Eylül 16, 2015;Salı, Eylül 22, 2015;Standard Class;KD-1627045;Karen Daniels;Consumer;;Argenteuil;Ile-de-France;France;Western Europe;Europe;OFF-BI-3739;Office Supplies;Binders;Cardinal Index Tab, Economy;52,56;6;0;24,12;1,86;Medium;September;2015;2021
14432;ES-2015-EP1391545-42264;Perşembe, Eylül 17, 2015;Salı, Eylül 22, 2015;Standard Class;EP-1391545;Emily Phan;Consumer;;Villejuif;Ile-de-France;France;Western Europe;Europe;OFF-BI-3294;Office Supplies;Binders;Avery Index Tab, Durable;13,38;2;0;3,42;2;Medium;September;2015;2021
14430;ES-2015-EP1391545-42264;Perşembe, Eylül 17, 2015;Salı, Eylül 22, 2015;Standard Class;EP-1391545;Emily Phan;Consumer;;Villejuif;Ile-de-France;France;Western Europe;Europe;OFF-SU-6180;Office Supplies;Supplies;Stiletto Trimmer, Easy Grip;177,48;4;0;40,8;19,36;Medium;September;2015;2021
14240;ES-2015-MO1780045-42264;Perşembe, Eylül 17, 2015;Salı, Eylül 22, 2015;Standard Class;MO-1780045;Meg O'Connel;Home Office;;Colombes;Ile-de-France;France;Western Europe;Europe;OFF-FA-2944;Office Supplies;Fasteners;Accos Paper Clips, Assorted Sizes;112,32;8;0;6,72;10,01;Medium;September;2015;2021
19167;IT-2015-AH1007545-42269;Salı, Eylül 22, 2015;Pazartesi, Eylül 28, 2015;Standard Class;AH-1007545;Adam Hart;Corporate;;Pierrefitte-sur-Seine;Ile-de-France;France;Western Europe;Europe;OFF-AR-5912;Office Supplies;Art;Sanford Highlighters, Fluorescent;17,01;1;0;7,14;1,9;Medium;September;2015;2021
14434;ES-2015-EP1391545-42264;Perşembe, Eylül 17, 2015;Salı, Eylül 22, 2015;Standard Class;EP-1391545;Emily Phan;Consumer;;Villejuif;Ile-de-France;France;Western Europe;Europe;OFF-AR-3458;Office Supplies;Art;BIC Markers, Fluorescent;55,38;2;0;4,38;5,17;Medium;September;2015;2021
32806;CA-2015-JM15535140-42260;Pazar, Eylül 13, 2015;Çarşamba, Eylül 16, 2015;First Class;JM-155351404;Jessica Myrick;Consumer;90036;Los Angeles;California;United States;Western US;USCA;FUR-FU-4070;Furniture;Furnishings;Eldon Image Series Desk Accessories, Burgundy;8,36;2;0;3,0096;1,51;Medium;September;2015;2021
40620;CA-2015-DB13660140-42271;Perşembe, Eylül 24, 2015;Çarşamba, Eylül 30, 2015;Standard Class;DB-136601404;Duane Benoit;Consumer;90036;Los Angeles;California;United States;Western US;USCA;OFF-PA-6460;Office Supplies;Paper;Xerox 1909;211,04;8;0;97,0784;15,64;Medium;September;2015;2021
31439;CA-2015-SH19975140-42266;Cumartesi, Eylül 19, 2015;Perşembe, Eylül 24, 2015;Standard Class;SH-199751404;Sally Hughsby;Corporate;94122;San Francisco;California;United States;Western US;USCA;OFF-EN-3850;Office Supplies;Envelopes;Convenience Packs of Business Envelopes;10,86;3;0;5,1042;1,18;Medium;September;2015;2021
31438;CA-2015-SH19975140-42266;Cumartesi, Eylül 19, 2015;Perşembe, Eylül 24, 2015;Standard Class;SH-199751404;Sally Hughsby;Corporate;94122;San Francisco;California;United States;Western US;USCA;OFF-AR-5323;Office Supplies;Art;Newell 343;8,82;3;0;2,3814;1,87;Medium;September;2015;2021
31440;CA-2015-SH19975140-42266;Cumartesi, Eylül 19, 2015;Perşembe, Eylül 24, 2015;Standard Class;SH-199751404;Sally Hughsby;Corporate;94122;San Francisco;California;United States;Western US;USCA;OFF-PA-6463;Office Supplies;Paper;Xerox 1911;143,7;3;0;68,976;15,47;Medium;September;2015;2021
37815;US-2015-RD19480140-42263;Çarşamba, Eylül 16, 2015;Pazar, Eylül 20, 2015;Standard Class;RD-194801404;Rick Duston;Consumer;94122;San Francisco;California;United States;Western US;USCA;OFF-AP-3363;Office Supplies;Appliances;Belkin 5 Outlet SurgeMaster Power Centers;108,96;2;0;30,5088;12,72;High;September;2015;2021
37814;US-2015-RD19480140-42263;Çarşamba, Eylül 16, 2015;Pazar, Eylül 20, 2015;Standard Class;RD-194801404;Rick Duston;Consumer;94122;San Francisco;California;United States;Western US;USCA;OFF-AR-5585;Office Supplies;Art;Peel-Off China Markers;99,3;10;0;41,706;13,29;High;September;2015;2021
32562;CA-2015-PF19225140-42250;Perşembe, Eylül 03, 2015;Salı, Eylül 08, 2015;Standard Class;PF-192251404;Phillip Flathmann;Consumer;94122;San Francisco;California;United States;Western US;USCA;OFF-AR-5586;Office Supplies;Art;Pencil and Crayon Sharpener;6,57;3;0;1,7739;1,6;High;September;2015;2021
34669;CA-2015-BS11755140-42271;Perşembe, Eylül 24, 2015;Perşembe, Ekim 01, 2015;Standard Class;BS-117551404;Bruce Stewart;Consumer;94122;San Francisco;California;United States;Western US;USCA;OFF-AP-3126;Office Supplies;Appliances;APC 7 Outlet Network SurgeArrest Surge Protector;160,96;2;0;48,288;9,44;Medium;September;2015;2021
34883;CA-2015-AG10300140-42251;Cuma, Eylül 04, 2015;Çarşamba, Eylül 09, 2015;Standard Class;AG-103001404;Aleksandra Gannaway;Corporate;94122;San Francisco;California;United States;Western US;USCA;OFF-AR-5639;Office Supplies;Art;Premium Writing Pencils, Soft, #2 by Central Association for the Blind;5,96;2;0;1,6688;1,56;High;September;2015;2021
37813;US-2015-RD19480140-42263;Çarşamba, Eylül 16, 2015;Pazar, Eylül 20, 2015;Standard Class;RD-194801404;Rick Duston;Consumer;94122;San Francisco;California;United States;Western US;USCA;FUR-FU-6225;Furniture;Furnishings;"Tenex 46"" x 60"" Computer Anti-Static Chairmat, Rectangular Shaped";529,9;5;0;105,98;46,58;High;September;2015;2021
40991;CA-2015-NK18490140-42272;Cuma, Eylül 25, 2015;Salı, Eylül 29, 2015;Second Class;NK-184901404;Neil Knudson;Home Office;94110;San Francisco;California;United States;Western US;USCA;OFF-SU-3005;Office Supplies;Supplies;Acme Value Line Scissors;7,3;2;0;2,19;1,55;Medium;September;2015;2021
40990;CA-2015-NK18490140-42272;Cuma, Eylül 25, 2015;Salı, Eylül 29, 2015;Second Class;NK-184901404;Neil Knudson;Home Office;94110;San Francisco;California;United States;Western US;USCA;OFF-PA-3155;Office Supplies;Paper;Array Memo Cubes;31,08;6;0;15,2292;3,36;Medium;September;2015;2021
40633;CA-2015-CY12745140-42264;Perşembe, Eylül 17, 2015;Pazartesi, Eylül 21, 2015;Standard Class;CY-127451404;Craig Yedwab;Corporate;94110;San Francisco;California;United States;Western US;USCA;OFF-FA-5466;Office Supplies;Fasteners;OIC Colored Binder Clips, Assorted Sizes;17,9;5;0;8,771;2,03;High;September;2015;2021
36567;CA-2015-CB12025140-42259;Cumartesi, Eylül 12, 2015;Cumartesi, Eylül 12, 2015;Same Day;CB-120251404;Cassandra Brandow;Consumer;94110;San Francisco;California;United States;Western US;USCA;OFF-AP-4928;Office Supplies;Appliances;Kensington 4 Outlet MasterPiece Compact Power Control Center;406,6;5;0;113,848;106,72;High;September;2015;2021
36566;CA-2015-CB12025140-42259;Cumartesi, Eylül 12, 2015;Cumartesi, Eylül 12, 2015;Same Day;CB-120251404;Cassandra Brandow;Consumer;94110;San Francisco;California;United States;Western US;USCA;FUR-FU-2876;Furniture;Furnishings;"6"" Cubicle Wall Clock, Black";32,36;4;0;11,6496;2,42;High;September;2015;2021
38825;US-2015-RA19885140-42274;Pazar, Eylül 27, 2015;Pazar, Eylül 27, 2015;Same Day;RA-198851404;Ruben Ausman;Corporate;94109;San Francisco;California;United States;Western US;USCA;OFF-PA-6445;Office Supplies;Paper;Xerox 1895;35,88;6;0;16,146;1,35;Medium;September;2015;2021
38823;US-2015-RA19885140-42274;Pazar, Eylül 27, 2015;Pazar, Eylül 27, 2015;Same Day;RA-198851404;Ruben Ausman;Corporate;94109;San Francisco;California;United States;Western US;USCA;OFF-FA-6129;Office Supplies;Fasteners;Staples;71,88;6;0;33,0648;6,98;Medium;September;2015;2021
40960;CA-2015-MS17770140-42248;Salı, Eylül 01, 2015;Pazar, Eylül 06, 2015;Standard Class;MS-177701404;Maxwell Schwartz;Consumer;94109;San Francisco;California;United States;Western US;USCA;OFF-ST-6088;Office Supplies;Storage;Space Solutions Commercial Steel Shelving;193,95;3;0;9,6975;12,65;Medium;September;2015;2021
39820;CA-2015-DB13615140-42269;Salı, Eylül 22, 2015;Cumartesi, Eylül 26, 2015;Standard Class;DB-136151404;Doug Bickford;Consumer;94109;San Francisco;California;United States;Western US;USCA;OFF-PA-3012;Office Supplies;Paper;Adams Telephone Message Book w/Frequently-Called Numbers Space, 400 Messages per Book;55,86;7;0;27,93;3,28;High;September;2015;2021
38824;US-2015-RA19885140-42274;Pazar, Eylül 27, 2015;Pazar, Eylül 27, 2015;Same Day;RA-198851404;Ruben Ausman;Corporate;94109;San Francisco;California;United States;Western US;USCA;FUR-FU-6099;Furniture;Furnishings;Stackable Trays;9,24;3;0;2,9568;1,66;Medium;September;2015;2021
40378;CA-2015-KH16630140-42259;Cumartesi, Eylül 12, 2015;Pazartesi, Eylül 14, 2015;Second Class;KH-166301404;Ken Heidel;Corporate;92704;Santa Ana;California;United States;Western US;USCA;OFF-PA-6472;Office Supplies;Paper;Xerox 192;19,44;3;0;9,3312;1,81;High;September;2015;2021
34376;CA-2015-KB16405140-42252;Cumartesi, Eylül 05, 2015;Pazar, Eylül 06, 2015;First Class;KB-164051404;Katrina Bavinger;Home Office;92307;Apple Valley;California;United States;Western US;USCA;OFF-PA-6584;Office Supplies;Paper;Xerox 220;12,96;2;0;6,2208;1,72;Medium;September;2015;2021
34338;CA-2015-KF16285140-42259;Cumartesi, Eylül 12, 2015;Pazar, Eylül 13, 2015;Same Day;KF-162851404;Karen Ferguson;Home Office;90805;Long Beach;California;United States;Western US;USCA;OFF-PA-6555;Office Supplies;Paper;Xerox 1996;12,96;2;0;6,2208;1,2;Critical;September;2015;2021
31571;CA-2015-BB10990140-42264;Perşembe, Eylül 17, 2015;Cuma, Eylül 18, 2015;First Class;BB-109901404;Barry Blumstein;Corporate;90301;Inglewood;California;United States;Western US;USCA;OFF-PA-3114;Office Supplies;Paper;"Ampad Gold Fibre Wirebound Steno Books, 6"" x 9"", Gregg Ruled";8,82;2;0;4,0572;1,27;High;September;2015;2021
37087;CA-2015-PG18820140-42277;Çarşamba, Eylül 30, 2015;Cumartesi, Ekim 03, 2015;First Class;PG-188201404;Patrick Gardner;Consumer;93309;Bakersfield;California;United States;Western US;USCA;OFF-FA-3051;Office Supplies;Fasteners;Advantus Plastic Paper Clips;35;7;0;16,8;1,04;Medium;September;2015;2021
37089;CA-2015-PG18820140-42277;Çarşamba, Eylül 30, 2015;Cumartesi, Ekim 03, 2015;First Class;PG-188201404;Patrick Gardner;Consumer;93309;Bakersfield;California;United States;Western US;USCA;OFF-AP-4279;Office Supplies;Appliances;Fellowes Premier Superior Surge Suppressor, 10-Outlet, With Phone and Remote;97,84;2;0;25,4384;11,5;Medium;September;2015;2021
41098;CA-2015-JK15730140-42277;Çarşamba, Eylül 30, 2015;Çarşamba, Ekim 07, 2015;Standard Class;JK-157301404;Joe Kamberova;Consumer;95240;Lodi;California;United States;Western US;USCA;OFF-SU-2974;Office Supplies;Supplies;"Acme Hot Forged Carbon Steel Scissors with Nickel-Plated Handles, 3 7/8"" Cut, 8""L";97,3;7;0;28,217;7,75;Medium;September;2015;2021
38400;CA-2015-EJ14155140-42252;Cumartesi, Eylül 05, 2015;Çarşamba, Eylül 09, 2015;Standard Class;EJ-141551404;Eva Jacobs;Consumer;92704;Santa Ana;California;United States;Western US;USCA;OFF-ST-2861;Office Supplies;Storage;24 Capacity Maxi Data Binder Racks, Pearl;421,1;2;0;105,275;11,15;Medium;September;2015;2021
40351;CA-2015-BK11260140-42270;Çarşamba, Eylül 23, 2015;Salı, Eylül 29, 2015;Standard Class;BK-112601404;Berenike Kampe;Consumer;92704;Santa Ana;California;United States;Western US;USCA;OFF-SU-4323;Office Supplies;Supplies;Fiskars Softgrip Scissors;21,96;2;0;6,1488;1,76;Medium;September;2015;2021
35230;CA-2015-AW10840140-42250;Perşembe, Eylül 03, 2015;Çarşamba, Eylül 09, 2015;Standard Class;AW-108401404;Anthony Witt;Consumer;93309;Bakersfield;California;United States;Western US;USCA;OFF-AR-5458;Office Supplies;Art;OIC #2 Pencils, Medium Soft;9,4;5;0;2,726;2;Low;September;2015;2021
35231;CA-2015-AW10840140-42250;Perşembe, Eylül 03, 2015;Çarşamba, Eylül 09, 2015;Standard Class;AW-108401404;Anthony Witt;Consumer;93309;Bakersfield;California;United States;Western US;USCA;OFF-LA-3226;Office Supplies;Labels;Avery 505;74;5;0;37;6,93;Low;September;2015;2021
34339;CA-2015-KF16285140-42259;Cumartesi, Eylül 12, 2015;Pazar, Eylül 13, 2015;Same Day;KF-162851404;Karen Ferguson;Home Office;90805;Long Beach;California;United States;Western US;USCA;OFF-EN-2851;Office Supplies;Envelopes;#10 Self-Seal White Envelopes;22,18;2;0;10,8682;6,24;Critical;September;2015;2021
31572;CA-2015-BB10990140-42264;Perşembe, Eylül 17, 2015;Cuma, Eylül 18, 2015;First Class;BB-109901404;Barry Blumstein;Corporate;90301;Inglewood;California;United States;Western US;USCA;OFF-AR-5309;Office Supplies;Art;Newell 330;5,98;1;0;1,5548;1,31;High;September;2015;2021
36933;CA-2015-SC20050140-42251;Cuma, Eylül 04, 2015;Çarşamba, Eylül 09, 2015;Standard Class;SC-200501404;Sample Company A;Home Office;91941;La Mesa;California;United States;Western US;USCA;TEC-AC-4935;Technology;Accessories;Kensington Expert Mouse Optical USB Trackball for PC or Mac;284,97;3;0;85,491;23,1;Medium;September;2015;2021
37090;CA-2015-PG18820140-42277;Çarşamba, Eylül 30, 2015;Cumartesi, Ekim 03, 2015;First Class;PG-188201404;Patrick Gardner;Consumer;93309;Bakersfield;California;United States;Western US;USCA;FUR-FU-4761;Furniture;Furnishings;"Howard Miller 13-3/4"" Diameter Brushed Chrome Round Wall Clock";51,75;1;0;15,525;1,67;Medium;September;2015;2021
36516;CA-2015-CA12775140-42249;Çarşamba, Eylül 02, 2015;Çarşamba, Eylül 02, 2015;Same Day;CA-127751402;Cynthia Arntzen;Consumer;48205;Detroit;Michigan;United States;Central US;USCA;FUR-CH-4517;Furniture;Chairs;Harbour Creations 67200 Series Stacking Chairs;498,26;7;0;134,5302;33,08;High;September;2015;2021
31368;CA-2015-TB21520140-42262;Salı, Eylül 15, 2015;Cuma, Eylül 18, 2015;Second Class;TB-215201402;Tracy Blumstein;Consumer;49201;Jackson;Michigan;United States;Central US;USCA;OFF-PA-6222;Office Supplies;Paper;"Telephone Message Books with Fax/Mobile Section, 5 1/2"" x 3 3/16""";19,05;3;0;8,763;1,78;Medium;September;2015;2021
36513;US-2015-JB16000140-42257;Perşembe, Eylül 10, 2015;Çarşamba, Eylül 16, 2015;Standard Class;JB-160001402;Joy Bell-;Consumer;48066;Roseville;Michigan;United States;Central US;USCA;OFF-EN-2848;Office Supplies;Envelopes;"#10- 4 1/8"" x 9 1/2"" Recycled Envelopes";17,48;2;0;8,2156;1,77;Medium;September;2015;2021
33420;CA-2015-EH14005140-42270;Çarşamba, Eylül 23, 2015;Cuma, Eylül 25, 2015;Second Class;EH-140051402;Erica Hernandez;Home Office;48911;Lansing;Michigan;United States;Central US;USCA;OFF-LA-3233;Office Supplies;Labels;Avery 511;27,72;9;0;13,3056;7,1;Critical;September;2015;2021
33419;CA-2015-EH14005140-42270;Çarşamba, Eylül 23, 2015;Cuma, Eylül 25, 2015;Second Class;EH-140051402;Erica Hernandez;Home Office;48911;Lansing;Michigan;United States;Central US;USCA;FUR-BO-5522;Furniture;Bookcases;O'Sullivan 4-Shelf Bookcase in Odessa Pine;241,96;2;0;41,1332;50,32;Critical;September;2015;2021
32208;CA-2015-BE11335140-42250;Perşembe, Eylül 03, 2015;Salı, Eylül 08, 2015;Standard Class;BE-113351402;Bill Eplett;Home Office;49201;Jackson;Michigan;United States;Central US;USCA;OFF-ST-4265;Office Supplies;Storage;Fellowes High-Stak Drawer Files;352,38;2;0;81,0474;22,63;Medium;September;2015;2021
32207;CA-2015-BE11335140-42250;Perşembe, Eylül 03, 2015;Salı, Eylül 08, 2015;Standard Class;BE-113351402;Bill Eplett;Home Office;49201;Jackson;Michigan;United States;Central US;USCA;TEC-AC-5186;Technology;Accessories;Maxell iVDR EX 500GB Cartridge;1928,78;7;0;829,3754;61,73;Medium;September;2015;2021
32206;CA-2015-BE11335140-42250;Perşembe, Eylül 03, 2015;Salı, Eylül 08, 2015;Standard Class;BE-113351402;Bill Eplett;Home Office;49201;Jackson;Michigan;United States;Central US;USCA;TEC-PH-5621;Technology;Phones;Polycom CX600 IP Phone VoIP phone;1199,8;4;0;323,946;117,82;Medium;September;2015;2021
36620;CA-2015-TM21010140-42266;Cumartesi, Eylül 19, 2015;Perşembe, Eylül 24, 2015;Second Class;TM-210101402;Tamara Manning;Consumer;68801;Grand Island;Nebraska;United States;Central US;USCA;OFF-PA-3012;Office Supplies;Paper;Adams Telephone Message Book w/Frequently-Called Numbers Space, 400 Messages per Book;15,96;2;0;7,98;1,63;Medium;September;2015;2021
33259;CA-2015-RW19690140-42258;Cuma, Eylül 11, 2015;Çarşamba, Eylül 16, 2015;Second Class;RW-196901402;Robert Waldorf;Consumer;65807;Springfield;Missouri;United States;Central US;USCA;OFF-BI-5333;Office Supplies;Binders;Newell 3-Hole Punched Plastic Slotted Magazine Holders for Binders;13,71;3;0;6,5808;1,36;Medium;September;2015;2021
33255;CA-2015-RW19690140-42258;Cuma, Eylül 11, 2015;Çarşamba, Eylül 16, 2015;Second Class;RW-196901402;Robert Waldorf;Consumer;65807;Springfield;Missouri;United States;Central US;USCA;OFF-BI-2869;Office Supplies;Binders;3M Organizer Strips;16,2;3;0;7,776;1,54;Medium;September;2015;2021
33260;CA-2015-RW19690140-42258;Cuma, Eylül 11, 2015;Çarşamba, Eylül 16, 2015;Second Class;RW-196901402;Robert Waldorf;Consumer;65807;Springfield;Missouri;United States;Central US;USCA;OFF-PA-6527;Office Supplies;Paper;Xerox 1970;24,9;5;0;11,703;2,01;Medium;September;2015;2021
33262;CA-2015-RW19690140-42258;Cuma, Eylül 11, 2015;Çarşamba, Eylül 16, 2015;Second Class;RW-196901402;Robert Waldorf;Consumer;65807;Springfield;Missouri;United States;Central US;USCA;OFF-AP-2888;Office Supplies;Appliances;Acco 6 Outlet Guardian Standard Surge Suppressor;24,18;2;0;7,254;2,29;Medium;September;2015;2021
33256;CA-2015-RW19690140-42258;Cuma, Eylül 11, 2015;Çarşamba, Eylül 16, 2015;Second Class;RW-196901402;Robert Waldorf;Consumer;65807;Springfield;Missouri;United States;Central US;USCA;OFF-AP-4609;Office Supplies;Appliances;Holmes Replacement Filter for HEPA Air Cleaner, Medium Room;33,99;3;0;14,6157;4,61;Medium;September;2015;2021
33261;CA-2015-RW19690140-42258;Cuma, Eylül 11, 2015;Çarşamba, Eylül 16, 2015;Second Class;RW-196901402;Robert Waldorf;Consumer;65807;Springfield;Missouri;United States;Central US;USCA;OFF-ST-4288;Office Supplies;Storage;Fellowes Stor/Drawer Steel Plus Storage Drawers;286,29;3;0;17,1774;12,35;Medium;September;2015;2021
34863;CA-2015-RD19660140-42255;Salı, Eylül 08, 2015;Salı, Eylül 15, 2015;Standard Class;RD-196601402;Robert Dilbeck;Home Office;64055;Independence;Missouri;United States;Central US;USCA;OFF-BI-4338;Office Supplies;Binders;GBC DocuBind 300 Electric Binding Machine;1577,94;3;0;757,4112;95,11;Medium;September;2015;2021
38438;CA-2015-TG21640140-42255;Salı, Eylül 08, 2015;Salı, Eylül 08, 2015;Same Day;TG-216401402;Trudy Glocke;Consumer;63301;Saint Charles;Missouri;United States;Central US;USCA;FUR-FU-3908;Furniture;Furnishings;DataProducts Ampli Magnifier Task Lamp, Black,;135,3;5;0;37,884;7,43;Medium;September;2015;2021
38437;CA-2015-TG21640140-42255;Salı, Eylül 08, 2015;Salı, Eylül 08, 2015;Same Day;TG-216401402;Trudy Glocke;Consumer;63301;Saint Charles;Missouri;United States;Central US;USCA;TEC-AC-5178;Technology;Accessories;Maxell 4.7GB DVD-R;113,52;4;0;46,5432;17,27;Medium;September;2015;2021
33257;CA-2015-RW19690140-42258;Cuma, Eylül 11, 2015;Çarşamba, Eylül 16, 2015;Second Class;RW-196901402;Robert Waldorf;Consumer;65807;Springfield;Missouri;United States;Central US;USCA;TEC-AC-5103;Technology;Accessories;Logitech G105 Gaming Keyboard;296,85;5;0;53,433;11,1;Medium;September;2015;2021
33258;CA-2015-RW19690140-42258;Cuma, Eylül 11, 2015;Çarşamba, Eylül 16, 2015;Second Class;RW-196901402;Robert Waldorf;Consumer;65807;Springfield;Missouri;United States;Central US;USCA;TEC-AC-4876;Technology;Accessories;Imation Clip USB flash drive - 8 GB;112,8;6;0;6,768;11,23;Medium;September;2015;2021
33266;CA-2015-BD11320140-42271;Perşembe, Eylül 24, 2015;Çarşamba, Eylül 30, 2015;Standard Class;BD-113201402;Bill Donatelli;Consumer;74133;Tulsa;Oklahoma;United States;Central US;USCA;TEC-AC-4878;Technology;Accessories;"Imation Secure+ Hardware Encrypted USB 2.0 Flash Drive; 16GB";291,96;4;0;102,186;17,37;Medium;September;2015;2021
32092;CA-2015-RH19495140-42269;Salı, Eylül 22, 2015;Pazar, Eylül 27, 2015;Standard Class;RH-194951402;Rick Hansen;Consumer;55901;Rochester;Minnesota;United States;Central US;USCA;OFF-BI-3264;Office Supplies;Binders;Avery Durable Binders;20,16;7;0;9,8784;1,3;Medium;September;2015;2021
33331;CA-2015-CT11995140-42273;Cumartesi, Eylül 26, 2015;Çarşamba, Eylül 30, 2015;Standard Class;CT-119951402;Carol Triggs;Consumer;55901;Rochester;Minnesota;United States;Central US;USCA;OFF-BI-2938;Office Supplies;Binders;ACCOHIDE Binder by Acco;8,26;2;0;3,8822;1,09;High;September;2015;2021
34790;CA-2015-KB16240140-42272;Cuma, Eylül 25, 2015;Salı, Eylül 29, 2015;Standard Class;KB-162401402;Karen Bern;Corporate;56301;Saint Cloud;Minnesota;United States;Central US;USCA;TEC-AC-4940;Technology;Accessories;KeyTronic E03601U1 - Keyboard - Beige;72;4;0;12,96;7,72;High;September;2015;2021
34792;CA-2015-KB16240140-42272;Cuma, Eylül 25, 2015;Salı, Eylül 29, 2015;Standard Class;KB-162401402;Karen Bern;Corporate;56301;Saint Cloud;Minnesota;United States;Central US;USCA;FUR-CH-4393;Furniture;Chairs;Global Airflow Leather Mesh Back Chair, Black;603,92;4;0;181,176;37,96;High;September;2015;2021
34791;CA-2015-KB16240140-42272;Cuma, Eylül 25, 2015;Salı, Eylül 29, 2015;Standard Class;KB-162401402;Karen Bern;Corporate;56301;Saint Cloud;Minnesota;United States;Central US;USCA;TEC-AC-4869;Technology;Accessories;Imation Bio 2GB USB Flash Drive Imation Corp;655,9;5;0;275,478;120,28;High;September;2015;2021
33332;CA-2015-CT11995140-42273;Cumartesi, Eylül 26, 2015;Çarşamba, Eylül 30, 2015;Standard Class;CT-119951402;Carol Triggs;Consumer;55901;Rochester;Minnesota;United States;Central US;USCA;FUR-CH-4418;Furniture;Chairs;Global Leather Task Chair, Black;269,97;3;0;51,2943;22,14;High;September;2015;2021
33082;CA-2015-JE15610140-42270;Çarşamba, Eylül 23, 2015;Pazar, Eylül 27, 2015;Standard Class;JE-156101402;Jim Epp;Corporate;53209;Milwaukee;Wisconsin;United States;Central US;USCA;OFF-BI-2938;Office Supplies;Binders;ACCOHIDE Binder by Acco;33,04;8;0;15,5288;4,1;Medium;September;2015;2021
33083;CA-2015-JE15610140-42270;Çarşamba, Eylül 23, 2015;Pazar, Eylül 27, 2015;Standard Class;JE-156101402;Jim Epp;Corporate;53209;Milwaukee;Wisconsin;United States;Central US;USCA;TEC-PH-3166;Technology;Phones;AT&T CL82213;86,97;3;0;25,2213;5,3;Medium;September;2015;2021
33081;CA-2015-JE15610140-42270;Çarşamba, Eylül 23, 2015;Pazar, Eylül 27, 2015;Standard Class;JE-156101402;Jim Epp;Corporate;53209;Milwaukee;Wisconsin;United States;Central US;USCA;TEC-AC-5097;Technology;Accessories;Logitech Desktop MK120 Mouse and keyboard Combo;98,16;6;0;9,816;8,24;Medium;September;2015;2021
33080;CA-2015-JE15610140-42270;Çarşamba, Eylül 23, 2015;Pazar, Eylül 27, 2015;Standard Class;JE-156101402;Jim Epp;Corporate;53209;Milwaukee;Wisconsin;United States;Central US;USCA;OFF-PA-6495;Office Supplies;Paper;Xerox 1940;219,84;4;0;107,7216;19,39;Medium;September;2015;2021
32056;CA-2015-BF11020140-42266;Cumartesi, Eylül 19, 2015;Çarşamba, Eylül 23, 2015;Standard Class;BF-110201402;Barry Französisch;Corporate;54302;Green Bay;Wisconsin;United States;Central US;USCA;OFF-PA-3010;Office Supplies;Paper;"Adams Telephone Message Book W/Dividers/Space For Phone Numbers, 5 1/4""X8 1/2"", 200/Messages";22,72;4;0;10,224;1,85;Medium;September;2015;2021
36576;US-2015-AG10675140-42255;Salı, Eylül 08, 2015;Cumartesi, Eylül 12, 2015;Standard Class;AG-106751402;Anna Gayman;Consumer;53209;Milwaukee;Wisconsin;United States;Central US;USCA;TEC-AC-5713;Technology;Accessories;Rosewill 107 Normal Keys USB Wired Standard Keyboard;13,48;1;0;1,8872;1,9;High;September;2015;2021
34951;CA-2015-AJ10945140-42248;Salı, Eylül 01, 2015;Pazar, Eylül 06, 2015;Standard Class;AJ-109451402;Ashley Jarboe;Consumer;46226;Lawrence;Indiana;United States;Central US;USCA;OFF-AP-6319;Office Supplies;Appliances;Tripp Lite Isotel 8 Ultra 8 Outlet Metal Surge;638,73;9;0;166,0698;43,97;Medium;September;2015;2021
40578;US-2015-CB12025140-42259;Cumartesi, Eylül 12, 2015;Çarşamba, Eylül 16, 2015;Standard Class;CB-120251408;Cassandra Brandow;Consumer;23223;Richmond;Virginia;United States;Southern US;USCA;OFF-AP-4729;Office Supplies;Appliances;Hoover Commercial SteamVac;67,9;5;0;20,37;8,02;High;September;2015;2021
37011;CA-2015-AG10900140-42273;Cumartesi, Eylül 26, 2015;Çarşamba, Eylül 30, 2015;Standard Class;AG-109001408;Arthur Gainer;Consumer;23223;Richmond;Virginia;United States;Southern US;USCA;OFF-ST-6156;Office Supplies;Storage;Steel Personal Filing/Posting Tote;177,55;5;0;47,9385;20,63;High;September;2015;2021
33697;CA-2015-SB20290140-42257;Perşembe, Eylül 10, 2015;Çarşamba, Eylül 16, 2015;Standard Class;SB-202901408;Sean Braxton;Corporate;29501;Florence;South Carolina;United States;Southern US;USCA;OFF-ST-6627;Office Supplies;Storage;X-Rack File for Hanging Folders;56,45;5;0;14,677;2,22;Medium;September;2015;2021
33696;CA-2015-SB20290140-42257;Perşembe, Eylül 10, 2015;Çarşamba, Eylül 16, 2015;Standard Class;SB-202901408;Sean Braxton;Corporate;29501;Florence;South Carolina;United States;Southern US;USCA;OFF-ST-4273;Office Supplies;Storage;Fellowes Officeware Wire Shelving;628,81;7;0;12,5762;68,87;Medium;September;2015;2021
35146;CA-2015-JE15745140-42270;Çarşamba, Eylül 23, 2015;Perşembe, Eylül 24, 2015;First Class;JE-157451408;Joel Eaton;Consumer;72701;Fayetteville;Arkansas;United States;Southern US;USCA;TEC-AC-6342;Technology;Accessories;Verbatim 25 GB 6x Blu-ray Single Layer Recordable Disc, 3/Pack;34,95;5;0;15,378;5,33;Medium;September;2015;2021
35145;CA-2015-JE15745140-42270;Çarşamba, Eylül 23, 2015;Perşembe, Eylül 24, 2015;First Class;JE-157451408;Joel Eaton;Consumer;72701;Fayetteville;Arkansas;United States;Southern US;USCA;OFF-BI-4820;Office Supplies;Binders;Ibico EB-19 Dual Function Manual Binding System;691,96;4;0;318,3016;80,81;Medium;September;2015;2021
40550;CA-2015-DO13645140-42271;Perşembe, Eylül 24, 2015;Cumartesi, Eylül 26, 2015;Second Class;DO-136451408;Doug O'Connell;Consumer;71603;Pine Bluff;Arkansas;United States;Southern US;USCA;OFF-PA-6589;Office Supplies;Paper;Xerox 225;12,96;2;0;6,2208;4,1;Critical;September;2015;2021
40549;CA-2015-DO13645140-42271;Perşembe, Eylül 24, 2015;Cumartesi, Eylül 26, 2015;Second Class;DO-136451408;Doug O'Connell;Consumer;71603;Pine Bluff;Arkansas;United States;Southern US;USCA;TEC-AC-5238;Technology;Accessories;Microsoft Wireless Mobile Mouse 4000;199,95;5;0;63,984;39,89;Critical;September;2015;2021
36906;CA-2015-BG11035140-42248;Salı, Eylül 01, 2015;Pazar, Eylül 06, 2015;Standard Class;BG-110351408;Barry Gonzalez;Consumer;71203;Monroe;Louisiana;United States;Southern US;USCA;TEC-AC-5605;Technology;Accessories;Plantronics CS510 - Over-the-Head monaural Wireless Headset System;659,9;2;0;217,767;28,81;Medium;September;2015;2021
40630;CA-2015-SS20410140-42259;Cumartesi, Eylül 12, 2015;Pazartesi, Eylül 14, 2015;Second Class;SS-204101408;Shahid Shariari;Consumer;40324;Georgetown;Kentucky;United States;Southern US;USCA;OFF-FA-2903;Office Supplies;Fasteners;Acco Clips to Go Binder Clips, 24 Clips in Two Sizes;14,2;4;0;6,674;1,33;Medium;September;2015;2021
40629;CA-2015-SS20410140-42259;Cumartesi, Eylül 12, 2015;Pazartesi, Eylül 14, 2015;Second Class;SS-204101408;Shahid Shariari;Consumer;40324;Georgetown;Kentucky;United States;Southern US;USCA;OFF-AP-4279;Office Supplies;Appliances;Fellowes Premier Superior Surge Suppressor, 10-Outlet, With Phone and Remote;195,68;4;0;50,8768;2,88;Medium;September;2015;2021
40570;CA-2015-AH10210140-42250;Perşembe, Eylül 03, 2015;Pazartesi, Eylül 07, 2015;Standard Class;AH-102101408;Alan Hwang;Consumer;42420;Henderson;Kentucky;United States;Southern US;USCA;OFF-BI-4338;Office Supplies;Binders;GBC DocuBind 300 Electric Binding Machine;1577,94;3;0;757,4112;74,59;Medium;September;2015;2021
41257;CA-2015-CL12700140-42264;Perşembe, Eylül 17, 2015;Cumartesi, Eylül 19, 2015;Second Class;CL-127001408;Craig Leslie;Home Office;41042;Florence;Kentucky;United States;Southern US;USCA;TEC-AC-4940;Technology;Accessories;KeyTronic E03601U1 - Keyboard - Beige;18;1;0;3,24;3,9;Critical;September;2015;2021
38190;CA-2015-SS20140140-42266;Cumartesi, Eylül 19, 2015;Çarşamba, Eylül 23, 2015;Standard Class;SS-201401408;Saphhira Shifley;Corporate;31907;Columbus;Georgia;United States;Southern US;USCA;FUR-FU-5172;Furniture;Furnishings;Master Caster Door Stop, Gray;20,32;4;0;6,9088;1,77;Medium;September;2015;2021
38189;CA-2015-SS20140140-42266;Cumartesi, Eylül 19, 2015;Çarşamba, Eylül 23, 2015;Standard Class;SS-201401408;Saphhira Shifley;Corporate;31907;Columbus;Georgia;United States;Southern US;USCA;OFF-PA-6556;Office Supplies;Paper;Xerox 1997;25,92;4;0;12,4416;1,85;Medium;September;2015;2021
38192;CA-2015-SS20140140-42266;Cumartesi, Eylül 19, 2015;Çarşamba, Eylül 23, 2015;Standard Class;SS-201401408;Saphhira Shifley;Corporate;31907;Columbus;Georgia;United States;Southern US;USCA;OFF-SU-4302;Office Supplies;Supplies;"Fiskars 8"" Scissors, 2/Pack";34,48;2;0;9,9992;1,9;Medium;September;2015;2021
38187;CA-2015-SS20140140-42266;Cumartesi, Eylül 19, 2015;Çarşamba, Eylül 23, 2015;Standard Class;SS-201401408;Saphhira Shifley;Corporate;31907;Columbus;Georgia;United States;Southern US;USCA;OFF-PA-5629;Office Supplies;Paper;Post-it “Important Message” Note Pad, Neon Colors, 50 Sheets/Pad;50,96;7;0;24,4608;3,22;Medium;September;2015;2021
38186;CA-2015-SS20140140-42266;Cumartesi, Eylül 19, 2015;Çarşamba, Eylül 23, 2015;Standard Class;SS-201401408;Saphhira Shifley;Corporate;31907;Columbus;Georgia;United States;Southern US;USCA;TEC-PH-4800;Technology;Phones;I Need's 3d Hello Kitty Hybrid Silicone Case Cover for HTC One X 4g with 3d Hello Kitty Stylus Pen Green/pink;95,68;8;0;26,7904;6,44;Medium;September;2015;2021
38188;CA-2015-SS20140140-42266;Cumartesi, Eylül 19, 2015;Çarşamba, Eylül 23, 2015;Standard Class;SS-201401408;Saphhira Shifley;Corporate;31907;Columbus;Georgia;United States;Southern US;USCA;OFF-AR-4798;Office Supplies;Art;Hunt PowerHouse Electric Pencil Sharpener, Blue;113,94;3;0;34,182;9,62;Medium;September;2015;2021
38193;CA-2015-SS20140140-42266;Cumartesi, Eylül 19, 2015;Çarşamba, Eylül 23, 2015;Standard Class;SS-201401408;Saphhira Shifley;Corporate;31907;Columbus;Georgia;United States;Southern US;USCA;OFF-PA-6469;Office Supplies;Paper;Xerox 1917;244,55;5;0;114,9385;23,89;Medium;September;2015;2021
38191;CA-2015-SS20140140-42266;Cumartesi, Eylül 19, 2015;Çarşamba, Eylül 23, 2015;Standard Class;SS-201401408;Saphhira Shifley;Corporate;31907;Columbus;Georgia;United States;Southern US;USCA;TEC-PH-3167;Technology;Phones;AT&T CL83451 4-Handset Telephone;411,98;2;0;119,4742;24,94;Medium;September;2015;2021
38335;CA-2015-PB19105140-42270;Çarşamba, Eylül 23, 2015;Pazartesi, Eylül 28, 2015;Standard Class;PB-191051408;Peter Bühler;Consumer;30080;Smyrna;Georgia;United States;Southern US;USCA;OFF-AR-6215;Office Supplies;Art;Stride Job 150 Highlighters, Chisel Tip, Assorted Colors;17,94;3;0;6,4584;1,2;Medium;September;2015;2021
38334;CA-2015-PB19105140-42270;Çarşamba, Eylül 23, 2015;Pazartesi, Eylül 28, 2015;Standard Class;PB-191051408;Peter Bühler;Consumer;30080;Smyrna;Georgia;United States;Southern US;USCA;OFF-PA-6582;Office Supplies;Paper;Xerox 219;12,96;2;0;6,2208;1,96;Medium;September;2015;2021
35559;CA-2015-KT16480140-42269;Salı, Eylül 22, 2015;Cumartesi, Eylül 26, 2015;Standard Class;KT-164801408;Kean Thornton;Consumer;31907;Columbus;Georgia;United States;Southern US;USCA;OFF-AP-3126;Office Supplies;Appliances;APC 7 Outlet Network SurgeArrest Surge Protector;80,48;1;0;24,144;6,1;Medium;September;2015;2021
38066;CA-2015-JP16135140-42267;Pazar, Eylül 20, 2015;Perşembe, Eylül 24, 2015;Standard Class;JP-161351408;Julie Prescott;Home Office;31907;Columbus;Georgia;United States;Southern US;USCA;OFF-AR-5916;Office Supplies;Art;SANFORD Major Accent Highlighters;35,4;5;0;13,452;2,01;Medium;September;2015;2021
37190;CA-2015-SS20410140-42258;Cuma, Eylül 11, 2015;Salı, Eylül 15, 2015;Standard Class;SS-204101408;Shahid Shariari;Consumer;30318;Atlanta;Georgia;United States;Southern US;USCA;OFF-BI-6411;Office Supplies;Binders;Wilson Jones Suede Grain Vinyl Binders;2,78;1;0;1,3622;1,13;High;September;2015;2021
40133;US-2015-KF16285140-42272;Cuma, Eylül 25, 2015;Salı, Eylül 29, 2015;Standard Class;KF-162851408;Karen Ferguson;Home Office;30328;Sandy Springs;Georgia;United States;Southern US;USCA;OFF-AR-3444;Office Supplies;Art;BIC Brite Liner Grip Highlighters, Assorted, 5/Pack;12,72;3;0;4,9608;1,13;High;September;2015;2021
40130;US-2015-KF16285140-42272;Cuma, Eylül 25, 2015;Salı, Eylül 29, 2015;Standard Class;KF-162851408;Karen Ferguson;Home Office;30328;Sandy Springs;Georgia;United States;Southern US;USCA;OFF-ST-6265;Office Supplies;Storage;Tenex Personal Filing Tote With Secure Closure Lid, Black/Frost;15,51;1;0;3,8775;1,26;High;September;2015;2021
40132;US-2015-KF16285140-42272;Cuma, Eylül 25, 2015;Salı, Eylül 29, 2015;Standard Class;KF-162851408;Karen Ferguson;Home Office;30328;Sandy Springs;Georgia;United States;Southern US;USCA;OFF-AR-3334;Office Supplies;Art;Barrel Sharpener;14,28;4;0;3,7128;2,08;High;September;2015;2021
40134;US-2015-KF16285140-42272;Cuma, Eylül 25, 2015;Salı, Eylül 29, 2015;Standard Class;KF-162851408;Karen Ferguson;Home Office;30328;Sandy Springs;Georgia;United States;Southern US;USCA;OFF-LA-5978;Office Supplies;Labels;Self-Adhesive Removable Labels;15,75;5;0;7,56;2,44;High;September;2015;2021
40131;US-2015-KF16285140-42272;Cuma, Eylül 25, 2015;Salı, Eylül 29, 2015;Standard Class;KF-162851408;Karen Ferguson;Home Office;30328;Sandy Springs;Georgia;United States;Southern US;USCA;TEC-PH-5606;Technology;Phones;Plantronics Encore H101 Dual Earpieces Headset;89,9;2;0;25,172;10,74;High;September;2015;2021
34198;CA-2015-DB12910140-42259;Cumartesi, Eylül 12, 2015;Çarşamba, Eylül 16, 2015;Standard Class;DB-129101408;Daniel Byrd;Home Office;31907;Columbus;Georgia;United States;Southern US;USCA;OFF-PA-6489;Office Supplies;Paper;Xerox 1935;184,66;7;0;84,9436;17,96;High;September;2015;2021
33601;CA-2015-MO17800140-42265;Cuma, Eylül 18, 2015;Çarşamba, Eylül 23, 2015;Second Class;MO-178001408;Meg O'Connel;Home Office;30076;Roswell;Georgia;United States;Southern US;USCA;OFF-FA-6129;Office Supplies;Fasteners;Staples;106,32;3;0;49,9704;11,29;Medium;September;2015;2021
33600;CA-2015-MO17800140-42265;Cuma, Eylül 18, 2015;Çarşamba, Eylül 23, 2015;Second Class;MO-178001408;Meg O'Connel;Home Office;30076;Roswell;Georgia;United States;Southern US;USCA;FUR-CH-4407;Furniture;Chairs;Global Ergonomic Managers Chair;723,92;4;0;188,2192;46,85;Medium;September;2015;2021
36481;CA-2015-AG10675140-42272;Cuma, Eylül 25, 2015;Pazartesi, Eylül 28, 2015;First Class;AG-106751408;Anna Gayman;Consumer;31907;Columbus;Georgia;United States;Southern US;USCA;OFF-BI-3266;Office Supplies;Binders;Avery Durable Poly Binders;38,71;7;0;17,8066;3,57;High;September;2015;2021
36480;CA-2015-AG10675140-42272;Cuma, Eylül 25, 2015;Pazartesi, Eylül 28, 2015;First Class;AG-106751408;Anna Gayman;Consumer;31907;Columbus;Georgia;United States;Southern US;USCA;OFF-ST-4255;Office Supplies;Storage;Fellowes Desktop Hanging File Manager;40,29;3;0;10,0725;5,87;High;September;2015;2021
32835;CA-2015-CL11890140-42263;Çarşamba, Eylül 16, 2015;Cuma, Eylül 18, 2015;Second Class;CL-118901406;Carl Ludwig;Consumer;2149;Everett;Massachusetts;United States;Eastern US;USCA;OFF-AR-3283;Office Supplies;Art;Avery Hi-Liter EverBold Pen Style Fluorescent Highlighters, 4/Pack;16,28;2;0;6,512;1,76;High;September;2015;2021
32837;CA-2015-CL11890140-42263;Çarşamba, Eylül 16, 2015;Cuma, Eylül 18, 2015;Second Class;CL-118901406;Carl Ludwig;Consumer;2149;Everett;Massachusetts;United States;Eastern US;USCA;OFF-BI-6396;Office Supplies;Binders;Wilson Jones Heavy-Duty Casebound Ring Binders with Metal Hinges;242,48;7;0;116,3904;19,82;High;September;2015;2021
36222;CA-2015-AR10345140-42258;Cuma, Eylül 11, 2015;Pazartesi, Eylül 14, 2015;First Class;AR-103451406;Alex Russell;Corporate;1841;Lawrence;Massachusetts;United States;Eastern US;USCA;OFF-AR-4010;Office Supplies;Art;"Eberhard Faber 3 1/2"" Golf Pencils";14,88;2;0;3,72;2,61;Medium;September;2015;2021
32834;CA-2015-CL11890140-42263;Çarşamba, Eylül 16, 2015;Cuma, Eylül 18, 2015;Second Class;CL-118901406;Carl Ludwig;Consumer;2149;Everett;Massachusetts;United States;Eastern US;USCA;TEC-PH-4385;Technology;Phones;GE DSL Phone Line Filter;39,99;1;0;11,5971;5,2;High;September;2015;2021
32836;CA-2015-CL11890140-42263;Çarşamba, Eylül 16, 2015;Cuma, Eylül 18, 2015;Second Class;CL-118901406;Carl Ludwig;Consumer;2149;Everett;Massachusetts;United States;Eastern US;USCA;FUR-BO-3175;Furniture;Bookcases;Atlantic Metals Mobile 3-Shelf Bookcases, Custom Colors;782,94;3;0;203,5644;123,26;High;September;2015;2021
36892;CA-2015-BP11095140-42272;Cuma, Eylül 25, 2015;Cuma, Eylül 25, 2015;Same Day;BP-110951406;Bart Pistole;Corporate;1841;Lawrence;Massachusetts;United States;Eastern US;USCA;TEC-PH-6364;Technology;Phones;Wi-Ex zBoost YX540 Cellular Phone Signal Booster;437,85;3;0;131,355;27,02;High;September;2015;2021
36891;CA-2015-BP11095140-42272;Cuma, Eylül 25, 2015;Cuma, Eylül 25, 2015;Same Day;BP-110951406;Bart Pistole;Corporate;1841;Lawrence;Massachusetts;United States;Eastern US;USCA;TEC-PH-5564;Technology;Phones;Panasonic KX-TG9471B;391,98;2;0;109,7544;39,68;High;September;2015;2021
40175;CA-2015-GZ14470140-42265;Cuma, Eylül 18, 2015;Perşembe, Eylül 24, 2015;Standard Class;GZ-144701406;Gary Zandusky;Consumer;7960;Morristown;New Jersey;United States;Eastern US;USCA;OFF-ST-6015;Office Supplies;Storage;SimpliFile Personal File, Black Granite, 15w x 6-15/16d x 11-1/4h;34,05;3;0;9,534;2,72;Medium;September;2015;2021
40174;CA-2015-GZ14470140-42265;Cuma, Eylül 18, 2015;Perşembe, Eylül 24, 2015;Standard Class;GZ-144701406;Gary Zandusky;Consumer;7960;Morristown;New Jersey;United States;Eastern US;USCA;TEC-MA-5080;Technology;Machines;Lexmark 20R1285 X6650 Wireless All-in-One Printer;480;4;0;225,6;27,47;Medium;September;2015;2021
38052;CA-2015-TC21145140-42263;Çarşamba, Eylül 16, 2015;Pazar, Eylül 20, 2015;Standard Class;TC-211451406;Theresa Coyne;Corporate;8701;Lakewood;New Jersey;United States;Eastern US;USCA;FUR-FU-3921;Furniture;Furnishings;DAX Two-Tone Rosewood/Black Document Frame, Desktop, 5 x 7;47,4;5;0;18,96;7,59;High;September;2015;2021
38055;CA-2015-TC21145140-42263;Çarşamba, Eylül 16, 2015;Pazar, Eylül 20, 2015;Standard Class;TC-211451406;Theresa Coyne;Corporate;8701;Lakewood;New Jersey;United States;Eastern US;USCA;OFF-ST-3848;Office Supplies;Storage;"Contico 72""H Heavy-Duty Storage System";81,96;2;0;0;9,4;High;September;2015;2021
38054;CA-2015-TC21145140-42263;Çarşamba, Eylül 16, 2015;Pazar, Eylül 20, 2015;Standard Class;TC-211451406;Theresa Coyne;Corporate;8701;Lakewood;New Jersey;United States;Eastern US;USCA;TEC-PH-5599;Technology;Phones;Plantronics 81402;395,94;6;0;102,9444;40,6;High;September;2015;2021
38053;CA-2015-TC21145140-42263;Çarşamba, Eylül 16, 2015;Pazar, Eylül 20, 2015;Standard Class;TC-211451406;Theresa Coyne;Corporate;8701;Lakewood;New Jersey;United States;Eastern US;USCA;FUR-CH-5781;Furniture;Chairs;SAFCO Folding Chair Trolley;512,96;4;0;143,6288;88,83;High;September;2015;2021
35726;CA-2015-LT17110140-42262;Salı, Eylül 15, 2015;Salı, Eylül 15, 2015;Same Day;LT-171101406;Liz Thompson;Consumer;7050;Orange;New Jersey;United States;Eastern US;USCA;OFF-AR-3535;Office Supplies;Art;Boston Home & Office Model 2000 Electric Pencil Sharpeners;70,95;3;0;18,447;5,88;High;September;2015;2021
33375;CA-2015-BF11080140-42260;Pazar, Eylül 13, 2015;Çarşamba, Eylül 16, 2015;First Class;BF-110801406;Bart Folk;Consumer;21215;Baltimore;Maryland;United States;Eastern US;USCA;OFF-PA-6493;Office Supplies;Paper;Xerox 1939;94,85;5;0;45,528;3,5;Medium;September;2015;2021
33373;CA-2015-BF11080140-42260;Pazar, Eylül 13, 2015;Çarşamba, Eylül 16, 2015;First Class;BF-110801406;Bart Folk;Consumer;21215;Baltimore;Maryland;United States;Eastern US;USCA;OFF-PA-3012;Office Supplies;Paper;Adams Telephone Message Book w/Frequently-Called Numbers Space, 400 Messages per Book;39,9;5;0;19,95;3,88;Medium;September;2015;2021
33374;CA-2015-BF11080140-42260;Pazar, Eylül 13, 2015;Çarşamba, Eylül 16, 2015;First Class;BF-110801406;Bart Folk;Consumer;21215;Baltimore;Maryland;United States;Eastern US;USCA;OFF-AP-4247;Office Supplies;Appliances;Fellowes Basic Home/Office Series Surge Protectors;90,86;7;0;26,3494;10,61;Medium;September;2015;2021
36361;CA-2015-CA12265140-42270;Çarşamba, Eylül 23, 2015;Cuma, Eylül 25, 2015;First Class;CA-122651406;Christina Anderson;Consumer;19805;Wilmington;Delaware;United States;Eastern US;USCA;TEC-PH-4382;Technology;Phones;GE 30524EE4;391,98;2;0;113,6742;155,34;Critical;September;2015;2021
37976;CA-2015-TB21055140-42250;Perşembe, Eylül 03, 2015;Salı, Eylül 08, 2015;Second Class;TB-210551406;Ted Butterfield;Consumer;6450;Meriden;Connecticut;United States;Eastern US;USCA;OFF-ST-3851;Office Supplies;Storage;Crate-A-Files;10,9;1;0;2,834;1,24;Medium;September;2015;2021
37977;CA-2015-TB21055140-42250;Perşembe, Eylül 03, 2015;Salı, Eylül 08, 2015;Second Class;TB-210551406;Ted Butterfield;Consumer;6450;Meriden;Connecticut;United States;Eastern US;USCA;OFF-PA-6461;Office Supplies;Paper;Xerox 191;79,92;4;0;37,5624;8,95;Medium;September;2015;2021
37978;CA-2015-TB21055140-42250;Perşembe, Eylül 03, 2015;Salı, Eylül 08, 2015;Second Class;TB-210551406;Ted Butterfield;Consumer;6450;Meriden;Connecticut;United States;Eastern US;USCA;OFF-PA-6440;Office Supplies;Paper;Xerox 1890;146,82;3;0;73,41;10,33;Medium;September;2015;2021
39217;CA-2015-Dp13240140-42263;Çarşamba, Eylül 16, 2015;Salı, Eylül 22, 2015;Standard Class;Dp-132401406;Dean percer;Home Office;6708;Waterbury;Connecticut;United States;Eastern US;USCA;TEC-AC-5232;Technology;Accessories;Micro Innovations Wireless Classic Keyboard with Mouse;59,98;2;0;10,7964;3,18;Low;September;2015;2021
39216;CA-2015-Dp13240140-42263;Çarşamba, Eylül 16, 2015;Salı, Eylül 22, 2015;Standard Class;Dp-132401406;Dean percer;Home Office;6708;Waterbury;Connecticut;United States;Eastern US;USCA;OFF-ST-4089;Office Supplies;Storage;Eldon ProFile File 'N Store Portable File Tub Letter/Legal Size Black;38,62;2;0;10,8136;5,18;Low;September;2015;2021
38020;US-2015-VM21835140-42252;Cumartesi, Eylül 05, 2015;Pazartesi, Eylül 07, 2015;Second Class;VM-218351406;Vivian Mathis;Consumer;3060;Nashua;New Hampshire;United States;Eastern US;USCA;OFF-FA-6129;Office Supplies;Fasteners;Staples;14,82;6;0;6,9654;3,09;Critical;September;2015;2021
36842;CA-2015-MG17890140-42270;Çarşamba, Eylül 23, 2015;Pazar, Eylül 27, 2015;Standard Class;MG-178901406;Michael Granlund;Home Office;3301;Concord;New Hampshire;United States;Eastern US;USCA;OFF-ST-6266;Office Supplies;Storage;Tenex Personal Project File with Scoop Front Design, Black;67,4;5;0;17,524;6,11;Medium;September;2015;2021
36479;CA-2015-DJ13510140-42260;Pazar, Eylül 13, 2015;Çarşamba, Eylül 16, 2015;First Class;DJ-135101406;Don Jones;Corporate;2895;Woonsocket;Rhode Island;United States;Eastern US;USCA;OFF-BI-3085;Office Supplies;Binders;Aluminum Screw Posts;45,78;3;0;22,89;6,3;High;September;2015;2021
36478;CA-2015-DJ13510140-42260;Pazar, Eylül 13, 2015;Çarşamba, Eylül 16, 2015;First Class;DJ-135101406;Don Jones;Corporate;2895;Woonsocket;Rhode Island;United States;Eastern US;USCA;OFF-PA-6571;Office Supplies;Paper;Xerox 209;45,36;7;0;21,7728;15,36;High;September;2015;2021
40835;US-2015-AA10375140-42255;Salı, Eylül 08, 2015;Perşembe, Eylül 10, 2015;First Class;AA-103751406;Allen Armold;Consumer;2908;Providence;Rhode Island;United States;Eastern US;USCA;OFF-PA-3328;Office Supplies;Paper;Avoid Verbal Orders Carbonless Minifold Book;16,9;5;0;7,774;2,98;High;September;2015;2021
40836;US-2015-AA10375140-42255;Salı, Eylül 08, 2015;Perşembe, Eylül 10, 2015;First Class;AA-103751406;Allen Armold;Consumer;2908;Providence;Rhode Island;United States;Eastern US;USCA;OFF-PA-6461;Office Supplies;Paper;Xerox 191;39,96;2;0;18,7812;4,21;High;September;2015;2021
36448;CA-2015-LS17200140-42273;Cumartesi, Eylül 26, 2015;Salı, Eylül 29, 2015;First Class;LS-172001404;Luke Schmidt;Corporate;59601;Helena;Montana;United States;Western US;USCA;OFF-ST-4891;Office Supplies;Storage;Iris Project Case;39,9;5;0;10,374;5,11;Medium;September;2015;2021
35724;US-2015-DW13195140-42270;Çarşamba, Eylül 23, 2015;Salı, Eylül 29, 2015;Standard Class;DW-131951404;David Wiener;Corporate;87105;Albuquerque;New Mexico;United States;Western US;USCA;OFF-PA-6084;Office Supplies;Paper;Southworth 25% Cotton Linen-Finish Paper & Envelopes;27,18;3;0;12,231;1,63;Medium;September;2015;2021
33954;CA-2015-AS10225140-42265;Cuma, Eylül 18, 2015;Salı, Eylül 22, 2015;Second Class;AS-102251404;Alan Schoenberger;Corporate;84604;Provo;Utah;United States;Western US;USCA;OFF-LA-3236;Office Supplies;Labels;Avery 514;14,4;5;0;7,056;1,34;Medium;September;2015;2021
33953;CA-2015-AS10225140-42265;Cuma, Eylül 18, 2015;Salı, Eylül 22, 2015;Second Class;AS-102251404;Alan Schoenberger;Corporate;84604;Provo;Utah;United States;Western US;USCA;OFF-ST-5239;Office Supplies;Storage;Mini 13-1/2 Capacity Data Binder Rack, Pearl;261,74;2;0;65,435;9,2;Medium;September;2015;2021
33950;CA-2015-AS10225140-42265;Cuma, Eylül 18, 2015;Salı, Eylül 22, 2015;Second Class;AS-102251404;Alan Schoenberger;Corporate;84604;Provo;Utah;United States;Western US;USCA;OFF-PA-4465;Office Supplies;Paper;Green Bar Computer Printout Paper;164,88;3;0;80,7912;12,73;Medium;September;2015;2021
36709;CA-2015-TS21505140-42266;Cumartesi, Eylül 19, 2015;Çarşamba, Eylül 23, 2015;Standard Class;TS-215051404;Tony Sayre;Consumer;88101;Clovis;New Mexico;United States;Western US;USCA;TEC-AC-4947;Technology;Accessories;Kingston Digital DataTraveler 64GB USB 2.0;101,34;3;0;8,1072;10,65;High;September;2015;2021
41022;CA-2015-SC20380140-42265;Cuma, Eylül 18, 2015;Pazartesi, Eylül 21, 2015;First Class;SC-203801404;Shahid Collister;Consumer;83704;Boise;Idaho;United States;Western US;USCA;TEC-AC-5138;Technology;Accessories;Logitech Trackman Marble Mouse;89,97;3;0;37,7874;21,5;High;September;2015;2021
36843;CA-2015-JM16195140-42255;Salı, Eylül 08, 2015;Çarşamba, Eylül 09, 2015;First Class;JM-161951404;Justin MacKendrick;Consumer;84020;Draper;Utah;United States;Western US;USCA;FUR-FU-3914;Furniture;Furnishings;DAX Copper Panel Document Frame, 5 x 7 Size;25,16;2;0;10,5672;4,25;Critical;September;2015;2021
33951;CA-2015-AS10225140-42265;Cuma, Eylül 18, 2015;Salı, Eylül 22, 2015;Second Class;AS-102251404;Alan Schoenberger;Corporate;84604;Provo;Utah;United States;Western US;USCA;FUR-BO-4391;Furniture;Bookcases;Global Adaptabilites Bookcase, Cherry/Storm Gray Finish;1292,94;3;0;77,5764;77,12;Medium;September;2015;2021
35628;CA-2015-SS20875140-42249;Çarşamba, Eylül 02, 2015;Pazartesi, Eylül 07, 2015;Standard Class;SS-208751404;Sung Shariari;Consumer;98052;Redmond;Washington;United States;Western US;USCA;TEC-AC-5148;Technology;Accessories;Logitech LS21 Speaker System - PC Multimedia - 2.1-CH - Wired;19,99;1;0;6,7966;1,71;Medium;September;2015;2021
40623;US-2015-PF19225140-42255;Salı, Eylül 08, 2015;Cuma, Eylül 11, 2015;First Class;PF-192251404;Phillip Flathmann;Consumer;98026;Edmonds;Washington;United States;Western US;USCA;FUR-FU-3922;Furniture;Furnishings;DAX Two-Tone Silver Metal Document Frame;80,96;4;0;34,8128;1,43;High;September;2015;2021
40625;US-2015-PF19225140-42255;Salı, Eylül 08, 2015;Cuma, Eylül 11, 2015;First Class;PF-192251404;Phillip Flathmann;Consumer;98026;Edmonds;Washington;United States;Western US;USCA;OFF-AR-3521;Office Supplies;Art;Boston 1799 Powerhouse Electric Pencil Sharpener;25,98;1;0;7,2744;2,95;High;September;2015;2021
37703;CA-2015-BW11110140-42248;Salı, Eylül 01, 2015;Perşembe, Eylül 03, 2015;Second Class;BW-111101404;Bart Watters;Corporate;99207;Spokane;Washington;United States;Western US;USCA;OFF-ST-6079;Office Supplies;Storage;Sortfiler Multipurpose Personal File Organizer, Black;149,73;7;0;43,4217;11,91;High;September;2015;2021
33564;CA-2015-TP21415140-42265;Cuma, Eylül 18, 2015;Cuma, Eylül 18, 2015;Same Day;TP-214151404;Tom Prescott;Consumer;98115;Seattle;Washington;United States;Western US;USCA;OFF-PA-6542;Office Supplies;Paper;Xerox 1984;12,96;2;0;6,3504;1,07;High;September;2015;2021
39781;CA-2015-PB19150140-42272;Cuma, Eylül 25, 2015;Cuma, Eylül 25, 2015;Same Day;PB-191501404;Philip Brown;Consumer;98115;Seattle;Washington;United States;Western US;USCA;FUR-FU-2858;Furniture;Furnishings;12-1/2 Diameter Round Wall Clock;199,8;10;0;71,928;13,67;High;September;2015;2021
32858;CA-2015-CS12400140-42253;Pazar, Eylül 06, 2015;Pazartesi, Eylül 07, 2015;First Class;CS-124001404;Christopher Schild;Home Office;98115;Seattle;Washington;United States;Western US;USCA;OFF-AR-5312;Office Supplies;Art;Newell 333;2,78;1;0;0,7228;1,47;High;September;2015;2021
40328;CA-2015-RW19540140-42249;Çarşamba, Eylül 02, 2015;Çarşamba, Eylül 02, 2015;Same Day;RW-195401404;Rick Wilson;Corporate;98103;Seattle;Washington;United States;Western US;USCA;FUR-TA-4944;Furniture;Tables;KI Conference Tables;283,56;4;0;45,3696;56,77;High;September;2015;2021
36698;CA-2015-ML18265140-42269;Salı, Eylül 22, 2015;Perşembe, Eylül 24, 2015;First Class;ML-182651404;Muhammed Lee;Consumer;98103;Seattle;Washington;United States;Western US;USCA;TEC-AC-5119;Technology;Accessories;Logitech M510 Wireless Mouse;79,98;2;0;26,3934;1,96;High;September;2015;2021
36697;CA-2015-ML18265140-42269;Salı, Eylül 22, 2015;Perşembe, Eylül 24, 2015;First Class;ML-182651404;Muhammed Lee;Consumer;98103;Seattle;Washington;United States;Western US;USCA;TEC-AC-6074;Technology;Accessories;Sony 64GB Class 10 Micro SDHC R40 Memory Card;71,98;2;0;15,1158;12,12;High;September;2015;2021
40327;CA-2015-RW19540140-42249;Çarşamba, Eylül 02, 2015;Çarşamba, Eylül 02, 2015;Same Day;RW-195401404;Rick Wilson;Corporate;98103;Seattle;Washington;United States;Western US;USCA;OFF-AP-4718;Office Supplies;Appliances;Honeywell Quietcare HEPA Air Cleaner;314,6;4;0;103,818;34,6;High;September;2015;2021
39031;CA-2015-GM14500140-42263;Çarşamba, Eylül 16, 2015;Pazartesi, Eylül 21, 2015;Standard Class;GM-145001404;Gene McClure;Consumer;98103;Seattle;Washington;United States;Western US;USCA;OFF-AR-3445;Office Supplies;Art;BIC Brite Liner Highlighters;12,42;3;0;5,2164;1,14;Medium;September;2015;2021
36019;US-2015-CK12325140-42249;Çarşamba, Eylül 02, 2015;Salı, Eylül 08, 2015;Standard Class;CK-123251404;Christine Kargatis;Home Office;98103;Seattle;Washington;United States;Western US;USCA;OFF-FA-6129;Office Supplies;Fasteners;Staples;7,58;1;0;2,9562;1,43;Medium;September;2015;2021
37529;US-2015-JF15415140-42259;Cumartesi, Eylül 12, 2015;Cumartesi, Eylül 12, 2015;Same Day;JF-154151404;Jennifer Ferguson;Consumer;98105;Seattle;Washington;United States;Western US;USCA;OFF-PA-6589;Office Supplies;Paper;Xerox 225;19,44;3;0;9,3312;5,21;High;September;2015;2021
37530;US-2015-JF15415140-42259;Cumartesi, Eylül 12, 2015;Cumartesi, Eylül 12, 2015;Same Day;JF-154151404;Jennifer Ferguson;Consumer;98105;Seattle;Washington;United States;Western US;USCA;OFF-PA-6444;Office Supplies;Paper;Xerox 1894;71,28;11;0;34,2144;12,14;High;September;2015;2021
32375;CA-2015-DW13540140-42271;Perşembe, Eylül 24, 2015;Cumartesi, Eylül 26, 2015;Second Class;DW-135401404;Don Weiss;Consumer;98105;Seattle;Washington;United States;Western US;USCA;OFF-ST-6157;Office Supplies;Storage;Sterilite Officeware Hinged File Box;31,44;3;0;8,4888;9,57;Critical;September;2015;2021
32374;CA-2015-DW13540140-42271;Perşembe, Eylül 24, 2015;Cumartesi, Eylül 26, 2015;Second Class;DW-135401404;Don Weiss;Consumer;98105;Seattle;Washington;United States;Western US;USCA;OFF-AP-3369;Office Supplies;Appliances;Belkin 8 Outlet SurgeMaster II Gold Surge Protector;119,96;2;0;33,5888;29,5;Critical;September;2015;2021
37395;CA-2015-SV20365140-42268;Pazartesi, Eylül 21, 2015;Pazar, Eylül 27, 2015;Standard Class;SV-203651406;Seth Vernon;Consumer;10035;New York City;New York;United States;Eastern US;USCA;OFF-FA-3052;Office Supplies;Fasteners;Advantus Push Pins;4,36;2;0;1,7876;1,26;Medium;September;2015;2021
37392;CA-2015-SV20365140-42268;Pazartesi, Eylül 21, 2015;Pazar, Eylül 27, 2015;Standard Class;SV-203651406;Seth Vernon;Consumer;10035;New York City;New York;United States;Eastern US;USCA;OFF-PA-3008;Office Supplies;Paper;Adams Phone Message Book, 200 Message Capacity, 8 1/16” x 11”;13,76;2;0;6,3296;1,35;Medium;September;2015;2021
37389;CA-2015-SV20365140-42268;Pazartesi, Eylül 21, 2015;Pazar, Eylül 27, 2015;Standard Class;SV-203651406;Seth Vernon;Consumer;10035;New York City;New York;United States;Eastern US;USCA;OFF-PA-6305;Office Supplies;Paper;"TOPS ""Important Message"" Pads, Canary, 4-1/4 x 5-1/2, 50 Sheets per Pad";38,52;9;0;18,1044;1,88;Medium;September;2015;2021
37391;CA-2015-SV20365140-42268;Pazartesi, Eylül 21, 2015;Pazar, Eylül 27, 2015;Standard Class;SV-203651406;Seth Vernon;Consumer;10035;New York City;New York;United States;Eastern US;USCA;OFF-ST-6015;Office Supplies;Storage;SimpliFile Personal File, Black Granite, 15w x 6-15/16d x 11-1/4h;45,4;4;0;12,712;1,91;Medium;September;2015;2021
37390;CA-2015-SV20365140-42268;Pazartesi, Eylül 21, 2015;Pazar, Eylül 27, 2015;Standard Class;SV-203651406;Seth Vernon;Consumer;10035;New York City;New York;United States;Eastern US;USCA;TEC-AC-5858;Technology;Accessories;SanDisk Cruzer 64 GB USB Flash Drive;72,64;2;0;21,792;2,48;Medium;September;2015;2021
37400;CA-2015-SV20365140-42268;Pazartesi, Eylül 21, 2015;Pazar, Eylül 27, 2015;Standard Class;SV-203651406;Seth Vernon;Consumer;10035;New York City;New York;United States;Eastern US;USCA;TEC-AC-5148;Technology;Accessories;Logitech LS21 Speaker System - PC Multimedia - 2.1-CH - Wired;59,97;3;0;20,3898;3,42;Medium;September;2015;2021
37399;CA-2015-SV20365140-42268;Pazartesi, Eylül 21, 2015;Pazar, Eylül 27, 2015;Standard Class;SV-203651406;Seth Vernon;Consumer;10035;New York City;New York;United States;Eastern US;USCA;TEC-PH-5603;Technology;Phones;Plantronics Cordless Phone Headset with In-line Volume - M214C;104,85;3;0;28,3095;8,25;Medium;September;2015;2021
37388;CA-2015-SV20365140-42268;Pazartesi, Eylül 21, 2015;Pazar, Eylül 27, 2015;Standard Class;SV-203651406;Seth Vernon;Consumer;10035;New York City;New York;United States;Eastern US;USCA;TEC-AC-5152;Technology;Accessories;Logitech Wireless Boombox Speaker - portable - wireless, wired;212,8;2;0;95,76;15,57;Medium;September;2015;2021
37397;CA-2015-SV20365140-42268;Pazartesi, Eylül 21, 2015;Pazar, Eylül 27, 2015;Standard Class;SV-203651406;Seth Vernon;Consumer;10035;New York City;New York;United States;Eastern US;USCA;TEC-PH-3136;Technology;Phones;Apple iPhone 5;1299,66;2;0;350,9082;53,23;Medium;September;2015;2021
40877;CA-2015-RB19705140-42262;Salı, Eylül 15, 2015;Perşembe, Eylül 17, 2015;First Class;RB-197051406;Roger Barcio;Home Office;10035;New York City;New York;United States;Eastern US;USCA;OFF-AR-3613;Office Supplies;Art;Bulldog Table or Wall-Mount Pencil Sharpener;29,95;5;0;8,6855;3,53;High;September;2015;2021
40876;CA-2015-RB19705140-42262;Salı, Eylül 15, 2015;Perşembe, Eylül 17, 2015;First Class;RB-197051406;Roger Barcio;Home Office;10035;New York City;New York;United States;Eastern US;USCA;OFF-ST-5980;Office Supplies;Storage;Sensible Storage WireTech Storage Systems;70,98;1;0;3,549;18,82;High;September;2015;2021
40875;CA-2015-RB19705140-42262;Salı, Eylül 15, 2015;Perşembe, Eylül 17, 2015;First Class;RB-197051406;Roger Barcio;Home Office;10035;New York City;New York;United States;Eastern US;USCA;TEC-PH-6413;Technology;Phones;Wilson SignalBoost 841262 DB PRO Amplifier Kit;1079,85;3;0;323,955;319,04;High;September;2015;2021
35210;CA-2015-MM18280140-42266;Cumartesi, Eylül 19, 2015;Cumartesi, Eylül 26, 2015;Standard Class;MM-182801406;Muhammed MacIntyre;Corporate;10035;New York City;New York;United States;Eastern US;USCA;FUR-FU-6331;Furniture;Furnishings;Ultra Door Push Plate;9,82;2;0;3,2406;1,23;Low;September;2015;2021
35209;CA-2015-MM18280140-42266;Cumartesi, Eylül 19, 2015;Cumartesi, Eylül 26, 2015;Standard Class;MM-182801406;Muhammed MacIntyre;Corporate;10035;New York City;New York;United States;Eastern US;USCA;OFF-PA-6565;Office Supplies;Paper;Xerox 203;19,44;3;0;9,3312;2,82;Low;September;2015;2021
40705;CA-2015-LC17140140-42270;Çarşamba, Eylül 23, 2015;Cuma, Eylül 25, 2015;Second Class;LC-171401406;Logan Currie;Consumer;10035;New York City;New York;United States;Eastern US;USCA;FUR-FU-4023;Furniture;Furnishings;Eldon 500 Class Desk Accessories;12,07;1;0;3,9831;1,34;High;September;2015;2021
40704;CA-2015-LC17140140-42270;Çarşamba, Eylül 23, 2015;Cuma, Eylül 25, 2015;Second Class;LC-171401406;Logan Currie;Consumer;10035;New York City;New York;United States;Eastern US;USCA;TEC-AC-6352;Technology;Accessories;WD My Passport Ultra 2TB Portable External Hard Drive;1071;9;0;171,36;155,74;High;September;2015;2021
37125;CA-2015-KB16405140-42251;Cuma, Eylül 04, 2015;Pazartesi, Eylül 07, 2015;Second Class;KB-164051406;Katrina Bavinger;Home Office;10035;New York City;New York;United States;Eastern US;USCA;OFF-AR-5632;Office Supplies;Art;Prang Drawing Pencil Set;5,56;2;0;2,224;1,91;High;September;2015;2021
37122;CA-2015-KB16405140-42251;Cuma, Eylül 04, 2015;Pazartesi, Eylül 07, 2015;Second Class;KB-164051406;Katrina Bavinger;Home Office;10035;New York City;New York;United States;Eastern US;USCA;OFF-PA-6439;Office Supplies;Paper;Xerox 189;419,4;4;0;201,312;95,29;High;September;2015;2021
31660;CA-2015-KW16435140-42273;Cumartesi, Eylül 26, 2015;Cuma, Ekim 02, 2015;Standard Class;KW-164351406;Katrina Willman;Consumer;10009;New York City;New York;United States;Eastern US;USCA;OFF-AR-5312;Office Supplies;Art;Newell 333;5,56;2;0;1,4456;1,42;Medium;September;2015;2021
31658;CA-2015-KW16435140-42273;Cumartesi, Eylül 26, 2015;Cuma, Ekim 02, 2015;Standard Class;KW-164351406;Katrina Willman;Consumer;10009;New York City;New York;United States;Eastern US;USCA;OFF-LA-3244;Office Supplies;Labels;"Avery Address/Shipping Labels for Typewriters, 4"" x 2""";20,7;2;0;9,936;1,74;Medium;September;2015;2021
33246;CA-2015-AC10615140-42250;Perşembe, Eylül 03, 2015;Pazartesi, Eylül 07, 2015;Standard Class;AC-106151406;Ann Chong;Corporate;10009;New York City;New York;United States;Eastern US;USCA;OFF-AP-4247;Office Supplies;Appliances;Fellowes Basic Home/Office Series Surge Protectors;12,98;1;0;3,7642;1,39;High;September;2015;2021
33249;CA-2015-AC10615140-42250;Perşembe, Eylül 03, 2015;Pazartesi, Eylül 07, 2015;Standard Class;AC-106151406;Ann Chong;Corporate;10009;New York City;New York;United States;Eastern US;USCA;OFF-LA-3240;Office Supplies;Labels;Avery 518;18,9;6;0;9,072;1,56;High;September;2015;2021
33251;CA-2015-AC10615140-42250;Perşembe, Eylül 03, 2015;Pazartesi, Eylül 07, 2015;Standard Class;AC-106151406;Ann Chong;Corporate;10009;New York City;New York;United States;Eastern US;USCA;OFF-AR-3443;Office Supplies;Art;BIC Brite Liner Grip Highlighters;4,92;3;0;2,214;1,78;High;September;2015;2021
33254;CA-2015-AC10615140-42250;Perşembe, Eylül 03, 2015;Pazartesi, Eylül 07, 2015;Standard Class;AC-106151406;Ann Chong;Corporate;10009;New York City;New York;United States;Eastern US;USCA;OFF-PA-6518;Office Supplies;Paper;Xerox 1962;17,12;4;0;7,704;1,94;High;September;2015;2021
33243;CA-2015-AC10615140-42250;Perşembe, Eylül 03, 2015;Pazartesi, Eylül 07, 2015;Standard Class;AC-106151406;Ann Chong;Corporate;10009;New York City;New York;United States;Eastern US;USCA;OFF-AR-5302;Office Supplies;Art;Newell 324;23,1;2;0;6,468;4,09;High;September;2015;2021
31923;CA-2015-MO17800140-42263;Çarşamba, Eylül 16, 2015;Pazar, Eylül 20, 2015;Standard Class;MO-178001406;Meg O'Connel;Home Office;10009;New York City;New York;United States;Eastern US;USCA;FUR-FU-5171;Furniture;Furnishings;Master Caster Door Stop, Brown;35,56;7;0;12,0904;1,95;Medium;September;2015;2021
31661;CA-2015-KW16435140-42273;Cumartesi, Eylül 26, 2015;Cuma, Ekim 02, 2015;Standard Class;KW-164351406;Katrina Willman;Consumer;10009;New York City;New York;United States;Eastern US;USCA;FUR-FU-4109;Furniture;Furnishings;Eldon Wave Desk Accessories;47,12;8;0;20,7328;3,9;Medium;September;2015;2021
34527;CA-2015-BN11515140-42249;Çarşamba, Eylül 02, 2015;Pazar, Eylül 06, 2015;Second Class;BN-115151406;Bradley Nguyen;Consumer;10009;New York City;New York;United States;Eastern US;USCA;FUR-FU-5982;Furniture;Furnishings;"Seth Thomas 12"" Clock w/ Goldtone Case";114,9;5;0;39,066;4,91;Medium;September;2015;2021
33244;CA-2015-AC10615140-42250;Perşembe, Eylül 03, 2015;Pazartesi, Eylül 07, 2015;Standard Class;AC-106151406;Ann Chong;Corporate;10009;New York City;New York;United States;Eastern US;USCA;FUR-FU-3915;Furniture;Furnishings;DAX Cubicle Frames - 8x10;11,54;2;0;3,462;1,76;High;September;2015;2021
33248;CA-2015-AC10615140-42250;Perşembe, Eylül 03, 2015;Pazartesi, Eylül 07, 2015;Standard Class;AC-106151406;Ann Chong;Corporate;10009;New York City;New York;United States;Eastern US;USCA;TEC-PH-3812;Technology;Phones;Cisco SPA508G;197,97;3;0;57,4113;20,24;High;September;2015;2021
33253;CA-2015-AC10615140-42250;Perşembe, Eylül 03, 2015;Pazartesi, Eylül 07, 2015;Standard Class;AC-106151406;Ann Chong;Corporate;10009;New York City;New York;United States;Eastern US;USCA;TEC-AC-6076;Technology;Accessories;Sony Micro Vault Click 16 GB USB 2.0 Flash Drive;167,97;3;0;40,3128;31,47;High;September;2015;2021
33252;CA-2015-AC10615140-42250;Perşembe, Eylül 03, 2015;Pazartesi, Eylül 07, 2015;Standard Class;AC-106151406;Ann Chong;Corporate;10009;New York City;New York;United States;Eastern US;USCA;TEC-AC-6352;Technology;Accessories;WD My Passport Ultra 2TB Portable External Hard Drive;238;2;0;38,08;32,33;High;September;2015;2021
34474;CA-2015-SH20395140-42258;Cuma, Eylül 11, 2015;Cuma, Eylül 11, 2015;Same Day;SH-203951406;Shahid Hopkins;Consumer;10024;New York City;New York;United States;Eastern US;USCA;OFF-PA-5674;Office Supplies;Paper;Rediform S.O.S. 1-Up Phone Message Bk, 4-1/4x3-1/16 Bk, 1 Form/Pg, 40 Messages/Bk, 3/Pk;18,76;2;0;9,0048;4,88;High;September;2015;2021
40890;CA-2015-HZ14950140-42262;Salı, Eylül 15, 2015;Pazar, Eylül 20, 2015;Standard Class;HZ-149501406;Henia Zydlo;Consumer;10024;New York City;New York;United States;Eastern US;USCA;OFF-PA-6538;Office Supplies;Paper;Xerox 1980;8,56;2;0;3,852;1,26;High;September;2015;2021
40891;CA-2015-HZ14950140-42262;Salı, Eylül 15, 2015;Pazar, Eylül 20, 2015;Standard Class;HZ-149501406;Henia Zydlo;Consumer;10024;New York City;New York;United States;Eastern US;USCA;OFF-PA-6545;Office Supplies;Paper;Xerox 1987;11,56;2;0;5,6644;1,67;High;September;2015;2021
39916;CA-2015-EM14095140-42256;Çarşamba, Eylül 09, 2015;Pazartesi, Eylül 14, 2015;Second Class;EM-140951406;Eudokia Martin;Corporate;10024;New York City;New York;United States;Eastern US;USCA;OFF-ST-3016;Office Supplies;Storage;Adjustable Personal File Tote;65,12;4;0;16,9312;9,01;Medium;September;2015;2021
33865;CA-2015-SP20620140-42255;Salı, Eylül 08, 2015;Cumartesi, Eylül 12, 2015;Standard Class;SP-206201406;Stefania Perrino;Corporate;10011;New York City;New York;United States;Eastern US;USCA;OFF-ST-3018;Office Supplies;Storage;Advantus 10-Drawer Portable Organizer, Chrome Metal Frame, Smoke Drawers;478,08;8;0;133,8624;28,89;Medium;September;2015;2021
37786;US-2015-JM15535140-42267;Pazar, Eylül 20, 2015;Cuma, Eylül 25, 2015;Standard Class;JM-155351406;Jessica Myrick;Consumer;10011;New York City;New York;United States;Eastern US;USCA;OFF-PA-6592;Office Supplies;Paper;Xerox 228;32,4;5;0;15,552;2,7;Medium;September;2015;2021
36435;CA-2015-JA15970140-42277;Çarşamba, Eylül 30, 2015;Salı, Ekim 06, 2015;Standard Class;JA-159701406;Joseph Airdo;Consumer;10550;Mount Vernon;New York;United States;Eastern US;USCA;OFF-FA-6129;Office Supplies;Fasteners;Staples;23,34;3;0;10,9698;2,49;Medium;September;2015;2021
36436;CA-2015-JA15970140-42277;Çarşamba, Eylül 30, 2015;Salı, Ekim 06, 2015;Standard Class;JA-159701406;Joseph Airdo;Consumer;10550;Mount Vernon;New York;United States;Eastern US;USCA;OFF-PA-6092;Office Supplies;Paper;"Speediset Carbonless Redi-Letter 7"" x 8 1/2""";51,55;5;0;24,2285;4,97;Medium;September;2015;2021
32852;CA-2015-AB10150140-42252;Cumartesi, Eylül 05, 2015;Çarşamba, Eylül 09, 2015;Standard Class;AB-101501406;Aimee Bixby;Consumer;11561;Long Beach;New York;United States;Eastern US;USCA;TEC-AC-6341;Technology;Accessories;Verbatim 25 GB 6x Blu-ray Single Layer Recordable Disc, 25/Pack;91,96;4;0;39,5428;6,44;Medium;September;2015;2021
39887;CA-2015-FH14365140-42277;Çarşamba, Eylül 30, 2015;Cuma, Ekim 02, 2015;First Class;FH-143651406;Fred Hopkins;Corporate;11550;Hempstead;New York;United States;Eastern US;USCA;OFF-EN-5075;Office Supplies;Envelopes;Letter or Legal Size Expandable Poly String Tie Envelopes;7,98;3;0;3,9102;1,44;Critical;September;2015;2021
34914;CA-2015-RA19285140-42252;Cumartesi, Eylül 05, 2015;Çarşamba, Eylül 09, 2015;Standard Class;RA-192851404;Ralph Arnett;Consumer;90004;Los Angeles;California;United States;Western US;USCA;OFF-BI-4822;Office Supplies;Binders;Ibico Hi-Tech Manual Binding System;487,984;2;0,2;152,495;66,24;High;September;2015;2021
41145;CA-2015-MH17290140-42250;Perşembe, Eylül 03, 2015;Cumartesi, Eylül 05, 2015;Second Class;MH-172901404;Marc Harrigan;Home Office;90008;Los Angeles;California;United States;Western US;USCA;OFF-BI-4373;Office Supplies;Binders;GBC Velobind Prepunched Cover Sets, Regency Series;147,92;5;0,2;46,225;19,9;High;September;2015;2021
38736;US-2015-JL15235140-42250;Perşembe, Eylül 03, 2015;Pazartesi, Eylül 07, 2015;Standard Class;JL-152351404;Janet Lee;Consumer;90049;Los Angeles;California;United States;Western US;USCA;OFF-BI-2936;Office Supplies;Binders;Acco Translucent Poly Ring Binders;18,72;5;0,2;6,552;3,38;High;September;2015;2021
33145;CA-2015-FH14275140-42258;Cuma, Eylül 11, 2015;Cuma, Eylül 11, 2015;Same Day;FH-142751404;Frank Hawley;Corporate;90004;Los Angeles;California;United States;Western US;USCA;OFF-BI-3302;Office Supplies;Binders;Avery Non-Stick Binders;7,184;2;0,2;2,245;1,94;Critical;September;2015;2021
37287;US-2015-ES14020140-42263;Çarşamba, Eylül 16, 2015;Salı, Eylül 22, 2015;Standard Class;ES-140201404;Erica Smith;Consumer;90049;Los Angeles;California;United States;Western US;USCA;OFF-BI-4337;Office Supplies;Binders;GBC DocuBind 200 Manual Binding Machine;2357,488;7;0,2;884,058;173;Medium;September;2015;2021
40622;CA-2015-DB13660140-42271;Perşembe, Eylül 24, 2015;Çarşamba, Eylül 30, 2015;Standard Class;DB-136601404;Duane Benoit;Consumer;90036;Los Angeles;California;United States;Western US;USCA;OFF-BI-4833;Office Supplies;Binders;Ibico Plastic Spiral Binding Combs;72,96;3;0,2;23,712;7,6;Medium;September;2015;2021
34915;CA-2015-RA19285140-42252;Cumartesi, Eylül 05, 2015;Çarşamba, Eylül 09, 2015;Standard Class;RA-192851404;Ralph Arnett;Consumer;90004;Los Angeles;California;United States;Western US;USCA;TEC-PH-5654;Technology;Phones;QVS USB Car Charger 2-Port 2.1Amp for iPod/iPhone/iPad/iPad 2/iPad 3;5,56;1;0,2;1,7375;1,61;High;September;2015;2021
37337;CA-2015-FA14230140-42272;Cuma, Eylül 25, 2015;Çarşamba, Eylül 30, 2015;Standard Class;FA-142301404;Frank Atkinson;Corporate;90008;Los Angeles;California;United States;Western US;USCA;TEC-PH-6365;Technology;Phones;Wilson Electronics DB Pro Signal Booster;859,2;3;0,2;75,18;73,69;Medium;September;2015;2021
37288;US-2015-ES14020140-42263;Çarşamba, Eylül 16, 2015;Salı, Eylül 22, 2015;Standard Class;ES-140201404;Erica Smith;Consumer;90049;Los Angeles;California;United States;Western US;USCA;TEC-PH-5563;Technology;Phones;Panasonic KX-TG6844B Expandable Digital Cordless Telephone;369,544;7;0,2;32,3351;23,62;Medium;September;2015;2021
36876;CA-2015-LC17050140-42257;Perşembe, Eylül 10, 2015;Salı, Eylül 15, 2015;Second Class;LC-170501404;Liz Carlisle;Consumer;90004;Los Angeles;California;United States;Western US;USCA;FUR-CH-5381;Furniture;Chairs;Novimex Fabric Task Chair;243,92;5;0,2;-15,245;37,21;Medium;September;2015;2021
38737;US-2015-JL15235140-42250;Perşembe, Eylül 03, 2015;Pazartesi, Eylül 07, 2015;Standard Class;JL-152351404;Janet Lee;Consumer;90049;Los Angeles;California;United States;Western US;USCA;FUR-TA-4615;Furniture;Tables;Hon 2111 Invitation Series Straight Table;236,528;2;0,2;-2,9566;35,01;High;September;2015;2021
33774;CA-2015-GM14695140-42252;Cumartesi, Eylül 05, 2015;Çarşamba, Eylül 09, 2015;Second Class;GM-146951404;Greg Maxwell;Corporate;90036;Los Angeles;California;United States;Western US;USCA;FUR-TA-3753;Furniture;Tables;Chromcraft Bull-Nose Wood Oval Conference Tables & Bases;1322,352;3;0,2;-99,1764;153,52;Medium;September;2015;2021
33144;CA-2015-FH14275140-42258;Cuma, Eylül 11, 2015;Cuma, Eylül 11, 2015;Same Day;FH-142751404;Frank Hawley;Corporate;90004;Los Angeles;California;United States;Western US;USCA;FUR-CH-3977;Furniture;Chairs;DMI Arturo Collection Mission-style Design Wood Chair;362,352;3;0,2;27,1764;59,01;Critical;September;2015;2021
37338;CA-2015-FA14230140-42272;Cuma, Eylül 25, 2015;Çarşamba, Eylül 30, 2015;Standard Class;FA-142301404;Frank Atkinson;Corporate;90008;Los Angeles;California;United States;Western US;USCA;TEC-MA-6071;Technology;Machines;Socket Bluetooth Cordless Hand Scanner (CHS);506,28;3;0,2;177,198;29,1;Medium;September;2015;2021
37289;US-2015-ES14020140-42263;Çarşamba, Eylül 16, 2015;Salı, Eylül 22, 2015;Standard Class;ES-140201404;Erica Smith;Consumer;90049;Los Angeles;California;United States;Western US;USCA;FUR-CH-4404;Furniture;Chairs;Global Deluxe Steno Chair;184,752;3;0,2;-20,7846;10,89;Medium;September;2015;2021
40621;CA-2015-DB13660140-42271;Perşembe, Eylül 24, 2015;Çarşamba, Eylül 30, 2015;Standard Class;DB-136601404;Duane Benoit;Consumer;90036;Los Angeles;California;United States;Western US;USCA;FUR-CH-4489;Furniture;Chairs;GuestStacker Chair with Chrome Finish Legs;594,816;2;0,2;59,4816;57,12;Medium;September;2015;2021
38826;US-2015-RA19885140-42274;Pazar, Eylül 27, 2015;Pazar, Eylül 27, 2015;Same Day;RA-198851404;Ruben Ausman;Corporate;94109;San Francisco;California;United States;Western US;USCA;OFF-BI-6395;Office Supplies;Binders;"Wilson Jones Hanging View Binder, White, 1""";17,04;3;0,2;5,538;1,96;Medium;September;2015;2021
38827;US-2015-RA19885140-42274;Pazar, Eylül 27, 2015;Pazar, Eylül 27, 2015;Same Day;RA-198851404;Ruben Ausman;Corporate;94109;San Francisco;California;United States;Western US;USCA;OFF-BI-4275;Office Supplies;Binders;Fellowes PB300 Plastic Comb Binding Machine;931,176;3;0,2;314,2719;144,52;Medium;September;2015;2021
37816;US-2015-RD19480140-42263;Çarşamba, Eylül 16, 2015;Pazar, Eylül 20, 2015;Standard Class;RD-194801404;Rick Duston;Consumer;94122;San Francisco;California;United States;Western US;USCA;OFF-BI-3740;Office Supplies;Binders;Cardinal Poly Pocket Divider Pockets for Ring Binders;2,688;1;0,2;0,84;1,28;High;September;2015;2021
36755;CA-2015-PK19075140-42252;Cumartesi, Eylül 05, 2015;Pazartesi, Eylül 07, 2015;Second Class;PK-190751404;Pete Kriz;Consumer;94122;San Francisco;California;United States;Western US;USCA;OFF-BI-2935;Office Supplies;Binders;Acco Suede Grain Vinyl Round Ring Binder;13,344;6;0,2;4,3368;1,36;High;September;2015;2021
34668;CA-2015-BS11755140-42271;Perşembe, Eylül 24, 2015;Perşembe, Ekim 01, 2015;Standard Class;BS-117551404;Bruce Stewart;Consumer;94122;San Francisco;California;United States;Western US;USCA;OFF-BI-2929;Office Supplies;Binders;"Acco PRESSTEX Data Binder with Storage Hooks, Light Blue, 9 1/2"" X 11""";25,824;6;0,2;9,0384;1,59;Medium;September;2015;2021
36286;CA-2015-AW10930140-42248;Salı, Eylül 01, 2015;Cumartesi, Eylül 05, 2015;Standard Class;AW-109301404;Arthur Wiediger;Home Office;94110;San Francisco;California;United States;Western US;USCA;OFF-BI-2935;Office Supplies;Binders;Acco Suede Grain Vinyl Round Ring Binder;6,672;3;0,2;2,1684;1,56;Medium;September;2015;2021
37812;US-2015-RD19480140-42263;Çarşamba, Eylül 16, 2015;Pazar, Eylül 20, 2015;Standard Class;RD-194801404;Rick Duston;Consumer;94122;San Francisco;California;United States;Western US;USCA;FUR-CH-5048;Furniture;Chairs;Leather Task Chair, Black;218,352;3;0,2;0;25,52;High;September;2015;2021
36756;CA-2015-PK19075140-42252;Cumartesi, Eylül 05, 2015;Pazartesi, Eylül 07, 2015;Second Class;PK-190751404;Pete Kriz;Consumer;94122;San Francisco;California;United States;Western US;USCA;FUR-TA-3633;Furniture;Tables;Bush Cubix Conference Tables, Fully Assembled;1478,272;8;0,2;92,392;227,79;High;September;2015;2021
39992;CA-2015-CS12400140-42263;Çarşamba, Eylül 16, 2015;Cuma, Eylül 18, 2015;Second Class;CS-124001404;Christopher Schild;Home Office;94109;San Francisco;California;United States;Western US;USCA;FUR-TA-3562;Furniture;Tables;Bretford Rectangular Conference Table Tops;300,904;1;0,2;11,2839;10,93;Medium;September;2015;2021
36287;CA-2015-AW10930140-42248;Salı, Eylül 01, 2015;Cumartesi, Eylül 05, 2015;Standard Class;AW-109301404;Arthur Wiediger;Home Office;94110;San Francisco;California;United States;Western US;USCA;TEC-PH-2879;Technology;Phones;Aastra 6757i CT Wireless VoIP phone;689,408;4;0,2;77,5584;26,61;Medium;September;2015;2021
36932;CA-2015-SC20050140-42251;Cuma, Eylül 04, 2015;Çarşamba, Eylül 09, 2015;Standard Class;SC-200501404;Sample Company A;Home Office;91941;La Mesa;California;United States;Western US;USCA;OFF-BI-6098;Office Supplies;Binders;"Square Ring Data Binders, Rigid 75 Pt. Covers, 11"" x 14-7/8""";82,56;5;0,2;28,896;5,59;Medium;September;2015;2021
37091;CA-2015-PG18820140-42277;Çarşamba, Eylül 30, 2015;Cumartesi, Ekim 03, 2015;First Class;PG-188201404;Patrick Gardner;Consumer;93309;Bakersfield;California;United States;Western US;USCA;OFF-BI-3474;Office Supplies;Binders;Binding Machine Supplies;46,672;2;0,2;16,3352;6,62;Medium;September;2015;2021
39682;CA-2015-CV12805140-42252;Cumartesi, Eylül 05, 2015;Çarşamba, Eylül 09, 2015;Standard Class;CV-128051404;Cynthia Voltz;Corporate;94601;Oakland;California;United States;Western US;USCA;OFF-BI-5643;Office Supplies;Binders;Pressboard Hanging Data Binders for Unburst Sheets;11,808;3;0,2;4,1328;1,98;High;September;2015;2021
37088;CA-2015-PG18820140-42277;Çarşamba, Eylül 30, 2015;Cumartesi, Ekim 03, 2015;First Class;PG-188201404;Patrick Gardner;Consumer;93309;Bakersfield;California;United States;Western US;USCA;FUR-CH-5048;Furniture;Chairs;Leather Task Chair, Black;72,784;1;0,2;0;17,92;Medium;September;2015;2021
40377;CA-2015-KH16630140-42259;Cumartesi, Eylül 12, 2015;Pazartesi, Eylül 14, 2015;Second Class;KH-166301404;Ken Heidel;Corporate;92704;Santa Ana;California;United States;Western US;USCA;TEC-PH-5535;Technology;Phones;OtterBox Defender Series Case - Samsung Galaxy S4;143,952;6;0,2;17,994;30,67;High;September;2015;2021
34377;CA-2015-KB16405140-42252;Cumartesi, Eylül 05, 2015;Pazar, Eylül 06, 2015;First Class;KB-164051404;Katrina Bavinger;Home Office;92307;Apple Valley;California;United States;Western US;USCA;TEC-PH-4887;Technology;Phones;invisibleSHIELD by ZAGG Smudge-Free Screen Protector;43,176;3;0,2;15,1116;5,8;Medium;September;2015;2021
34340;CA-2015-KF16285140-42259;Cumartesi, Eylül 12, 2015;Pazar, Eylül 13, 2015;Same Day;KF-162851404;Karen Ferguson;Home Office;90805;Long Beach;California;United States;Western US;USCA;FUR-CH-4674;Furniture;Chairs;Hon Pagoda Stacking Chairs;2054,272;8;0,2;256,784;480,56;Critical;September;2015;2021
39421;US-2015-JA15970140-42255;Salı, Eylül 08, 2015;Pazar, Eylül 13, 2015;Standard Class;JA-159701404;Joseph Airdo;Consumer;95351;Modesto;California;United States;Western US;USCA;FUR-CH-4419;Furniture;Chairs;Global Low Back Tilter Chair;161,568;2;0,2;-28,2744;3,73;Medium;September;2015;2021
35232;CA-2015-AW10840140-42250;Perşembe, Eylül 03, 2015;Çarşamba, Eylül 09, 2015;Standard Class;AW-108401404;Anthony Witt;Consumer;93309;Bakersfield;California;United States;Western US;USCA;TEC-PH-5518;Technology;Phones;Ooma Telo VoIP Home Phone System;201,584;2;0,2;12,599;28,16;Low;September;2015;2021
34507;US-2015-SH19975140-42270;Çarşamba, Eylül 23, 2015;Pazartesi, Eylül 28, 2015;Standard Class;SH-199751402;Sally Hughsby;Corporate;77581;Pearland;Texas;United States;Central US;USCA;OFF-FA-6129;Office Supplies;Fasteners;Staples;13,392;3;0,2;5,022;2,12;High;September;2015;2021
40923;CA-2015-MH17785140-42271;Perşembe, Eylül 24, 2015;Cumartesi, Eylül 26, 2015;First Class;MH-177851402;Maya Herman;Corporate;79424;Lubbock;Texas;United States;Central US;USCA;OFF-PA-6449;Office Supplies;Paper;Xerox 1899;9,248;2;0,2;3,3524;2;Critical;September;2015;2021
39214;CA-2015-JK16120140-42252;Cumartesi, Eylül 05, 2015;Çarşamba, Eylül 09, 2015;Second Class;JK-161201402;Julie Kriz;Home Office;75043;Garland;Texas;United States;Central US;USCA;OFF-AR-4798;Office Supplies;Art;Hunt PowerHouse Electric Pencil Sharpener, Blue;30,384;1;0,2;3,798;2,23;High;September;2015;2021
32793;CA-2015-JD15790140-42252;Cumartesi, Eylül 05, 2015;Çarşamba, Eylül 09, 2015;Standard Class;JD-157901402;John Dryer;Consumer;75019;Coppell;Texas;United States;Central US;USCA;OFF-ST-2921;Office Supplies;Storage;Acco Perma 3000 Stacking Storage Drawers;16,784;1;0,2;-0,2098;1,24;Medium;September;2015;2021
32794;CA-2015-JD15790140-42252;Cumartesi, Eylül 05, 2015;Çarşamba, Eylül 09, 2015;Standard Class;JD-157901402;John Dryer;Consumer;75019;Coppell;Texas;United States;Central US;USCA;OFF-AR-5907;Office Supplies;Art;Sanford Colorific Eraseable Coloring Pencils, 12 Count;13,12;5;0,2;3,772;1,31;Medium;September;2015;2021
32792;CA-2015-JD15790140-42252;Cumartesi, Eylül 05, 2015;Çarşamba, Eylül 09, 2015;Standard Class;JD-157901402;John Dryer;Consumer;75019;Coppell;Texas;United States;Central US;USCA;OFF-AR-3852;Office Supplies;Art;Crayola Anti Dust Chalk, 12/Pack;10,192;7;0,2;3,185;1,8;Medium;September;2015;2021
32022;CA-2015-JF15355140-42264;Perşembe, Eylül 17, 2015;Pazartesi, Eylül 21, 2015;Standard Class;JF-153551402;Jay Fein;Consumer;78745;Austin;Texas;United States;Central US;USCA;OFF-EN-5167;Office Supplies;Envelopes;"Manila Recycled Extra-Heavyweight Clasp Envelopes, 6"" x 9""";17,568;2;0,2;6,3684;3,17;High;September;2015;2021
32023;CA-2015-JF15355140-42264;Perşembe, Eylül 17, 2015;Pazartesi, Eylül 21, 2015;Standard Class;JF-153551402;Jay Fein;Consumer;78745;Austin;Texas;United States;Central US;USCA;TEC-PH-3827;Technology;Phones;ClearSounds CSC500 Amplified Spirit Phone Corded phone;55,992;1;0,2;5,5992;8,3;High;September;2015;2021
37552;CA-2015-GK14620140-42257;Perşembe, Eylül 10, 2015;Çarşamba, Eylül 16, 2015;Standard Class;GK-146201402;Grace Kelly;Corporate;75023;Plano;Texas;United States;Central US;USCA;OFF-LA-3233;Office Supplies;Labels;Avery 511;9,856;4;0,2;3,4496;1,34;Medium;September;2015;2021
34119;CA-2015-DC12850140-42266;Cumartesi, Eylül 19, 2015;Pazartesi, Eylül 21, 2015;First Class;DC-128501402;Dan Campbell;Consumer;76017;Arlington;Texas;United States;Central US;USCA;OFF-AR-5291;Office Supplies;Art;Newell 314;8,928;2;0,2;0,558;1,1;Medium;September;2015;2021
34120;CA-2015-DC12850140-42266;Cumartesi, Eylül 19, 2015;Pazartesi, Eylül 21, 2015;First Class;DC-128501402;Dan Campbell;Consumer;76017;Arlington;Texas;United States;Central US;USCA;OFF-ST-2920;Office Supplies;Storage;Acco Perma 2700 Stacking Storage Drawers;47,584;2;0,2;-2,974;6,97;Medium;September;2015;2021
32365;US-2015-CM12160140-42276;Salı, Eylül 29, 2015;Perşembe, Ekim 01, 2015;Second Class;CM-121601402;Charles McCrossin;Consumer;78521;Brownsville;Texas;United States;Central US;USCA;OFF-FA-6129;Office Supplies;Fasteners;Staples;1,744;1;0,2;-0,3488;1,21;High;September;2015;2021
37949;US-2015-BF11020140-42256;Çarşamba, Eylül 09, 2015;Cumartesi, Eylül 12, 2015;First Class;BF-110201402;Barry Französisch;Corporate;76017;Arlington;Texas;United States;Central US;USCA;OFF-PA-6567;Office Supplies;Paper;Xerox 205;20,736;4;0,2;7,2576;3,04;High;September;2015;2021
37947;US-2015-BF11020140-42256;Çarşamba, Eylül 09, 2015;Cumartesi, Eylül 12, 2015;First Class;BF-110201402;Barry Französisch;Corporate;76017;Arlington;Texas;United States;Central US;USCA;OFF-FA-6344;Office Supplies;Fasteners;Vinyl Coated Wire Paper Clips in Organizer Box, 800/Box;45,92;5;0,2;15,498;6,61;High;September;2015;2021
37946;US-2015-BF11020140-42256;Çarşamba, Eylül 09, 2015;Cumartesi, Eylül 12, 2015;First Class;BF-110201402;Barry Französisch;Corporate;76017;Arlington;Texas;United States;Central US;USCA;TEC-CO-3701;Technology;Copiers;Canon PC-428 Personal Copier;319,984;2;0,2;107,9946;45,09;High;September;2015;2021
32281;CA-2015-AS10630140-42277;Çarşamba, Eylül 30, 2015;Salı, Ekim 06, 2015;Standard Class;AS-106301402;Ann Steele;Home Office;77506;Pasadena;Texas;United States;Central US;USCA;OFF-LA-3219;Office Supplies;Labels;Avery 499;7,968;2;0,2;2,5896;1,49;Medium;September;2015;2021
32282;CA-2015-AS10630140-42277;Çarşamba, Eylül 30, 2015;Salı, Ekim 06, 2015;Standard Class;AS-106301402;Ann Steele;Home Office;77506;Pasadena;Texas;United States;Central US;USCA;OFF-EN-2848;Office Supplies;Envelopes;"#10- 4 1/8"" x 9 1/2"" Recycled Envelopes";27,968;4;0,2;9,4392;2,24;Medium;September;2015;2021
39028;CA-2015-PA19060140-42266;Cumartesi, Eylül 19, 2015;Salı, Eylül 22, 2015;First Class;PA-190601402;Pete Armstrong;Home Office;75220;Dallas;Texas;United States;Central US;USCA;OFF-EN-4902;Office Supplies;Envelopes;Jet-Pak Recycled Peel 'N' Seal Padded Mailers;114,848;4;0,2;35,89;6,15;Medium;September;2015;2021
38789;US-2015-CC12475140-42259;Cumartesi, Eylül 12, 2015;Perşembe, Eylül 17, 2015;Standard Class;CC-124751402;Cindy Chapman;Consumer;77070;Houston;Texas;United States;Central US;USCA;OFF-PA-6509;Office Supplies;Paper;Xerox 1953;10,272;3;0,2;3,21;1,51;Medium;September;2015;2021
38271;CA-2015-CC12145140-42263;Çarşamba, Eylül 16, 2015;Pazar, Eylül 20, 2015;Standard Class;CC-121451402;Charles Crestani;Consumer;77095;Houston;Texas;United States;Central US;USCA;OFF-AR-5646;Office Supplies;Art;Prismacolor Color Pencil Set;31,744;2;0,2;8,3328;1,51;Medium;September;2015;2021
38746;CA-2015-SJ20125140-42265;Cuma, Eylül 18, 2015;Çarşamba, Eylül 23, 2015;Second Class;SJ-201251402;Sanjit Jacobs;Home Office;77036;Houston;Texas;United States;Central US;USCA;OFF-AR-5334;Office Supplies;Art;Newell Chalk Holder;9,912;3;0,2;3,2214;1,78;High;September;2015;2021
31735;CA-2015-BB11545140-42263;Çarşamba, Eylül 16, 2015;Pazar, Eylül 20, 2015;Standard Class;BB-115451402;Brenda Bowman;Corporate;77070;Houston;Texas;United States;Central US;USCA;OFF-PA-6447;Office Supplies;Paper;Xerox 1897;31,872;8;0,2;11,5536;4,4;High;September;2015;2021
38749;CA-2015-SJ20125140-42265;Cuma, Eylül 18, 2015;Çarşamba, Eylül 23, 2015;Second Class;SJ-201251402;Sanjit Jacobs;Home Office;77036;Houston;Texas;United States;Central US;USCA;TEC-PH-5625;Technology;Phones;Polycom VoiceStation 500 Conference phone;1415,76;6;0,2;88,485;123,82;High;September;2015;2021
37064;CA-2015-AR10345140-42256;Çarşamba, Eylül 09, 2015;Pazar, Eylül 13, 2015;Second Class;AR-103451402;Alex Russell;Corporate;77070;Houston;Texas;United States;Central US;USCA;TEC-AC-5198;Technology;Accessories;Memorex Froggy Flash Drive 8 GB;85,2;6;0,2;20,235;13,03;Medium;September;2015;2021
32512;US-2015-SP20620140-42257;Perşembe, Eylül 10, 2015;Pazartesi, Eylül 14, 2015;Standard Class;SP-206201406;Stefania Perrino;Corporate;19134;Philadelphia;Pennsylvania;United States;Eastern US;USCA;OFF-AR-5653;Office Supplies;Art;Quartet Omega Colored Chalk, 12/Pack;4,672;1;0,2;1,5768;1,21;Medium;September;2015;2021
33100;CA-2015-JA15970140-42270;Çarşamba, Eylül 23, 2015;Pazar, Eylül 27, 2015;Second Class;JA-159701406;Joseph Airdo;Consumer;19134;Philadelphia;Pennsylvania;United States;Eastern US;USCA;OFF-SU-5168;Office Supplies;Supplies;Martin Yale Chadless Opener Electric Letter Opener;4663,736;7;0,2;-1049,3406;400,04;Medium;September;2015;2021
35449;CA-2015-CB12025140-42255;Salı, Eylül 08, 2015;Cumartesi, Eylül 12, 2015;Standard Class;CB-120251406;Cassandra Brandow;Consumer;19134;Philadelphia;Pennsylvania;United States;Eastern US;USCA;OFF-PA-4217;Office Supplies;Paper;"Eureka Recycled Copy Paper 8 1/2"" x 11"", Ream";15,552;3;0,2;5,4432;1,28;High;September;2015;2021
35450;CA-2015-CB12025140-42255;Salı, Eylül 08, 2015;Cumartesi, Eylül 12, 2015;Standard Class;CB-120251406;Cassandra Brandow;Consumer;19134;Philadelphia;Pennsylvania;United States;Eastern US;USCA;OFF-EN-5619;Office Supplies;Envelopes;Poly String Tie Envelopes;4,896;3;0,2;1,6524;1,38;High;September;2015;2021
35448;CA-2015-CB12025140-42255;Salı, Eylül 08, 2015;Cumartesi, Eylül 12, 2015;Standard Class;CB-120251406;Cassandra Brandow;Consumer;19134;Philadelphia;Pennsylvania;United States;Eastern US;USCA;OFF-LA-3241;Office Supplies;Labels;Avery 519;29,24;5;0,2;9,8685;4,51;High;September;2015;2021
32514;US-2015-SP20620140-42257;Perşembe, Eylül 10, 2015;Pazartesi, Eylül 14, 2015;Standard Class;SP-206201406;Stefania Perrino;Corporate;19134;Philadelphia;Pennsylvania;United States;Eastern US;USCA;FUR-FU-4051;Furniture;Furnishings;Eldon Expressions Punched Metal & Wood Desk Accessories, Pewter & Cherry;17,024;2;0,2;1,7024;1,54;Medium;September;2015;2021
32513;US-2015-SP20620140-42257;Perşembe, Eylül 10, 2015;Pazartesi, Eylül 14, 2015;Standard Class;SP-206201406;Stefania Perrino;Corporate;19134;Philadelphia;Pennsylvania;United States;Eastern US;USCA;TEC-AC-5237;Technology;Accessories;Microsoft Sculpt Comfort Mouse;95,88;3;0,2;28,764;5,28;Medium;September;2015;2021
32515;US-2015-SP20620140-42257;Perşembe, Eylül 10, 2015;Pazartesi, Eylül 14, 2015;Standard Class;SP-206201406;Stefania Perrino;Corporate;19134;Philadelphia;Pennsylvania;United States;Eastern US;USCA;TEC-AC-5609;Technology;Accessories;Plantronics S12 Corded Telephone Headset System;258,696;3;0,2;64,674;21,5;Medium;September;2015;2021
33101;CA-2015-JA15970140-42270;Çarşamba, Eylül 23, 2015;Pazar, Eylül 27, 2015;Second Class;JA-159701406;Joseph Airdo;Consumer;19134;Philadelphia;Pennsylvania;United States;Eastern US;USCA;TEC-AC-5143;Technology;Accessories;Logitech Wireless Marathon Mouse M705;79,984;2;0,2;22,9954;9,61;Medium;September;2015;2021
32229;CA-2015-RK19300140-42250;Perşembe, Eylül 03, 2015;Pazartesi, Eylül 07, 2015;Standard Class;RK-193001406;Ralph Kennedy;Consumer;19140;Philadelphia;Pennsylvania;United States;Eastern US;USCA;OFF-PA-5716;Office Supplies;Paper;"RSVP Cards & Envelopes, Blank White, 8-1/2"" X 11"", 24 Cards/25 Envelopes/Set";12,192;3;0,2;4,1148;1,38;High;September;2015;2021
38110;CA-2015-PS18760140-42262;Salı, Eylül 15, 2015;Çarşamba, Eylül 16, 2015;First Class;PS-187601406;Pamela Stobb;Consumer;19140;Philadelphia;Pennsylvania;United States;Eastern US;USCA;FUR-FU-6300;Furniture;Furnishings;Tensor Track Tree Floor Lamp;127,936;8;0,2;4,7976;8,46;High;September;2015;2021
35417;CA-2015-MM17920140-42252;Cumartesi, Eylül 05, 2015;Cuma, Eylül 11, 2015;Standard Class;MM-179201406;Michael Moore;Consumer;19120;Philadelphia;Pennsylvania;United States;Eastern US;USCA;TEC-AC-4948;Technology;Accessories;Kingston Digital DataTraveler 8GB USB 2.0;19,04;4;0,2;-1,428;2,07;Low;September;2015;2021
37280;CA-2015-EH14185140-42264;Perşembe, Eylül 17, 2015;Cumartesi, Eylül 19, 2015;Second Class;EH-141851406;Evan Henry;Consumer;19143;Philadelphia;Pennsylvania;United States;Eastern US;USCA;OFF-PA-6480;Office Supplies;Paper;Xerox 1927;20,544;6;0,2;6,42;2,91;High;September;2015;2021
34754;CA-2015-AS10090140-42264;Perşembe, Eylül 17, 2015;Cumartesi, Eylül 19, 2015;First Class;AS-100901406;Adam Shillingsburg;Consumer;19143;Philadelphia;Pennsylvania;United States;Eastern US;USCA;FUR-FU-4050;Furniture;Furnishings;Eldon Expressions Punched Metal & Wood Desk Accessories, Black & Cherry;22,512;3;0,2;2,2512;5,83;Critical;September;2015;2021
34757;CA-2015-AS10090140-42264;Perşembe, Eylül 17, 2015;Cumartesi, Eylül 19, 2015;First Class;AS-100901406;Adam Shillingsburg;Consumer;19143;Philadelphia;Pennsylvania;United States;Eastern US;USCA;TEC-AC-5094;Technology;Accessories;Logitech 910-002974 M325 Wireless Mouse for Web Scrolling;47,984;2;0,2;14,3952;13,56;Critical;September;2015;2021
34753;CA-2015-AS10090140-42264;Perşembe, Eylül 17, 2015;Cumartesi, Eylül 19, 2015;First Class;AS-100901406;Adam Shillingsburg;Consumer;19143;Philadelphia;Pennsylvania;United States;Eastern US;USCA;TEC-AC-5138;Technology;Accessories;Logitech Trackman Marble Mouse;71,976;3;0,2;19,7934;16,53;Critical;September;2015;2021
34330;CA-2015-AB10060140-42264;Perşembe, Eylül 17, 2015;Salı, Eylül 22, 2015;Standard Class;AB-100601406;Adam Bellavance;Home Office;19143;Philadelphia;Pennsylvania;United States;Eastern US;USCA;OFF-PA-6596;Office Supplies;Paper;Xerox 231;20,736;4;0,2;7,2576;1,23;High;September;2015;2021
38383;CA-2015-AH10075140-42273;Cumartesi, Eylül 26, 2015;Salı, Eylül 29, 2015;First Class;AH-100751406;Adam Hart;Corporate;19013;Chester;Pennsylvania;United States;Eastern US;USCA;OFF-SU-3839;Office Supplies;Supplies;Compact Automatic Electric Letter Opener;190,896;2;0,2;-42,9516;8,72;Medium;September;2015;2021
37394;CA-2015-SV20365140-42268;Pazartesi, Eylül 21, 2015;Pazar, Eylül 27, 2015;Standard Class;SV-203651406;Seth Vernon;Consumer;10035;New York City;New York;United States;Eastern US;USCA;OFF-BI-5640;Office Supplies;Binders;"Pressboard Covers with Storage Hooks, 9 1/2"" x 11"", Light Blue";11,784;3;0,2;3,9771;1,28;Medium;September;2015;2021
33247;CA-2015-AC10615140-42250;Perşembe, Eylül 03, 2015;Pazartesi, Eylül 07, 2015;Standard Class;AC-106151406;Ann Chong;Corporate;10009;New York City;New York;United States;Eastern US;USCA;OFF-BI-2937;Office Supplies;Binders;"ACCOHIDE 3-Ring Binder, Blue, 1""";26,432;8;0,2;8,9208;2,48;High;September;2015;2021
37003;CA-2015-SC20440140-42270;Çarşamba, Eylül 23, 2015;Cumartesi, Eylül 26, 2015;Second Class;SC-204401406;Shaun Chance;Corporate;10009;New York City;New York;United States;Eastern US;USCA;OFF-BI-4354;Office Supplies;Binders;GBC Poly Designer Binding Covers;40,176;3;0,2;14,5638;9,38;High;September;2015;2021
35825;CA-2015-RS19765140-42256;Çarşamba, Eylül 09, 2015;Cuma, Eylül 11, 2015;Second Class;RS-197651406;Roland Schwarz;Corporate;43302;Marion;Ohio;United States;Eastern US;USCA;TEC-AC-5208;Technology;Accessories;Memorex Micro Travel Drive 32 GB;116,832;4;0,2;33,5892;18,22;High;September;2015;2021
34440;CA-2015-RB19360140-42273;Cumartesi, Eylül 26, 2015;Pazartesi, Eylül 28, 2015;Second Class;RB-193601406;Raymond Buch;Consumer;45231;Cincinnati;Ohio;United States;Eastern US;USCA;OFF-AR-5288;Office Supplies;Art;Newell 311;10,608;6;0,2;0,9282;1,8;High;September;2015;2021
34439;CA-2015-RB19360140-42273;Cumartesi, Eylül 26, 2015;Pazartesi, Eylül 28, 2015;Second Class;RB-193601406;Raymond Buch;Consumer;45231;Cincinnati;Ohio;United States;Eastern US;USCA;TEC-AC-5094;Technology;Accessories;Logitech 910-002974 M325 Wireless Mouse for Web Scrolling;119,96;5;0,2;35,988;9,66;High;September;2015;2021
37505;CA-2015-ME18010140-42277;Çarşamba, Eylül 30, 2015;Pazar, Ekim 04, 2015;Standard Class;ME-180101406;Michelle Ellison;Corporate;43302;Marion;Ohio;United States;Eastern US;USCA;OFF-ST-4245;Office Supplies;Storage;Fellowes Bankers Box Stor/Drawer Steel Plus;51,168;2;0,2;-6,396;8,31;High;September;2015;2021
35773;CA-2015-MG17680140-42277;Çarşamba, Eylül 30, 2015;Çarşamba, Eylül 30, 2015;Same Day;MG-176801406;Maureen Gastineau;Home Office;44060;Mentor;Ohio;United States;Eastern US;USCA;OFF-PA-6481;Office Supplies;Paper;Xerox 1928;8,448;2;0,2;2,64;3,06;High;September;2015;2021
35771;CA-2015-MG17680140-42277;Çarşamba, Eylül 30, 2015;Çarşamba, Eylül 30, 2015;Same Day;MG-176801406;Maureen Gastineau;Home Office;44060;Mentor;Ohio;United States;Eastern US;USCA;OFF-PA-6591;Office Supplies;Paper;Xerox 227;15,552;3;0,2;5,4432;3,52;High;September;2015;2021
35772;CA-2015-MG17680140-42277;Çarşamba, Eylül 30, 2015;Çarşamba, Eylül 30, 2015;Same Day;MG-176801406;Maureen Gastineau;Home Office;44060;Mentor;Ohio;United States;Eastern US;USCA;FUR-FU-4334;Furniture;Furnishings;G.E. Longer-Life Indoor Recessed Floodlight Bulbs;21,248;4;0,2;7,4368;4,2;High;September;2015;2021
35769;CA-2015-MG17680140-42277;Çarşamba, Eylül 30, 2015;Çarşamba, Eylül 30, 2015;Same Day;MG-176801406;Maureen Gastineau;Home Office;44060;Mentor;Ohio;United States;Eastern US;USCA;TEC-AC-5111;Technology;Accessories;Logitech G700s Rechargeable Gaming Mouse;239,976;3;0,2;65,9934;33,77;High;September;2015;2021
34860;CA-2015-MD17350140-42252;Cumartesi, Eylül 05, 2015;Perşembe, Eylül 10, 2015;Second Class;MD-173501406;Maribeth Dona;Consumer;44312;Akron;Ohio;United States;Eastern US;USCA;OFF-PA-6221;Office Supplies;Paper;"Telephone Message Books with Fax/Mobile Section, 4 1/4"" x 6""";11,52;4;0,2;3,744;1,46;Medium;September;2015;2021
34857;CA-2015-MD17350140-42252;Cumartesi, Eylül 05, 2015;Perşembe, Eylül 10, 2015;Second Class;MD-173501406;Maribeth Dona;Consumer;44312;Akron;Ohio;United States;Eastern US;USCA;OFF-AR-3969;Office Supplies;Art;DIXON Oriole Pencils;8,256;4;0,2;0,6192;1,63;Medium;September;2015;2021
38580;CA-2015-LC17140140-42257;Perşembe, Eylül 10, 2015;Pazartesi, Eylül 14, 2015;Standard Class;LC-171401406;Logan Currie;Consumer;44105;Cleveland;Ohio;United States;Eastern US;USCA;OFF-AR-3446;Office Supplies;Art;BIC Brite Liner Highlighters, Chisel Tip;25,92;5;0,2;3,888;2,76;High;September;2015;2021
38581;CA-2015-LC17140140-42257;Perşembe, Eylül 10, 2015;Pazartesi, Eylül 14, 2015;Standard Class;LC-171401406;Logan Currie;Consumer;44105;Cleveland;Ohio;United States;Eastern US;USCA;FUR-FU-3939;Furniture;Furnishings;Deflect-o EconoMat Studded, No Bevel Mat for Low Pile Carpeting;66,112;2;0,2;-9,0904;11,95;High;September;2015;2021
36666;CA-2015-KH16630140-42258;Cuma, Eylül 11, 2015;Pazartesi, Eylül 14, 2015;First Class;KH-166301406;Ken Heidel;Corporate;44312;Akron;Ohio;United States;Eastern US;USCA;OFF-PA-6457;Office Supplies;Paper;Xerox 1906;85,056;3;0,2;28,7064;21,9;High;September;2015;2021
32014;CA-2015-KC16540140-42272;Cuma, Eylül 25, 2015;Çarşamba, Eylül 30, 2015;Standard Class;KC-165401406;Kelly Collister;Consumer;43055;Newark;Ohio;United States;Eastern US;USCA;FUR-FU-4759;Furniture;Furnishings;"Howard Miller 13"" Diameter Pewter Finish Round Wall Clock";103,056;3;0,2;24,4758;7,33;Medium;September;2015;2021
40050;CA-2015-JD16015140-42257;Perşembe, Eylül 10, 2015;Cuma, Eylül 11, 2015;First Class;JD-160151406;Joy Daniels;Consumer;43615;Toledo;Ohio;United States;Eastern US;USCA;OFF-LA-3223;Office Supplies;Labels;Avery 501;17,712;6;0,2;5,9778;2,14;High;September;2015;2021
38182;CA-2015-HA14905140-42258;Cuma, Eylül 11, 2015;Cuma, Eylül 18, 2015;Standard Class;HA-149051406;Helen Abelman;Consumer;45503;Springfield;Ohio;United States;Eastern US;USCA;TEC-AC-5215;Technology;Accessories;Memorex Mini Travel Drive 8 GB USB 2.0 Flash Drive;37,056;4;0,2;8,8008;3,04;Medium;September;2015;2021
31998;CA-2015-Dl13600140-42250;Perşembe, Eylül 03, 2015;Çarşamba, Eylül 09, 2015;Standard Class;Dl-136001406;Dorris liebe;Corporate;44105;Cleveland;Ohio;United States;Eastern US;USCA;FUR-FU-4019;Furniture;Furnishings;Eldon 200 Class Desk Accessories, Burgundy;15,072;3;0,2;4,1448;1,07;Medium;September;2015;2021
34953;CA-2015-DB13555140-42256;Çarşamba, Eylül 09, 2015;Salı, Eylül 15, 2015;Standard Class;DB-135551406;Dorothy Badders;Corporate;43017;Dublin;Ohio;United States;Eastern US;USCA;TEC-AC-4879;Technology;Accessories;Imation Swivel Flash Drive USB flash drive - 8 GB;9,096;1;0,2;1,7055;1,82;Medium;September;2015;2021
41130;CA-2015-CY12745140-42262;Salı, Eylül 15, 2015;Pazar, Eylül 20, 2015;Standard Class;CY-127451406;Craig Yedwab;Corporate;45503;Springfield;Ohio;United States;Eastern US;USCA;TEC-AC-5140;Technology;Accessories;Logitech Wireless Gaming Headset G930;895,944;7;0,2;190,3881;41,84;Medium;September;2015;2021
39167;CA-2015-CA11965140-42273;Cumartesi, Eylül 26, 2015;Çarşamba, Eylül 30, 2015;Standard Class;CA-119651406;Carol Adams;Corporate;44107;Lakewood;Ohio;United States;Eastern US;USCA;OFF-EN-5974;Office Supplies;Envelopes;Security-Tint Envelopes;24,448;4;0,2;8,8624;1,18;Medium;September;2015;2021
34784;CA-2015-MG17875140-42253;Pazar, Eylül 06, 2015;Cumartesi, Eylül 12, 2015;Standard Class;MG-178751408;Michael Grace;Home Office;33311;Fort Lauderdale;Florida;United States;Southern US;USCA;OFF-ST-4456;Office Supplies;Storage;Gould Plastics 18-Pocket Panel Bin, 34w x 5-1/4d x 20-1/2h;147,184;2;0,2;-29,4368;8,76;Medium;September;2015;2021
38601;US-2015-DO13645140-42252;Cumartesi, Eylül 05, 2015;Çarşamba, Eylül 09, 2015;Standard Class;DO-136451408;Doug O'Connell;Consumer;33437;Boynton Beach;Florida;United States;Southern US;USCA;OFF-PA-6576;Office Supplies;Paper;Xerox 213;10,368;2;0,2;3,6288;1,63;Medium;September;2015;2021
39219;CA-2015-PP18955140-42272;Cuma, Eylül 25, 2015;Çarşamba, Eylül 30, 2015;Standard Class;PP-189551408;Paul Prost;Home Office;33021;Hollywood;Florida;United States;Southern US;USCA;TEC-PH-6347;Technology;Phones;Vtech CS6719;383,96;5;0,2;38,396;40,25;Medium;September;2015;2021
38600;US-2015-DO13645140-42252;Cumartesi, Eylül 05, 2015;Çarşamba, Eylül 09, 2015;Standard Class;DO-136451408;Doug O'Connell;Consumer;33437;Boynton Beach;Florida;United States;Southern US;USCA;FUR-CH-4428;Furniture;Chairs;Global Value Steno Chair, Gray;97,184;2;0,2;6,074;6,73;Medium;September;2015;2021
37617;CA-2015-SP20860140-42276;Salı, Eylül 29, 2015;Cumartesi, Ekim 03, 2015;Standard Class;SP-208601408;Sung Pak;Corporate;32216;Jacksonville;Florida;United States;Southern US;USCA;OFF-PA-6584;Office Supplies;Paper;Xerox 220;10,368;2;0,2;3,6288;1,85;High;September;2015;2021
35860;CA-2015-SJ20125140-42274;Pazar, Eylül 27, 2015;Perşembe, Ekim 01, 2015;Standard Class;SJ-201251408;Sanjit Jacobs;Home Office;33023;Miramar;Florida;United States;Southern US;USCA;FUR-CH-5426;Furniture;Chairs;Office Star - Contemporary Task Swivel chair with Loop Arms, Charcoal;419,136;4;0,2;-57,6312;29,81;High;September;2015;2021
31340;CA-2015-ES14080140-42267;Pazar, Eylül 20, 2015;Perşembe, Eylül 24, 2015;Standard Class;ES-140801408;Erin Smith;Corporate;32935;Melbourne;Florida;United States;Southern US;USCA;OFF-ST-3018;Office Supplies;Storage;Advantus 10-Drawer Portable Organizer, Chrome Metal Frame, Smoke Drawers;95,616;2;0,2;9,5616;10,91;High;September;2015;2021
32008;CA-2015-AP10915140-42251;Cuma, Eylül 04, 2015;Salı, Eylül 08, 2015;Standard Class;AP-109151408;Arthur Prichep;Consumer;32137;Palm Coast;Florida;United States;Southern US;USCA;OFF-EN-2849;Office Supplies;Envelopes;"#10- 4 1/8"" x 9 1/2"" Security-Tint Envelopes";24,448;4;0,2;8,8624;2,7;High;September;2015;2021
31849;CA-2015-RC19960140-42259;Cumartesi, Eylül 12, 2015;Pazar, Eylül 13, 2015;First Class;RC-199601408;Ryan Crowe;Consumer;32216;Jacksonville;Florida;United States;Southern US;USCA;FUR-FU-4754;Furniture;Furnishings;"Howard Miller 11-1/2"" Diameter Grantwood Wall Clock";34,504;1;0,2;6,0382;7,71;Medium;September;2015;2021
31930;CA-2015-BD11605140-42272;Cuma, Eylül 25, 2015;Pazar, Eylül 27, 2015;Second Class;BD-116051408;Brian Dahlen;Consumer;33180;Miami;Florida;United States;Southern US;USCA;TEC-AC-6339;Technology;Accessories;Verbatim 25 GB 6x Blu-ray Single Layer Recordable Disc, 1/Pack;17,88;3;0,2;2,4585;2,09;High;September;2015;2021
31931;CA-2015-BD11605140-42272;Cuma, Eylül 25, 2015;Pazar, Eylül 27, 2015;Second Class;BD-116051408;Brian Dahlen;Consumer;33180;Miami;Florida;United States;Southern US;USCA;OFF-LA-3980;Office Supplies;Labels;Dot Matrix Printer Tape Reel Labels, White, 5000/Box;235,944;3;0,2;85,5297;39,09;High;September;2015;2021
35094;CA-2015-BE11410140-42271;Perşembe, Eylül 24, 2015;Pazar, Eylül 27, 2015;First Class;BE-114101408;Bobby Elias;Consumer;33178;Miami;Florida;United States;Southern US;USCA;OFF-PA-6496;Office Supplies;Paper;Xerox 1941;251,64;3;0,2;88,074;3,65;Medium;September;2015;2021
39621;CA-2015-FC14245140-42256;Çarşamba, Eylül 09, 2015;Perşembe, Eylül 10, 2015;First Class;FC-142451408;Frank Carlisle;Home Office;33012;Hialeah;Florida;United States;Southern US;USCA;OFF-ST-3927;Office Supplies;Storage;Decoflex Hanging Personal Folder File, Blue;61,68;5;0,2;5,397;15,53;High;September;2015;2021
39622;CA-2015-FC14245140-42256;Çarşamba, Eylül 09, 2015;Perşembe, Eylül 10, 2015;First Class;FC-142451408;Frank Carlisle;Home Office;33012;Hialeah;Florida;United States;Southern US;USCA;TEC-PH-5834;Technology;Phones;Samsung Rugby III;158,376;3;0,2;13,8579;20,4;High;September;2015;2021
32829;CA-2015-JF15490140-42248;Salı, Eylül 01, 2015;Pazar, Eylül 06, 2015;Standard Class;JF-154901404;Jeremy Farry;Consumer;85281;Tempe;Arizona;United States;Western US;USCA;OFF-FA-5461;Office Supplies;Fasteners;OIC Bulk Pack Metal Binder Clips;8,376;3;0,2;2,7222;1,65;Medium;September;2015;2021
32828;CA-2015-JF15490140-42248;Salı, Eylül 01, 2015;Pazar, Eylül 06, 2015;Standard Class;JF-154901404;Jeremy Farry;Consumer;85281;Tempe;Arizona;United States;Western US;USCA;OFF-ST-5277;Office Supplies;Storage;Neat Ideas Personal Hanging Folder Files, Black;10,744;1;0,2;0,8058;1,66;Medium;September;2015;2021
36738;CA-2015-AI10855140-42257;Perşembe, Eylül 10, 2015;Pazartesi, Eylül 14, 2015;Standard Class;AI-108551404;Arianne Irving;Consumer;85301;Glendale;Arizona;United States;Western US;USCA;OFF-PA-6336;Office Supplies;Paper;Unpadded Memo Slips;6,368;2;0,2;2,388;1,69;Medium;September;2015;2021
38267;CA-2015-AB10105140-42267;Pazar, Eylül 20, 2015;Cumartesi, Eylül 26, 2015;Standard Class;AB-101051404;Adrian Barton;Consumer;85023;Phoenix;Arizona;United States;Western US;USCA;OFF-ST-3078;Office Supplies;Storage;Akro Stacking Bins;12,624;2;0,2;-2,5248;1,94;Low;September;2015;2021
38268;CA-2015-AB10105140-42267;Pazar, Eylül 20, 2015;Cumartesi, Eylül 26, 2015;Standard Class;AB-101051404;Adrian Barton;Consumer;85023;Phoenix;Arizona;United States;Western US;USCA;TEC-AC-6076;Technology;Accessories;Sony Micro Vault Click 16 GB USB 2.0 Flash Drive;89,584;2;0,2;4,4792;12,35;Low;September;2015;2021
38269;CA-2015-AB10105140-42267;Pazar, Eylül 20, 2015;Cumartesi, Eylül 26, 2015;Standard Class;AB-101051404;Adrian Barton;Consumer;85023;Phoenix;Arizona;United States;Western US;USCA;TEC-PH-5625;Technology;Phones;Polycom VoiceStation 500 Conference phone;471,92;2;0,2;29,495;16,71;Low;September;2015;2021
36708;CA-2015-TS21505140-42266;Cumartesi, Eylül 19, 2015;Çarşamba, Eylül 23, 2015;Standard Class;TS-215051404;Tony Sayre;Consumer;88101;Clovis;New Mexico;United States;Western US;USCA;OFF-BI-6391;Office Supplies;Binders;Wilson Jones Easy Flow II Sheet Lifters;10,08;7;0,2;3,528;1,64;High;September;2015;2021
36844;CA-2015-JM16195140-42255;Salı, Eylül 08, 2015;Çarşamba, Eylül 09, 2015;First Class;JM-161951404;Justin MacKendrick;Consumer;84020;Draper;Utah;United States;Western US;USCA;TEC-PH-5245;Technology;Phones;Motorla HX550 Universal Bluetooth Headset;126,56;4;0,2;47,46;28,56;Critical;September;2015;2021
39341;CA-2015-DO13645140-42263;Çarşamba, Eylül 16, 2015;Cuma, Eylül 18, 2015;Second Class;DO-136451404;Doug O'Connell;Consumer;84106;Salt Lake City;Utah;United States;Western US;USCA;OFF-BI-3325;Office Supplies;Binders;"Avery Trapezoid Ring Binder, 3"" Capacity, Black, 1040 sheets";295,056;9;0,2;106,9578;70,52;Critical;September;2015;2021
33948;CA-2015-AS10225140-42265;Cuma, Eylül 18, 2015;Salı, Eylül 22, 2015;Second Class;AS-102251404;Alan Schoenberger;Corporate;84604;Provo;Utah;United States;Western US;USCA;OFF-BI-3302;Office Supplies;Binders;Avery Non-Stick Binders;10,776;3;0,2;3,5022;1,35;Medium;September;2015;2021
33949;CA-2015-AS10225140-42265;Cuma, Eylül 18, 2015;Salı, Eylül 22, 2015;Second Class;AS-102251404;Alan Schoenberger;Corporate;84604;Provo;Utah;United States;Western US;USCA;OFF-BI-2925;Office Supplies;Binders;"Acco Pressboard Covers with Storage Hooks, 14 7/8"" x 11"", Light Blue";11,784;3;0,2;4,2717;1,9;Medium;September;2015;2021
33952;CA-2015-AS10225140-42265;Cuma, Eylül 18, 2015;Salı, Eylül 22, 2015;Second Class;AS-102251404;Alan Schoenberger;Corporate;84604;Provo;Utah;United States;Western US;USCA;OFF-BI-4356;Office Supplies;Binders;"GBC Pre-Punched Binding Paper, Plastic, White, 8-1/2"" x 11""";25,584;2;0,2;8,9544;4,15;Medium;September;2015;2021
33395;CA-2015-RD19900140-42255;Salı, Eylül 08, 2015;Pazar, Eylül 13, 2015;Standard Class;RD-199001404;Ruben Dartt;Consumer;97206;Portland;Oregon;United States;Western US;USCA;OFF-ST-4516;Office Supplies;Storage;Hanging Personal Folder File;37,68;3;0,2;2,355;5,4;High;September;2015;2021
33396;CA-2015-RD19900140-42255;Salı, Eylül 08, 2015;Pazar, Eylül 13, 2015;Standard Class;RD-199001404;Ruben Dartt;Consumer;97206;Portland;Oregon;United States;Western US;USCA;TEC-AC-5143;Technology;Accessories;Logitech Wireless Marathon Mouse M705;279,944;7;0,2;80,4839;33,98;High;September;2015;2021
38360;CA-2015-MG17890140-42248;Salı, Eylül 01, 2015;Pazar, Eylül 06, 2015;Standard Class;MG-178901404;Michael Granlund;Home Office;97301;Salem;Oregon;United States;Western US;USCA;OFF-SU-2975;Office Supplies;Supplies;Acme Kleen Earth Office Shears;6,208;2;0,2;0,6984;1,43;Medium;September;2015;2021
37416;CA-2015-JR16210140-42267;Pazar, Eylül 20, 2015;Cumartesi, Eylül 26, 2015;Standard Class;JR-162101404;Justin Ritter;Corporate;97477;Springfield;Oregon;United States;Western US;USCA;OFF-AR-5585;Office Supplies;Art;Peel-Off China Markers;23,832;3;0,2;6,5538;1,64;Medium;September;2015;2021
37415;CA-2015-JR16210140-42267;Pazar, Eylül 20, 2015;Cumartesi, Eylül 26, 2015;Standard Class;JR-162101404;Justin Ritter;Corporate;97477;Springfield;Oregon;United States;Western US;USCA;TEC-PH-5244;Technology;Phones;Mophie Juice Pack Helium for iPhone;191,976;3;0,2;19,1976;16,89;Medium;September;2015;2021
37417;CA-2015-JR16210140-42267;Pazar, Eylül 20, 2015;Cumartesi, Eylül 26, 2015;Standard Class;JR-162101404;Justin Ritter;Corporate;97477;Springfield;Oregon;United States;Western US;USCA;FUR-FU-4762;Furniture;Furnishings;"Howard Miller 14-1/2"" Diameter Chrome Round Wall Clock";409,216;8;0,2;61,3824;24,42;Medium;September;2015;2021
39173;CA-2015-DK12835140-42257;Perşembe, Eylül 10, 2015;Çarşamba, Eylül 16, 2015;Standard Class;DK-128351404;Damala Kotsonis;Corporate;97206;Portland;Oregon;United States;Western US;USCA;OFF-AP-3367;Office Supplies;Appliances;Belkin 7-Outlet SurgeMaster Home Series;11,176;1;0,2;0,8382;1,83;Medium;September;2015;2021
39172;CA-2015-DK12835140-42257;Perşembe, Eylül 10, 2015;Çarşamba, Eylül 16, 2015;Standard Class;DK-128351404;Damala Kotsonis;Corporate;97206;Portland;Oregon;United States;Western US;USCA;OFF-PA-6484;Office Supplies;Paper;Xerox 1930;31,104;6;0,2;11,2752;2,26;Medium;September;2015;2021
39059;CA-2015-SL20155140-42274;Pazar, Eylül 27, 2015;Salı, Eylül 29, 2015;First Class;SL-201551404;Sara Luxemburg;Home Office;97301;Salem;Oregon;United States;Western US;USCA;OFF-AR-5632;Office Supplies;Art;Prang Drawing Pencil Set;2,224;1;0,2;0,556;1,56;High;September;2015;2021
40580;CA-2015-LW17215140-42250;Perşembe, Eylül 03, 2015;Cumartesi, Eylül 05, 2015;Second Class;LW-172151404;Luke Weiss;Consumer;80525;Fort Collins;Colorado;United States;Western US;USCA;OFF-LA-3241;Office Supplies;Labels;Avery 519;11,696;2;0,2;3,9474;1,43;Medium;September;2015;2021
33625;CA-2015-KN16705140-42271;Perşembe, Eylül 24, 2015;Pazar, Eylül 27, 2015;First Class;KN-167051404;Kristina Nunn;Home Office;80525;Fort Collins;Colorado;United States;Western US;USCA;OFF-EN-6350;Office Supplies;Envelopes;Wausau Papers Astrobrights Colored Envelopes;14,352;3;0,2;5,2026;1,44;Medium;September;2015;2021
35760;US-2015-DS13030140-42276;Salı, Eylül 29, 2015;Cuma, Ekim 02, 2015;First Class;DS-130301404;Darrin Sayre;Home Office;80013;Aurora;Colorado;United States;Western US;USCA;OFF-PA-6551;Office Supplies;Paper;Xerox 1992;14,352;3;0,2;5,2026;1,94;Medium;September;2015;2021
35758;US-2015-DS13030140-42276;Salı, Eylül 29, 2015;Cuma, Ekim 02, 2015;First Class;DS-130301404;Darrin Sayre;Home Office;80013;Aurora;Colorado;United States;Western US;USCA;TEC-AC-5049;Technology;Accessories;Lenovo 17-Key USB Numeric Keypad;54,384;2;0,2;1,3596;2,22;Medium;September;2015;2021
35756;US-2015-DS13030140-42276;Salı, Eylül 29, 2015;Cuma, Ekim 02, 2015;First Class;DS-130301404;Darrin Sayre;Home Office;80013;Aurora;Colorado;United States;Western US;USCA;FUR-FU-3883;Furniture;Furnishings;Dana Halogen Swing-Arm Architect Lamp;32,776;1;0,2;3,2776;3,25;Medium;September;2015;2021
35757;US-2015-DS13030140-42276;Salı, Eylül 29, 2015;Cuma, Ekim 02, 2015;First Class;DS-130301404;Darrin Sayre;Home Office;80013;Aurora;Colorado;United States;Western US;USCA;OFF-ST-4456;Office Supplies;Storage;Gould Plastics 18-Pocket Panel Bin, 34w x 5-1/4d x 20-1/2h;147,184;2;0,2;-29,4368;23,97;Medium;September;2015;2021
35761;US-2015-DS13030140-42276;Salı, Eylül 29, 2015;Cuma, Ekim 02, 2015;First Class;DS-130301404;Darrin Sayre;Home Office;80013;Aurora;Colorado;United States;Western US;USCA;OFF-AP-4932;Office Supplies;Appliances;Kensington 7 Outlet MasterPiece HOMEOFFICE Power Control Center;209,792;2;0,2;26,224;54,39;Medium;September;2015;2021
32565;CA-2015-BG11695140-42271;Perşembe, Eylül 24, 2015;Pazartesi, Eylül 28, 2015;Standard Class;BG-116951404;Brooke Gillingham;Corporate;80027;Louisville;Colorado;United States;Western US;USCA;FUR-FU-3084;Furniture;Furnishings;Aluminum Document Frame;29,328;3;0,2;3,666;2,3;Medium;September;2015;2021
34473;US-2015-AP10915140-42271;Perşembe, Eylül 24, 2015;Çarşamba, Eylül 30, 2015;Standard Class;AP-109151404;Arthur Prichep;Consumer;80525;Fort Collins;Colorado;United States;Western US;USCA;TEC-AC-3373;Technology;Accessories;Belkin F8E887 USB Wired Ergonomic Keyboard;47,984;2;0,2;0,5998;5,94;Low;September;2015;2021
35629;CA-2015-SS20875140-42249;Çarşamba, Eylül 02, 2015;Pazartesi, Eylül 07, 2015;Standard Class;SS-208751404;Sung Shariari;Consumer;98052;Redmond;Washington;United States;Western US;USCA;OFF-BI-3301;Office Supplies;Binders;Avery Metallic Poly Binders;22,92;5;0,2;8,022;1,65;Medium;September;2015;2021
40624;US-2015-PF19225140-42255;Salı, Eylül 08, 2015;Cuma, Eylül 11, 2015;First Class;PF-192251404;Phillip Flathmann;Consumer;98026;Edmonds;Washington;United States;Western US;USCA;TEC-PH-4997;Technology;Phones;Konftel 250 Conference phone - Charcoal black;455,712;2;0,2;34,1784;75,19;High;September;2015;2021
37702;CA-2015-BW11110140-42248;Salı, Eylül 01, 2015;Perşembe, Eylül 03, 2015;Second Class;BW-111101404;Bart Watters;Corporate;99207;Spokane;Washington;United States;Western US;USCA;FUR-CH-4620;Furniture;Chairs;Hon 4700 Series Mobuis Mid-Back Task Chairs with Adjustable Arms;569,568;2;0,2;7,1196;115,19;High;September;2015;2021
37531;US-2015-JF15415140-42259;Cumartesi, Eylül 12, 2015;Cumartesi, Eylül 12, 2015;Same Day;JF-154151404;Jennifer Ferguson;Consumer;98105;Seattle;Washington;United States;Western US;USCA;OFF-BI-4827;Office Supplies;Binders;Ibico Ibimaster 300 Manual Binding System;1471,96;5;0,2;459,9875;163,36;High;September;2015;2021
32376;CA-2015-DW13540140-42271;Perşembe, Eylül 24, 2015;Cumartesi, Eylül 26, 2015;Second Class;DW-135401404;Don Weiss;Consumer;98105;Seattle;Washington;United States;Western US;USCA;OFF-BI-3307;Office Supplies;Binders;Avery Printable Repositionable Plastic Tabs;6,88;1;0,2;2,322;2,27;Critical;September;2015;2021
40558;CA-2015-SU20665140-42250;Perşembe, Eylül 03, 2015;Perşembe, Eylül 03, 2015;Same Day;SU-206651404;Stephanie Ulpright;Home Office;98103;Seattle;Washington;United States;Western US;USCA;FUR-CH-4418;Furniture;Chairs;Global Leather Task Chair, Black;215,976;3;0,2;-2,6997;40,5;Medium;September;2015;2021
37532;US-2015-JF15415140-42259;Cumartesi, Eylül 12, 2015;Cumartesi, Eylül 12, 2015;Same Day;JF-154151404;Jennifer Ferguson;Consumer;98105;Seattle;Washington;United States;Western US;USCA;TEC-PH-4889;Technology;Phones;iOttie XL Car Mount;79,96;5;0,2;-17,991;13,3;High;September;2015;2021
37528;US-2015-JF15415140-42259;Cumartesi, Eylül 12, 2015;Cumartesi, Eylül 12, 2015;Same Day;JF-154151404;Jennifer Ferguson;Consumer;98105;Seattle;Washington;United States;Western US;USCA;FUR-CH-5424;Furniture;Chairs;Office Star - Contemporary Task Swivel Chair;177,568;2;0,2;8,8784;31,94;High;September;2015;2021
34654;CA-2015-NF18595140-42255;Salı, Eylül 08, 2015;Pazartesi, Eylül 14, 2015;Standard Class;NF-185951402;Nicole Fjeld;Home Office;60610;Chicago;Illinois;United States;Central US;USCA;OFF-FA-6129;Office Supplies;Fasteners;Staples;73,008;9;0,2;26,4654;5,54;Medium;September;2015;2021
38618;CA-2015-MY18295140-42251;Cuma, Eylül 04, 2015;Salı, Eylül 08, 2015;Standard Class;MY-182951402;Muhammed Yedwab;Corporate;60623;Chicago;Illinois;United States;Central US;USCA;OFF-PA-2847;Office Supplies;Paper;"""While you Were Out"" Message Book, One Form per Page";8,904;3;0,2;3,339;1,7;Medium;September;2015;2021
36712;US-2015-LC16870140-42271;Perşembe, Eylül 24, 2015;Salı, Eylül 29, 2015;Standard Class;LC-168701402;Lena Cacioppo;Consumer;60653;Chicago;Illinois;United States;Central US;USCA;OFF-PA-6580;Office Supplies;Paper;Xerox 217;20,736;4;0,2;7,2576;1,98;Medium;September;2015;2021
38199;CA-2015-JS15595140-42250;Perşembe, Eylül 03, 2015;Çarşamba, Eylül 09, 2015;Standard Class;JS-155951402;Jill Stevenson;Corporate;60653;Chicago;Illinois;United States;Central US;USCA;OFF-FA-3051;Office Supplies;Fasteners;Advantus Plastic Paper Clips;16;4;0,2;5,6;1,85;Medium;September;2015;2021
38201;CA-2015-JS15595140-42250;Perşembe, Eylül 03, 2015;Çarşamba, Eylül 09, 2015;Standard Class;JS-155951402;Jill Stevenson;Corporate;60653;Chicago;Illinois;United States;Central US;USCA;OFF-ST-3360;Office Supplies;Storage;"Belkin 19"" Center-Weighted Shelf, Gray";235,92;5;0,2;-44,235;17,51;Medium;September;2015;2021
40650;CA-2015-RO19780140-42272;Cuma, Eylül 25, 2015;Pazar, Eylül 27, 2015;First Class;RO-197801402;Rose O'Brian;Consumer;60623;Chicago;Illinois;United States;Central US;USCA;OFF-PA-6424;Office Supplies;Paper;Wirebound Voice Message Log Book;11,424;3;0,2;3,7128;1,95;Critical;September;2015;2021
34811;CA-2015-HW14935140-42252;Cumartesi, Eylül 05, 2015;Pazartesi, Eylül 07, 2015;First Class;HW-149351402;Helen Wasserman;Corporate;60653;Chicago;Illinois;United States;Central US;USCA;OFF-AR-5906;Office Supplies;Art;Sanford Colorific Colored Pencils, 12/Box;6,912;3;0,2;0,864;1,46;Critical;September;2015;2021
34810;CA-2015-HW14935140-42252;Cumartesi, Eylül 05, 2015;Pazartesi, Eylül 07, 2015;First Class;HW-149351402;Helen Wasserman;Corporate;60653;Chicago;Illinois;United States;Central US;USCA;OFF-PA-4892;Office Supplies;Paper;"It's Hot Message Books with Stickers, 2 3/4"" x 5""";17,76;3;0,2;5,55;5,35;Critical;September;2015;2021
35665;CA-2015-HA14920140-42259;Cumartesi, Eylül 12, 2015;Pazartesi, Eylül 14, 2015;Second Class;HA-149201402;Helen Andreada;Consumer;60623;Chicago;Illinois;United States;Central US;USCA;OFF-PA-6480;Office Supplies;Paper;Xerox 1927;20,544;6;0,2;6,42;1,66;High;September;2015;2021
35664;CA-2015-HA14920140-42259;Cumartesi, Eylül 12, 2015;Pazartesi, Eylül 14, 2015;Second Class;HA-149201402;Helen Andreada;Consumer;60623;Chicago;Illinois;United States;Central US;USCA;OFF-FA-2916;Office Supplies;Fasteners;Acco Hot Clips Clips to Go;10,528;4;0,2;3,29;1,77;High;September;2015;2021
38619;CA-2015-MY18295140-42251;Cuma, Eylül 04, 2015;Salı, Eylül 08, 2015;Standard Class;MY-182951402;Muhammed Yedwab;Corporate;60623;Chicago;Illinois;United States;Central US;USCA;TEC-AC-4799;Technology;Accessories;Hypercom P1300 Pinpad;100,8;2;0,2;21,42;3,68;Medium;September;2015;2021
38519;CA-2015-MC18100140-42250;Perşembe, Eylül 03, 2015;Pazartesi, Eylül 07, 2015;Standard Class;MC-181001402;Mick Crebagga;Consumer;60623;Chicago;Illinois;United States;Central US;USCA;TEC-AC-4946;Technology;Accessories;Kingston Digital DataTraveler 32GB USB 2.0;40,68;3;0,2;-7,119;7,53;High;September;2015;2021
36713;US-2015-LC16870140-42271;Perşembe, Eylül 24, 2015;Salı, Eylül 29, 2015;Standard Class;LC-168701402;Lena Cacioppo;Consumer;60653;Chicago;Illinois;United States;Central US;USCA;TEC-PH-5533;Technology;Phones;OtterBox Commuter Series Case - Samsung Galaxy S4;39,984;2;0,2;-8,9964;2,88;Medium;September;2015;2021
32199;CA-2015-DB13060140-42263;Çarşamba, Eylül 16, 2015;Cuma, Eylül 18, 2015;First Class;DB-130601402;Dave Brooks;Consumer;60653;Chicago;Illinois;United States;Central US;USCA;TEC-PH-3182;Technology;Phones;Avaya 5420 Digital phone;323,976;3;0,2;20,2485;54,02;Medium;September;2015;2021
31338;CA-2015-LC16930140-42258;Cuma, Eylül 11, 2015;Çarşamba, Eylül 16, 2015;Standard Class;LC-169301402;Linda Cazamias;Corporate;60540;Naperville;Illinois;United States;Central US;USCA;TEC-PH-5566;Technology;Phones;Panasonic Kx-TS550;147,168;4;0,2;16,5564;11,93;Medium;September;2015;2021
39495;CA-2015-LP17095140-42253;Pazar, Eylül 06, 2015;Perşembe, Eylül 10, 2015;Standard Class;LP-170951408;Liz Preis;Consumer;37918;Knoxville;Tennessee;United States;Southern US;USCA;OFF-PA-6584;Office Supplies;Paper;Xerox 220;15,552;3;0,2;5,4432;2,26;High;September;2015;2021
39494;CA-2015-LP17095140-42253;Pazar, Eylül 06, 2015;Perşembe, Eylül 10, 2015;Standard Class;LP-170951408;Liz Preis;Consumer;37918;Knoxville;Tennessee;United States;Southern US;USCA;OFF-AR-5243;Office Supplies;Art;Model L Table or Wall-Mount Pencil Sharpener;71,96;5;0,2;7,196;7,45;High;September;2015;2021
39493;CA-2015-LP17095140-42253;Pazar, Eylül 06, 2015;Perşembe, Eylül 10, 2015;Standard Class;LP-170951408;Liz Preis;Consumer;37918;Knoxville;Tennessee;United States;Southern US;USCA;TEC-AC-5187;Technology;Accessories;Maxell LTO Ultrium - 800 GB;89,568;4;0,2;-1,1196;17,62;High;September;2015;2021
39507;CA-2015-DM12955140-42255;Salı, Eylül 08, 2015;Pazar, Eylül 13, 2015;Standard Class;DM-129551408;Dario Medina;Corporate;37211;Nashville;Tennessee;United States;Southern US;USCA;OFF-AP-4220;Office Supplies;Appliances;Eureka The Boss Cordless Rechargeable Stick Vac;81,568;2;0,2;7,1372;9,51;High;September;2015;2021
35922;CA-2015-SO20335140-42257;Perşembe, Eylül 10, 2015;Salı, Eylül 15, 2015;Standard Class;SO-203351408;Sean O'Donnell;Consumer;38401;Columbia;Tennessee;United States;Southern US;USCA;FUR-FU-4109;Furniture;Furnishings;Eldon Wave Desk Accessories;14,136;3;0,2;4,2408;1,39;Medium;September;2015;2021
35919;CA-2015-SO20335140-42257;Perşembe, Eylül 10, 2015;Salı, Eylül 15, 2015;Standard Class;SO-203351408;Sean O'Donnell;Consumer;38401;Columbia;Tennessee;United States;Southern US;USCA;OFF-FA-6129;Office Supplies;Fasteners;Staples;8,832;3;0,2;-1,9872;1,54;Medium;September;2015;2021
35920;CA-2015-SO20335140-42257;Perşembe, Eylül 10, 2015;Salı, Eylül 15, 2015;Standard Class;SO-203351408;Sean O'Donnell;Consumer;38401;Columbia;Tennessee;United States;Southern US;USCA;OFF-PA-6437;Office Supplies;Paper;Xerox 1888;177,536;4;0,2;62,1376;10,55;Medium;September;2015;2021
35921;CA-2015-SO20335140-42257;Perşembe, Eylül 10, 2015;Salı, Eylül 15, 2015;Standard Class;SO-203351408;Sean O'Donnell;Consumer;38401;Columbia;Tennessee;United States;Southern US;USCA;OFF-ST-4291;Office Supplies;Storage;Fellowes Super Stor/Drawer Files;258,48;2;0,2;-3,231;15,64;Medium;September;2015;2021
36139;CA-2015-JO15280140-42277;Çarşamba, Eylül 30, 2015;Pazartesi, Ekim 05, 2015;Standard Class;JO-152801408;Jas O'Carroll;Consumer;38109;Memphis;Tennessee;United States;Southern US;USCA;OFF-ST-3746;Office Supplies;Storage;Carina Media Storage Towers in Natural & Black;243,92;5;0,2;-54,882;13,31;Medium;September;2015;2021
37429;CA-2015-AB10165140-42263;Çarşamba, Eylül 16, 2015;Pazartesi, Eylül 21, 2015;Standard Class;AB-101651408;Alan Barnes;Consumer;37087;Lebanon;Tennessee;United States;Southern US;USCA;OFF-PA-6443;Office Supplies;Paper;Xerox 1893;163,96;5;0,2;59,4355;7,84;Medium;September;2015;2021
38960;CA-2015-SG20605140-42261;Pazartesi, Eylül 14, 2015;Pazar, Eylül 20, 2015;Standard Class;SG-206051408;Speros Goranitis;Consumer;28806;Asheville;North Carolina;United States;Southern US;USCA;OFF-AR-4332;Office Supplies;Art;Fluorescent Highlighters by Dixon;15,92;5;0,2;2,786;1,26;Medium;September;2015;2021
34138;US-2015-RL19615140-42248;Salı, Eylül 01, 2015;Cumartesi, Eylül 05, 2015;Second Class;RL-196151408;Rob Lucas;Consumer;28314;Fayetteville;North Carolina;United States;Southern US;USCA;OFF-PA-6500;Office Supplies;Paper;Xerox 1945;229,544;7;0,2;83,2097;9,43;Medium;September;2015;2021
40069;CA-2015-DB13555140-42262;Salı, Eylül 15, 2015;Cuma, Eylül 18, 2015;First Class;DB-135551408;Dorothy Badders;Corporate;27604;Raleigh;North Carolina;United States;Southern US;USCA;OFF-PA-6546;Office Supplies;Paper;Xerox 1988;74,352;3;0,2;23,235;16,34;High;September;2015;2021
40068;CA-2015-DB13555140-42262;Salı, Eylül 15, 2015;Cuma, Eylül 18, 2015;First Class;DB-135551408;Dorothy Badders;Corporate;27604;Raleigh;North Carolina;United States;Southern US;USCA;OFF-AP-2863;Office Supplies;Appliances;3.6 Cubic Foot Counter Height Office Refrigerator;942,784;4;0,2;94,2784;223,51;High;September;2015;2021
39350;CA-2015-SF20965140-42276;Salı, Eylül 29, 2015;Salı, Ekim 06, 2015;Standard Class;SF-209651406;Sylvia Foulston;Corporate;19134;Philadelphia;Pennsylvania;United States;Eastern US;USCA;OFF-BI-4365;Office Supplies;Binders;GBC Standard Plastic Binding Systems Combs;2,655;1;0,7;-1,8585;1,28;Medium;September;2015;2021
32510;US-2015-SP20620140-42257;Perşembe, Eylül 10, 2015;Pazartesi, Eylül 14, 2015;Standard Class;SP-206201406;Stefania Perrino;Corporate;19134;Philadelphia;Pennsylvania;United States;Eastern US;USCA;OFF-BI-6410;Office Supplies;Binders;Wilson Jones Standard D-Ring Binders;3,036;2;0,7;-2,3276;1,18;Medium;September;2015;2021
32511;US-2015-SP20620140-42257;Perşembe, Eylül 10, 2015;Pazartesi, Eylül 14, 2015;Standard Class;SP-206201406;Stefania Perrino;Corporate;19134;Philadelphia;Pennsylvania;United States;Eastern US;USCA;OFF-BI-4357;Office Supplies;Binders;GBC Prepunched Paper, 19-Hole, for Binding Systems, 24-lb;4,503;1;0,7;-3,6024;1,43;Medium;September;2015;2021
38106;CA-2015-PS18760140-42262;Salı, Eylül 15, 2015;Çarşamba, Eylül 16, 2015;First Class;PS-187601406;Pamela Stobb;Consumer;19140;Philadelphia;Pennsylvania;United States;Eastern US;USCA;OFF-BI-4348;Office Supplies;Binders;GBC Instant Report Kit;3,882;2;0,7;-2,588;1,67;High;September;2015;2021
38109;CA-2015-PS18760140-42262;Salı, Eylül 15, 2015;Çarşamba, Eylül 16, 2015;First Class;PS-187601406;Pamela Stobb;Consumer;19140;Philadelphia;Pennsylvania;United States;Eastern US;USCA;OFF-BI-3085;Office Supplies;Binders;Aluminum Screw Posts;18,312;4;0,7;-12,208;3,66;High;September;2015;2021
33099;CA-2015-JA15970140-42270;Çarşamba, Eylül 23, 2015;Pazar, Eylül 27, 2015;Second Class;JA-159701406;Joseph Airdo;Consumer;19134;Philadelphia;Pennsylvania;United States;Eastern US;USCA;OFF-BI-3823;Office Supplies;Binders;Clear Mylar Reinforcing Strips;5,607;1;0,7;-4,2987;1,54;Medium;September;2015;2021
39087;CA-2015-FG14260140-42267;Pazar, Eylül 20, 2015;Pazar, Eylül 20, 2015;Same Day;FG-142601406;Frank Gastineau;Home Office;19120;Philadelphia;Pennsylvania;United States;Eastern US;USCA;OFF-BI-2928;Office Supplies;Binders;"Acco PRESSTEX Data Binder with Storage Hooks, Dark Blue, 9 1/2"" X 11""";4,842;3;0,7;-3,3894;1,92;Critical;September;2015;2021
36053;CA-2015-EB13870140-42269;Salı, Eylül 22, 2015;Cumartesi, Eylül 26, 2015;Standard Class;EB-138701406;Emily Burns;Consumer;19143;Philadelphia;Pennsylvania;United States;Eastern US;USCA;OFF-BI-4884;Office Supplies;Binders;Insertable Tab Indexes For Data Binders;1,908;2;0,7;-1,5264;1,06;Medium;September;2015;2021
34755;CA-2015-AS10090140-42264;Perşembe, Eylül 17, 2015;Cumartesi, Eylül 19, 2015;First Class;AS-100901406;Adam Shillingsburg;Consumer;19143;Philadelphia;Pennsylvania;United States;Eastern US;USCA;OFF-BI-3473;Office Supplies;Binders;Binder Posts;3,444;2;0,7;-2,7552;1,31;Critical;September;2015;2021
34756;CA-2015-AS10090140-42264;Perşembe, Eylül 17, 2015;Cumartesi, Eylül 19, 2015;First Class;AS-100901406;Adam Shillingsburg;Consumer;19143;Philadelphia;Pennsylvania;United States;Eastern US;USCA;OFF-BI-4343;Office Supplies;Binders;GBC DocuBind TL300 Electric Binding System;538,194;2;0,7;-412,6154;209,3;Critical;September;2015;2021
38107;CA-2015-PS18760140-42262;Salı, Eylül 15, 2015;Çarşamba, Eylül 16, 2015;First Class;PS-187601406;Pamela Stobb;Consumer;19140;Philadelphia;Pennsylvania;United States;Eastern US;USCA;TEC-MA-5681;Technology;Machines;Ricoh - Ink Collector Unit for GX3000 Series Printers;12,585;1;0,7;-18,0385;2,17;High;September;2015;2021
38111;CA-2015-PS18760140-42262;Salı, Eylül 15, 2015;Çarşamba, Eylül 16, 2015;First Class;PS-187601406;Pamela Stobb;Consumer;19140;Philadelphia;Pennsylvania;United States;Eastern US;USCA;TEC-MA-5081;Technology;Machines;Lexmark MarkNet N8150 Wireless Print Server;241,17;2;0,7;-168,819;52,17;High;September;2015;2021
32516;US-2015-SP20620140-42257;Perşembe, Eylül 10, 2015;Pazartesi, Eylül 14, 2015;Standard Class;SP-206201406;Stefania Perrino;Corporate;19134;Philadelphia;Pennsylvania;United States;Eastern US;USCA;TEC-PH-5818;Technology;Phones;Samsung Galaxy Note 2;1931,958;7;0,4;-386,3916;142,76;Medium;September;2015;2021
34423;CA-2015-EB14110140-42256;Çarşamba, Eylül 09, 2015;Pazar, Eylül 13, 2015;Standard Class;EB-141101406;Eugene Barchas;Consumer;19134;Philadelphia;Pennsylvania;United States;Eastern US;USCA;TEC-PH-2879;Technology;Phones;Aastra 6757i CT Wireless VoIP phone;258,528;2;0,4;-47,3968;20,29;High;September;2015;2021
32509;US-2015-SP20620140-42257;Perşembe, Eylül 10, 2015;Pazartesi, Eylül 14, 2015;Standard Class;SP-206201406;Stefania Perrino;Corporate;19134;Philadelphia;Pennsylvania;United States;Eastern US;USCA;FUR-CH-4419;Furniture;Chairs;Global Low Back Tilter Chair;141,372;2;0,3;-48,4704;13,87;Medium;September;2015;2021
38108;CA-2015-PS18760140-42262;Salı, Eylül 15, 2015;Çarşamba, Eylül 16, 2015;First Class;PS-187601406;Pamela Stobb;Consumer;19140;Philadelphia;Pennsylvania;United States;Eastern US;USCA;FUR-CH-5428;Furniture;Chairs;Office Star - Ergonomically Designed Knee Chair;113,372;2;0,3;-29,1528;20,79;High;September;2015;2021
38382;CA-2015-AH10075140-42273;Cumartesi, Eylül 26, 2015;Salı, Eylül 29, 2015;First Class;AH-100751406;Adam Hart;Corporate;19013;Chester;Pennsylvania;United States;Eastern US;USCA;OFF-BI-3301;Office Supplies;Binders;Avery Metallic Poly Binders;8,595;5;0,7;-6,303;1,37;Medium;September;2015;2021
34884;CA-2015-MH18115140-42272;Cuma, Eylül 25, 2015;Salı, Eylül 29, 2015;Standard Class;MH-181151406;Mick Hernandez;Home Office;43130;Lancaster;Ohio;United States;Eastern US;USCA;TEC-PH-3136;Technology;Phones;Apple iPhone 5;1169,694;3;0,4;-253,4337;185,77;High;September;2015;2021
35768;CA-2015-MG17680140-42277;Çarşamba, Eylül 30, 2015;Çarşamba, Eylül 30, 2015;Same Day;MG-176801406;Maureen Gastineau;Home Office;44060;Mentor;Ohio;United States;Eastern US;USCA;FUR-CH-4429;Furniture;Chairs;Global Wood Trimmed Manager's Task Chair, Khaki;63,686;1;0,3;-15,4666;6,67;High;September;2015;2021
35770;CA-2015-MG17680140-42277;Çarşamba, Eylül 30, 2015;Çarşamba, Eylül 30, 2015;Same Day;MG-176801406;Maureen Gastineau;Home Office;44060;Mentor;Ohio;United States;Eastern US;USCA;FUR-TA-5684;Furniture;Tables;Riverside Furniture Stanwyck Manor Table Series;344,22;2;0,4;-189,321;48,05;High;September;2015;2021
34859;CA-2015-MD17350140-42252;Cumartesi, Eylül 05, 2015;Perşembe, Eylül 10, 2015;Second Class;MD-173501406;Maribeth Dona;Consumer;44312;Akron;Ohio;United States;Eastern US;USCA;OFF-BI-6373;Office Supplies;Binders;Wilson Jones Active Use Binders;4,368;2;0,7;-3,0576;1,31;Medium;September;2015;2021
34858;CA-2015-MD17350140-42252;Cumartesi, Eylül 05, 2015;Perşembe, Eylül 10, 2015;Second Class;MD-173501406;Maribeth Dona;Consumer;44312;Akron;Ohio;United States;Eastern US;USCA;OFF-BI-4364;Office Supplies;Binders;GBC Recycled VeloBinder Covers;25,56;5;0,7;-20,448;1,72;Medium;September;2015;2021
40051;CA-2015-JD16015140-42257;Perşembe, Eylül 10, 2015;Cuma, Eylül 11, 2015;First Class;JD-160151406;Joy Daniels;Consumer;43615;Toledo;Ohio;United States;Eastern US;USCA;OFF-BI-2869;Office Supplies;Binders;3M Organizer Strips;4,86;3;0,7;-3,564;1,33;High;September;2015;2021
40052;CA-2015-JD16015140-42257;Perşembe, Eylül 10, 2015;Cuma, Eylül 11, 2015;First Class;JD-160151406;Joy Daniels;Consumer;43615;Toledo;Ohio;United States;Eastern US;USCA;OFF-BI-2904;Office Supplies;Binders;"Acco Data Flex Cable Posts For Top & Bottom Load Binders, 6"" Capacity";6,258;2;0,7;-5,215;1,98;High;September;2015;2021
38183;CA-2015-HA14905140-42258;Cuma, Eylül 11, 2015;Cuma, Eylül 18, 2015;Standard Class;HA-149051406;Helen Abelman;Consumer;45503;Springfield;Ohio;United States;Eastern US;USCA;TEC-PH-3794;Technology;Phones;Cisco IP Phone 7961G-GE VoIP phone;259,896;2;0,4;-56,3108;9,73;Medium;September;2015;2021
37393;CA-2015-SV20365140-42268;Pazartesi, Eylül 21, 2015;Pazar, Eylül 27, 2015;Standard Class;SV-203651406;Seth Vernon;Consumer;10035;New York City;New York;United States;Eastern US;USCA;FUR-CH-4418;Furniture;Chairs;Global Leather Task Chair, Black;80,991;1;0,1;8,0991;7,78;Medium;September;2015;2021
37387;CA-2015-SV20365140-42268;Pazartesi, Eylül 21, 2015;Pazar, Eylül 27, 2015;Standard Class;SV-203651406;Seth Vernon;Consumer;10035;New York City;New York;United States;Eastern US;USCA;FUR-CH-4709;Furniture;Chairs;Hon Valutask Swivel Chairs;272,646;3;0,1;18,1764;29,25;Medium;September;2015;2021
37398;CA-2015-SV20365140-42268;Pazartesi, Eylül 21, 2015;Pazar, Eylül 27, 2015;Standard Class;SV-203651406;Seth Vernon;Consumer;10035;New York City;New York;United States;Eastern US;USCA;FUR-CH-4426;Furniture;Chairs;Global Troy Executive Leather Low-Back Tilter;2254,41;5;0,1;375,735;175,2;Medium;September;2015;2021
37396;CA-2015-SV20365140-42268;Pazartesi, Eylül 21, 2015;Pazar, Eylül 27, 2015;Standard Class;SV-203651406;Seth Vernon;Consumer;10035;New York City;New York;United States;Eastern US;USCA;FUR-CH-4618;Furniture;Chairs;Hon 4070 Series Pagoda Armless Upholstered Stacking Chairs;2888,127;11;0,1;609,7157;177,06;Medium;September;2015;2021
40878;CA-2015-RB19705140-42262;Salı, Eylül 15, 2015;Perşembe, Eylül 17, 2015;First Class;RB-197051406;Roger Barcio;Home Office;10035;New York City;New York;United States;Eastern US;USCA;FUR-CH-5426;Furniture;Chairs;Office Star - Contemporary Task Swivel chair with Loop Arms, Charcoal;589,41;5;0,1;-6,549;125,19;High;September;2015;2021
31659;CA-2015-KW16435140-42273;Cumartesi, Eylül 26, 2015;Cuma, Ekim 02, 2015;Standard Class;KW-164351406;Katrina Willman;Consumer;10009;New York City;New York;United States;Eastern US;USCA;FUR-CH-4407;Furniture;Chairs;Global Ergonomic Managers Chair;488,646;3;0,1;86,8704;15,86;Medium;September;2015;2021
37123;CA-2015-KB16405140-42251;Cuma, Eylül 04, 2015;Pazartesi, Eylül 07, 2015;Second Class;KB-164051406;Katrina Bavinger;Home Office;10035;New York City;New York;United States;Eastern US;USCA;FUR-CH-5444;Furniture;Chairs;Office Star Flex Back Scooter Chair with Aluminum Finish Frame;90,801;1;0,1;14,1246;16,17;High;September;2015;2021
37124;CA-2015-KB16405140-42251;Cuma, Eylül 04, 2015;Pazartesi, Eylül 07, 2015;Second Class;KB-164051406;Katrina Bavinger;Home Office;10035;New York City;New York;United States;Eastern US;USCA;FUR-CH-4419;Furniture;Chairs;Global Low Back Tilter Chair;181,764;2;0,1;-8,0784;43,39;High;September;2015;2021
33245;CA-2015-AC10615140-42250;Perşembe, Eylül 03, 2015;Pazartesi, Eylül 07, 2015;Standard Class;AC-106151406;Ann Chong;Corporate;10009;New York City;New York;United States;Eastern US;USCA;FUR-TA-3619;Furniture;Tables;Bush Advantage Collection Racetrack Conference Table;254,526;1;0,4;-93,3262;43,54;High;September;2015;2021
33250;CA-2015-AC10615140-42250;Perşembe, Eylül 03, 2015;Pazartesi, Eylül 07, 2015;Standard Class;AC-106151406;Ann Chong;Corporate;10009;New York City;New York;United States;Eastern US;USCA;FUR-CH-4398;Furniture;Chairs;Global Commerce Series High-Back Swivel/Tilt Chairs;1282,41;5;0,1;213,735;206,87;High;September;2015;2021
39220;CA-2015-PP18955140-42272;Cuma, Eylül 25, 2015;Çarşamba, Eylül 30, 2015;Standard Class;PP-189551408;Paul Prost;Home Office;33021;Hollywood;Florida;United States;Southern US;USCA;OFF-BI-6406;Office Supplies;Binders;Wilson Jones International Size A4 Ring Binders;15,57;3;0,7;-11,418;2,02;Medium;September;2015;2021
37300;US-2015-DL12865140-42269;Salı, Eylül 22, 2015;Pazartesi, Eylül 28, 2015;Standard Class;DL-128651408;Dan Lawera;Consumer;33142;Miami;Florida;United States;Southern US;USCA;OFF-BI-3325;Office Supplies;Binders;"Avery Trapezoid Ring Binder, 3"" Capacity, Black, 1040 sheets";12,294;1;0,7;-8,6058;1,76;Medium;September;2015;2021
35381;CA-2015-Dp13240140-42255;Salı, Eylül 08, 2015;Perşembe, Eylül 10, 2015;First Class;Dp-132401404;Dean percer;Home Office;85023;Phoenix;Arizona;United States;Western US;USCA;OFF-BI-6407;Office Supplies;Binders;Wilson Jones Leather-Like Binders with DublLock Round Rings;7,857;3;0,7;-6,0237;2,01;High;September;2015;2021
35759;US-2015-DS13030140-42276;Salı, Eylül 29, 2015;Cuma, Ekim 02, 2015;First Class;DS-130301404;Darrin Sayre;Home Office;80013;Aurora;Colorado;United States;Western US;USCA;OFF-BI-4341;Office Supplies;Binders;GBC DocuBind P50 Personal Binding Machine;76,776;4;0,7;-58,8616;22,4;Medium;September;2015;2021
38270;CA-2015-AB10105140-42267;Pazar, Eylül 20, 2015;Cumartesi, Eylül 26, 2015;Standard Class;AB-101051404;Adrian Barton;Consumer;85023;Phoenix;Arizona;United States;Western US;USCA;OFF-BI-5614;Office Supplies;Binders;Plastic Binding Combs;18,18;4;0,7;-13,938;3,26;Low;September;2015;2021
40425;US-2015-AS10045140-42252;Cumartesi, Eylül 05, 2015;Pazar, Eylül 06, 2015;First Class;AS-100451404;Aaron Smayling;Corporate;97756;Redmond;Oregon;United States;Western US;USCA;OFF-BI-3324;Office Supplies;Binders;"Avery Trapezoid Extra Heavy Duty 4"" Binders";88,074;7;0,7;-58,716;23,88;High;September;2015;2021
37418;CA-2015-JR16210140-42267;Pazar, Eylül 20, 2015;Cumartesi, Eylül 26, 2015;Standard Class;JR-162101404;Justin Ritter;Corporate;97477;Springfield;Oregon;United States;Western US;USCA;FUR-BO-5522;Furniture;Bookcases;O'Sullivan 4-Shelf Bookcase in Odessa Pine;72,588;2;0,7;-128,2388;5;Medium;September;2015;2021
34472;US-2015-AP10915140-42271;Perşembe, Eylül 24, 2015;Çarşamba, Eylül 30, 2015;Standard Class;AP-109151404;Arthur Prichep;Consumer;80525;Fort Collins;Colorado;United States;Western US;USCA;FUR-BO-3177;Furniture;Bookcases;Atlantic Metals Mobile 5-Shelf Bookcases, Custom Colors;180,588;2;0,7;-240,784;23,96;Low;September;2015;2021
37155;US-2015-JK15730140-42251;Cuma, Eylül 04, 2015;Salı, Eylül 08, 2015;Second Class;JK-157301404;Joe Kamberova;Consumer;94521;Concord;California;United States;Western US;USCA;FUR-BO-3638;Furniture;Bookcases;Bush Heritage Pine Collection 5-Shelf Bookcase, Albany Pine Finish, *Special Order;239,666;2;0,15;14,098;6,46;Medium;September;2015;2021
34143;CA-2015-SN20560140-42258;Cuma, Eylül 11, 2015;Çarşamba, Eylül 16, 2015;Standard Class;SN-205601402;Skye Norling;Home Office;60653;Chicago;Illinois;United States;Central US;USCA;OFF-BI-4276;Office Supplies;Binders;Fellowes PB500 Electric Punch Plastic Comb Binding Machine with Manual Bind;762,594;3;0,8;-1143,891;61,63;Medium;September;2015;2021
36711;US-2015-LC16870140-42271;Perşembe, Eylül 24, 2015;Salı, Eylül 29, 2015;Standard Class;LC-168701402;Lena Cacioppo;Consumer;60653;Chicago;Illinois;United States;Central US;USCA;OFF-AP-4223;Office Supplies;Appliances;Euro Pro Shark Stick Mini Vacuum;73,176;6;0,8;-197,5752;7,83;Medium;September;2015;2021
38200;CA-2015-JS15595140-42250;Perşembe, Eylül 03, 2015;Çarşamba, Eylül 09, 2015;Standard Class;JS-155951402;Jill Stevenson;Corporate;60653;Chicago;Illinois;United States;Central US;USCA;OFF-AP-3367;Office Supplies;Appliances;Belkin 7-Outlet SurgeMaster Home Series;5,588;2;0,8;-15,0876;1,13;Medium;September;2015;2021
40649;CA-2015-RO19780140-42272;Cuma, Eylül 25, 2015;Pazar, Eylül 27, 2015;First Class;RO-197801402;Rose O'Brian;Consumer;60623;Chicago;Illinois;United States;Central US;USCA;FUR-CH-4489;Furniture;Chairs;GuestStacker Chair with Chrome Finish Legs;520,464;2;0,3;-14,8704;157,5;Critical;September;2015;2021
33010;US-2015-MM18055140-42256;Çarşamba, Eylül 09, 2015;Pazartesi, Eylül 14, 2015;Second Class;MM-180551402;Michelle Moray;Consumer;60610;Chicago;Illinois;United States;Central US;USCA;FUR-TA-3556;Furniture;Tables;BoxOffice By Design Rectangular and Half-Moon Meeting Room Tables;765,625;7;0,5;-566,5625;56,87;Medium;September;2015;2021
34809;CA-2015-HW14935140-42252;Cumartesi, Eylül 05, 2015;Pazartesi, Eylül 07, 2015;First Class;HW-149351402;Helen Wasserman;Corporate;60653;Chicago;Illinois;United States;Central US;USCA;FUR-BO-3623;Furniture;Bookcases;Bush Birmingham Collection Bookcase, Dark Cherry;825,174;9;0,3;-117,882;219,28;Critical;September;2015;2021
31833;US-2015-EP13915140-42251;Cuma, Eylül 04, 2015;Çarşamba, Eylül 09, 2015;Second Class;EP-139151402;Emily Phan;Consumer;60653;Chicago;Illinois;United States;Central US;USCA;OFF-BI-5636;Office Supplies;Binders;Premier Elliptical Ring Binder, Black;42,616;7;0,8;-68,1856;9,23;High;September;2015;2021
34508;US-2015-SH19975140-42270;Çarşamba, Eylül 23, 2015;Pazartesi, Eylül 28, 2015;Standard Class;SH-199751402;Sally Hughsby;Corporate;77581;Pearland;Texas;United States;Central US;USCA;OFF-BI-4885;Office Supplies;Binders;Insertable Tab Post Binder Dividers;11,228;7;0,8;-18,5262;1,3;High;September;2015;2021
37948;US-2015-BF11020140-42256;Çarşamba, Eylül 09, 2015;Cumartesi, Eylül 12, 2015;First Class;BF-110201402;Barry Französisch;Corporate;76017;Arlington;Texas;United States;Central US;USCA;FUR-FU-3909;Furniture;Furnishings;DAX Black Cherry Wood-Tone Poster Frame;21,184;2;0,6;-11,6512;5,25;High;September;2015;2021
37945;US-2015-BF11020140-42256;Çarşamba, Eylül 09, 2015;Cumartesi, Eylül 12, 2015;First Class;BF-110201402;Barry Französisch;Corporate;76017;Arlington;Texas;United States;Central US;USCA;OFF-BI-5636;Office Supplies;Binders;Premier Elliptical Ring Binder, Black;42,616;7;0,8;-68,1856;7,67;High;September;2015;2021
37950;US-2015-BF11020140-42256;Çarşamba, Eylül 09, 2015;Cumartesi, Eylül 12, 2015;First Class;BF-110201402;Barry Französisch;Corporate;76017;Arlington;Texas;United States;Central US;USCA;FUR-CH-4394;Furniture;Chairs;Global Armless Task Chair, Royal Blue;213,43;5;0,3;-39,637;32,79;High;September;2015;2021
37647;CA-2015-AG10900140-42251;Cuma, Eylül 04, 2015;Çarşamba, Eylül 09, 2015;Standard Class;AG-109001402;Arthur Gainer;Consumer;75217;Dallas;Texas;United States;Central US;USCA;FUR-FU-4025;Furniture;Furnishings;Eldon Advantage Foldable Chair Mats for Low Pile Carpets;108,4;5;0,6;-105,69;12,23;High;September;2015;2021
32283;CA-2015-AS10630140-42277;Çarşamba, Eylül 30, 2015;Salı, Ekim 06, 2015;Standard Class;AS-106301402;Ann Steele;Home Office;77506;Pasadena;Texas;United States;Central US;USCA;TEC-MA-6349;Technology;Machines;Wasp CCD Handheld Bar Code Reader;336,51;3;0,4;44,868;7,55;Medium;September;2015;2021
38747;CA-2015-SJ20125140-42265;Cuma, Eylül 18, 2015;Çarşamba, Eylül 23, 2015;Second Class;SJ-201251402;Sanjit Jacobs;Home Office;77036;Houston;Texas;United States;Central US;USCA;FUR-CH-4429;Furniture;Chairs;Global Wood Trimmed Manager's Task Chair, Khaki;318,43;5;0,3;-77,333;41,02;High;September;2015;2021
38790;US-2015-CC12475140-42259;Cumartesi, Eylül 12, 2015;Perşembe, Eylül 17, 2015;Standard Class;CC-124751402;Cindy Chapman;Consumer;77070;Houston;Texas;United States;Central US;USCA;FUR-TA-3427;Furniture;Tables;Bevis Round Conference Table Top & Single Column Base;512,19;5;0,3;-65,853;25,32;Medium;September;2015;2021
38748;CA-2015-SJ20125140-42265;Cuma, Eylül 18, 2015;Çarşamba, Eylül 23, 2015;Second Class;SJ-201251402;Sanjit Jacobs;Home Office;77036;Houston;Texas;United States;Central US;USCA;OFF-BI-6366;Office Supplies;Binders;Wilson Jones “Snap” Scratch Pad Binder Tool for Ring Binders;5,8;5;0,8;-10,15;1,69;High;September;2015;2021
38791;US-2015-CC12475140-42259;Cumartesi, Eylül 12, 2015;Perşembe, Eylül 17, 2015;Standard Class;CC-124751402;Cindy Chapman;Consumer;77070;Houston;Texas;United States;Central US;USCA;OFF-AP-3838;Office Supplies;Appliances;Commercial WindTunnel Clean Air Upright Vacuum, Replacement Belts, Filtration Bags;1,556;2;0,8;-4,2012;1,11;Medium;September;2015;2021
26883;IN-2015-AR103457-42267;Pazar, Eylül 20, 2015;Pazar, Eylül 27, 2015;Standard Class;AR-103457;Alex Russell;Corporate;;Sydney;New South Wales;Australia;Oceania;Asia Pacific;OFF-EN-4906;Office Supplies;Envelopes;Jiffy Clasp Envelope, Recycled;39,528;6;0,1;7,848;2,85;Medium;September;2015;2021
28943;IN-2015-CR128207-42270;Çarşamba, Eylül 23, 2015;Pazartesi, Eylül 28, 2015;Standard Class;CR-128207;Cyra Reiten;Home Office;;Sydney;New South Wales;Australia;Oceania;Asia Pacific;OFF-EN-5024;Office Supplies;Envelopes;Kraft Business Envelopes, Set of 50;35,964;2;0,1;11,184;3,15;Medium;September;2015;2021
26882;IN-2015-AR103457-42267;Pazar, Eylül 20, 2015;Pazar, Eylül 27, 2015;Standard Class;AR-103457;Alex Russell;Corporate;;Sydney;New South Wales;Australia;Oceania;Asia Pacific;OFF-EN-3099;Office Supplies;Envelopes;Ames Interoffice Envelope, with clear poly window;43,794;1;0,1;-2,436;3,93;Medium;September;2015;2021
26881;IN-2015-AR103457-42267;Pazar, Eylül 20, 2015;Pazar, Eylül 27, 2015;Standard Class;AR-103457;Alex Russell;Corporate;;Sydney;New South Wales;Australia;Oceania;Asia Pacific;OFF-ST-4251;Office Supplies;Storage;Fellowes Box, Industrial;54,432;3;0,1;10,242;4,47;Medium;September;2015;2021
26885;IN-2015-AR103457-42267;Pazar, Eylül 20, 2015;Pazar, Eylül 27, 2015;Standard Class;AR-103457;Alex Russell;Corporate;;Sydney;New South Wales;Australia;Oceania;Asia Pacific;OFF-FA-3045;Office Supplies;Fasteners;Advantus Paper Clips, Bulk Pack;75,978;6;0,1;6,678;6,56;Medium;September;2015;2021
26884;IN-2015-AR103457-42267;Pazar, Eylül 20, 2015;Pazar, Eylül 27, 2015;Standard Class;AR-103457;Alex Russell;Corporate;;Sydney;New South Wales;Australia;Oceania;Asia Pacific;FUR-CH-5753;Furniture;Chairs;SAFCO Bag Chairs, Set of Two;93,042;2;0,1;29,922;7,85;Medium;September;2015;2021
23884;ID-2015-DS131807-42251;Cuma, Eylül 04, 2015;Salı, Eylül 08, 2015;Standard Class;DS-131807;David Smith;Corporate;;Sydney;New South Wales;Australia;Oceania;Asia Pacific;FUR-BO-3896;Furniture;Bookcases;Dania Corner Shelving, Traditional;659,178;6;0,1;-0,162;20,7;Medium;September;2015;2021
23885;ID-2015-DS131807-42251;Cuma, Eylül 04, 2015;Salı, Eylül 08, 2015;Standard Class;DS-131807;David Smith;Corporate;;Sydney;New South Wales;Australia;Oceania;Asia Pacific;TEC-AC-3396;Technology;Accessories;Belkin Numeric Keypad, Bluetooth;259,875;5;0,1;95,175;22,49;Medium;September;2015;2021
21643;IN-2015-BW110657-42250;Perşembe, Eylül 03, 2015;Pazartesi, Eylül 07, 2015;Standard Class;BW-110657;Barry Weirich;Consumer;;Sydney;New South Wales;Australia;Oceania;Asia Pacific;TEC-PH-5350;Technology;Phones;Nokia Signal Booster, Cordless;501,66;4;0,1;50,1;27,93;Medium;September;2015;2021
23703;IN-2015-DW134807-42271;Perşembe, Eylül 24, 2015;Pazartesi, Eylül 28, 2015;Standard Class;DW-134807;Dianna Wilson;Home Office;;Sydney;New South Wales;Australia;Oceania;Asia Pacific;OFF-BI-6376;Office Supplies;Binders;Wilson Jones Binder Covers, Economy;30,213;3;0,1;10,053;3,47;High;September;2015;2021
23701;IN-2015-DW134807-42271;Perşembe, Eylül 24, 2015;Pazartesi, Eylül 28, 2015;Standard Class;DW-134807;Dianna Wilson;Home Office;;Sydney;New South Wales;Australia;Oceania;Asia Pacific;OFF-SU-6160;Office Supplies;Supplies;Stiletto Box Cutter, Easy Grip;135,324;4;0,1;29,964;9,29;High;September;2015;2021
23702;IN-2015-DW134807-42271;Perşembe, Eylül 24, 2015;Pazartesi, Eylül 28, 2015;Standard Class;DW-134807;Dianna Wilson;Home Office;;Sydney;New South Wales;Australia;Oceania;Asia Pacific;FUR-FU-4043;Furniture;Furnishings;Eldon Door Stop, Erganomic;87,804;2;0,1;13,644;12,39;High;September;2015;2021
27027;ID-2015-MC181007-42252;Cumartesi, Eylül 05, 2015;Perşembe, Eylül 10, 2015;Second Class;MC-181007;Mick Crebagga;Consumer;;Sydney;New South Wales;Australia;Oceania;Asia Pacific;OFF-BI-2917;Office Supplies;Binders;Acco Index Tab, Clear;21,708;3;0,1;6,228;1,13;Medium;September;2015;2021
28807;IN-2015-JD161507-42251;Cuma, Eylül 04, 2015;Pazartesi, Eylül 07, 2015;Second Class;JD-161507;Justin Deggeller;Corporate;;Sydney;New South Wales;Australia;Oceania;Asia Pacific;OFF-BI-4826;Office Supplies;Binders;Ibico Hole Reinforcements, Recycled;6,615;1;0,1;1,905;1,41;Critical;September;2015;2021
28810;IN-2015-JD161507-42251;Cuma, Eylül 04, 2015;Pazartesi, Eylül 07, 2015;Second Class;JD-161507;Justin Deggeller;Corporate;;Sydney;New South Wales;Australia;Oceania;Asia Pacific;OFF-FA-6201;Office Supplies;Fasteners;Stockwell Staples, 12 Pack;17,712;2;0,1;-0,408;3,45;Critical;September;2015;2021
28809;IN-2015-JD161507-42251;Cuma, Eylül 04, 2015;Pazartesi, Eylül 07, 2015;Second Class;JD-161507;Justin Deggeller;Corporate;;Sydney;New South Wales;Australia;Oceania;Asia Pacific;OFF-PA-4474;Office Supplies;Paper;Green Bar Message Books, 8.5 x 11;25,137;1;0,1;0,267;8;Critical;September;2015;2021
27518;IN-2015-AB101507-42259;Cumartesi, Eylül 12, 2015;Salı, Eylül 15, 2015;First Class;AB-101507;Aimee Bixby;Consumer;;Sydney;New South Wales;Australia;Oceania;Asia Pacific;TEC-MA-5000;Technology;Machines;Konica Calculator, White;90,072;2;0,1;11,952;11,51;High;September;2015;2021
28806;IN-2015-JD161507-42251;Cuma, Eylül 04, 2015;Pazartesi, Eylül 07, 2015;Second Class;JD-161507;Justin Deggeller;Corporate;;Sydney;New South Wales;Australia;Oceania;Asia Pacific;OFF-ST-4250;Office Supplies;Storage;Fellowes Box, Blue;53,136;3;0,1;22,986;15,28;Critical;September;2015;2021
27026;ID-2015-MC181007-42252;Cumartesi, Eylül 05, 2015;Perşembe, Eylül 10, 2015;Second Class;MC-181007;Mick Crebagga;Consumer;;Sydney;New South Wales;Australia;Oceania;Asia Pacific;TEC-MA-5572;Technology;Machines;Panasonic Printer, Red;949,104;4;0,1;-105,456;127,73;Medium;September;2015;2021
28808;IN-2015-JD161507-42251;Cuma, Eylül 04, 2015;Pazartesi, Eylül 07, 2015;Second Class;JD-161507;Justin Deggeller;Corporate;;Sydney;New South Wales;Australia;Oceania;Asia Pacific;FUR-CH-4532;Furniture;Chairs;Harbour Creations Executive Leather Armchair, Red;1284,822;3;0,1;199,782;183,28;Critical;September;2015;2021
22768;IN-2015-TS213707-42271;Perşembe, Eylül 24, 2015;Perşembe, Ekim 01, 2015;Standard Class;TS-213707;Todd Sumrall;Corporate;;Forster;New South Wales;Australia;Oceania;Asia Pacific;TEC-MA-5006;Technology;Machines;Konica Inkjet, Durable;280,665;1;0,1;106,005;15,92;Medium;September;2015;2021
30091;IN-2015-LD170057-42267;Pazar, Eylül 20, 2015;Salı, Eylül 22, 2015;First Class;LD-170057;Lisa DeCherney;Consumer;;Nowra;New South Wales;Australia;Oceania;Asia Pacific;TEC-AC-4154;Technology;Accessories;Enermax Flash Drive, USB;75,114;2;0,1;11,634;11,6;Medium;September;2015;2021
30092;IN-2015-LD170057-42267;Pazar, Eylül 20, 2015;Salı, Eylül 22, 2015;First Class;LD-170057;Lisa DeCherney;Consumer;;Nowra;New South Wales;Australia;Oceania;Asia Pacific;OFF-EN-4917;Office Supplies;Envelopes;Jiffy Mailers, with clear poly window;256,473;7;0,1;82,593;25,04;Medium;September;2015;2021
23420;ID-2015-KB163157-42249;Çarşamba, Eylül 02, 2015;Cumartesi, Eylül 05, 2015;First Class;KB-163157;Karl Braun;Consumer;;Albury;New South Wales;Australia;Oceania;Asia Pacific;OFF-FA-6195;Office Supplies;Fasteners;Stockwell Push Pins, Bulk Pack;116,397;9;0,1;24,327;13,7;High;September;2015;2021
23388;IN-2015-JP154607-42253;Pazar, Eylül 06, 2015;Salı, Eylül 08, 2015;First Class;JP-154607;Jennifer Patt;Corporate;;Lismore;New South Wales;Australia;Oceania;Asia Pacific;TEC-AC-4186;Technology;Accessories;Enermax Router, Erganomic;461,052;2;0,1;61,452;108,84;Critical;September;2015;2021
22526;IN-2015-PR188807-42260;Pazar, Eylül 13, 2015;Salı, Eylül 15, 2015;First Class;PR-188807;Patrick Ryan;Consumer;;Wollongong;New South Wales;Australia;Oceania;Asia Pacific;FUR-FU-4075;Furniture;Furnishings;Eldon Light Bulb, Duo Pack;159,138;7;0,1;52,878;27,06;High;September;2015;2021
28572;IN-2015-PB192107-42248;Salı, Eylül 01, 2015;Cuma, Eylül 04, 2015;First Class;PB-192107;Phillip Breyer;Corporate;;Wollongong;New South Wales;Australia;Oceania;Asia Pacific;OFF-AP-4738;Office Supplies;Appliances;Hoover Refrigerator, White;1887,84;4;0,1;0;241,89;Medium;September;2015;2021
20810;IN-2015-DB135557-42249;Çarşamba, Eylül 02, 2015;Pazartesi, Eylül 07, 2015;Standard Class;DB-135557;Dorothy Badders;Corporate;;Newcastle;New South Wales;Australia;Oceania;Asia Pacific;OFF-PA-4161;Office Supplies;Paper;Enermax Memo Slips, Premium;14,094;1;0,1;3,594;1,95;Medium;September;2015;2021
22951;IN-2015-CA119657-42270;Çarşamba, Eylül 23, 2015;Pazartesi, Eylül 28, 2015;Standard Class;CA-119657;Carol Adams;Corporate;;Newcastle;New South Wales;Australia;Oceania;Asia Pacific;OFF-ST-4105;Office Supplies;Storage;Eldon Trays, Blue;86,346;2;0,1;32,586;3,6;Medium;September;2015;2021
20809;IN-2015-DB135557-42249;Çarşamba, Eylül 02, 2015;Pazartesi, Eylül 07, 2015;Standard Class;DB-135557;Dorothy Badders;Corporate;;Newcastle;New South Wales;Australia;Oceania;Asia Pacific;FUR-CH-4531;Furniture;Chairs;Harbour Creations Executive Leather Armchair, Black;852,498;2;0,1;189,438;90,89;Medium;September;2015;2021
25424;IN-2015-CJ118757-42258;Cuma, Eylül 11, 2015;Çarşamba, Eylül 16, 2015;Standard Class;CJ-118757;Carl Jackson;Corporate;;Brisbane;Queensland;Australia;Oceania;Asia Pacific;OFF-AR-3453;Office Supplies;Art;BIC Highlighters, Fluorescent;72,684;4;0,1;2,364;7,59;Medium;September;2015;2021
25423;IN-2015-CJ118757-42258;Cuma, Eylül 11, 2015;Çarşamba, Eylül 16, 2015;Standard Class;CJ-118757;Carl Jackson;Corporate;;Brisbane;Queensland;Australia;Oceania;Asia Pacific;OFF-SU-4118;Office Supplies;Supplies;Elite Box Cutter, Serrated;170,586;6;0,1;64,386;12,76;Medium;September;2015;2021
26932;IN-2015-GB145307-42260;Pazar, Eylül 13, 2015;Cumartesi, Eylül 19, 2015;Standard Class;GB-145307;George Bell;Corporate;;Brisbane;Queensland;Australia;Oceania;Asia Pacific;TEC-CO-4593;Technology;Copiers;Hewlett Wireless Fax, Laser;4448,223;13;0,1;444,483;386,38;Medium;September;2015;2021
24325;IN-2015-JF154907-42259;Cumartesi, Eylül 12, 2015;Çarşamba, Eylül 16, 2015;Standard Class;JF-154907;Jeremy Farry;Consumer;;Brisbane;Queensland;Australia;Oceania;Asia Pacific;OFF-BI-3251;Office Supplies;Binders;Avery Binder, Clear;100,116;9;0,1;42,066;9,81;High;September;2015;2021
24537;IN-2015-SC200507-42258;Cuma, Eylül 11, 2015;Pazar, Eylül 13, 2015;First Class;SC-200507;Sample Company A;Home Office;;Brisbane;Queensland;Australia;Oceania;Asia Pacific;OFF-AR-3491;Office Supplies;Art;Binney & Smith Markers, Water Color;73,629;3;0,1;26,109;26,94;Critical;September;2015;2021
24327;IN-2015-JF154907-42259;Cumartesi, Eylül 12, 2015;Çarşamba, Eylül 16, 2015;Standard Class;JF-154907;Jeremy Farry;Consumer;;Brisbane;Queensland;Australia;Oceania;Asia Pacific;TEC-CO-3588;Technology;Copiers;Brother Copy Machine, High-Speed;472,122;2;0,1;162,582;27,74;High;September;2015;2021
24326;IN-2015-JF154907-42259;Cumartesi, Eylül 12, 2015;Çarşamba, Eylül 16, 2015;Standard Class;JF-154907;Jeremy Farry;Consumer;;Brisbane;Queensland;Australia;Oceania;Asia Pacific;TEC-CO-4776;Technology;Copiers;HP Fax Machine, Laser;1079,784;4;0,1;275,904;82,71;High;September;2015;2021
22760;IN-2015-MC178457-42272;Cuma, Eylül 25, 2015;Salı, Eylül 29, 2015;Standard Class;MC-178457;Michael Chen;Consumer;;Townsville;Queensland;Australia;Oceania;Asia Pacific;OFF-LA-4663;Office Supplies;Labels;Hon Legal Exhibit Labels, Adjustable;23,652;3;0,1;8,622;1,5;Medium;September;2015;2021
22759;IN-2015-MC178457-42272;Cuma, Eylül 25, 2015;Salı, Eylül 29, 2015;Standard Class;MC-178457;Michael Chen;Consumer;;Townsville;Queensland;Australia;Oceania;Asia Pacific;OFF-LA-4658;Office Supplies;Labels;Hon File Folder Labels, Adjustable;23,544;4;0,1;4,704;2,05;Medium;September;2015;2021
26830;IN-2015-AJ109457-42263;Çarşamba, Eylül 16, 2015;Pazar, Eylül 20, 2015;Standard Class;AJ-109457;Ashley Jarboe;Consumer;;Caloundra;Queensland;Australia;Oceania;Asia Pacific;OFF-EN-3111;Office Supplies;Envelopes;Ames Peel and Seal, with clear poly window;80,028;4;0,1;14,148;3,46;Medium;September;2015;2021
20345;IN-2015-NC186257-42264;Perşembe, Eylül 17, 2015;Perşembe, Eylül 17, 2015;Same Day;NC-186257;Noah Childs;Corporate;;Maryborough;Queensland;Australia;Oceania;Asia Pacific;OFF-PA-6600;Office Supplies;Paper;Xerox Cards & Envelopes, 8.5 x 11;88,398;2;0,1;24,498;5,95;Medium;September;2015;2021
20344;IN-2015-NC186257-42264;Perşembe, Eylül 17, 2015;Perşembe, Eylül 17, 2015;Same Day;NC-186257;Noah Childs;Corporate;;Maryborough;Queensland;Australia;Oceania;Asia Pacific;FUR-BO-3895;Furniture;Bookcases;Dania Corner Shelving, Pine;333,234;3;0,1;66,564;10,69;Medium;September;2015;2021
26027;ID-2015-JB159257-42273;Cumartesi, Eylül 26, 2015;Perşembe, Ekim 01, 2015;Standard Class;JB-159257;Joni Blumstein;Consumer;;Gold Coast;Queensland;Australia;Oceania;Asia Pacific;OFF-LA-3261;Office Supplies;Labels;Avery Color Coded Labels, Adjustable;20,142;2;0,1;3,522;1,2;Medium;September;2015;2021
23035;ID-2015-DG133007-42262;Salı, Eylül 15, 2015;Pazar, Eylül 20, 2015;Standard Class;DG-133007;Deirdre Greer;Corporate;;Gold Coast;Queensland;Australia;Oceania;Asia Pacific;OFF-FA-6191;Office Supplies;Fasteners;Stockwell Paper Clips, Metal;23,274;2;0,1;-1,326;1,77;Medium;September;2015;2021
29076;IN-2015-DP131057-42271;Perşembe, Eylül 24, 2015;Pazartesi, Eylül 28, 2015;Standard Class;DP-131057;Dave Poirier;Corporate;;Gold Coast;Queensland;Australia;Oceania;Asia Pacific;OFF-LA-3317;Office Supplies;Labels;Avery Round Labels, Laser Printer Compatible;12,852;2;0,1;3,852;2,03;High;September;2015;2021
26026;ID-2015-JB159257-42273;Cumartesi, Eylül 26, 2015;Perşembe, Ekim 01, 2015;Standard Class;JB-159257;Joni Blumstein;Consumer;;Gold Coast;Queensland;Australia;Oceania;Asia Pacific;TEC-AC-5874;Technology;Accessories;SanDisk Memory Card, Programmable;307,557;3;0,1;-34,173;12,48;Medium;September;2015;2021
29078;IN-2015-DP131057-42271;Perşembe, Eylül 24, 2015;Pazartesi, Eylül 28, 2015;Standard Class;DP-131057;Dave Poirier;Corporate;;Gold Coast;Queensland;Australia;Oceania;Asia Pacific;TEC-AC-5132;Technology;Accessories;Logitech Numeric Keypad, Programmable;215,19;5;0,1;18,99;34,81;High;September;2015;2021
29077;IN-2015-DP131057-42271;Perşembe, Eylül 24, 2015;Pazartesi, Eylül 28, 2015;Standard Class;DP-131057;Dave Poirier;Corporate;;Gold Coast;Queensland;Australia;Oceania;Asia Pacific;TEC-CO-6011;Technology;Copiers;Sharp Wireless Fax, High-Speed;637,416;2;0,1;127,476;81,29;High;September;2015;2021
29075;IN-2015-DP131057-42271;Perşembe, Eylül 24, 2015;Pazartesi, Eylül 28, 2015;Standard Class;DP-131057;Dave Poirier;Corporate;;Gold Coast;Queensland;Australia;Oceania;Asia Pacific;FUR-FU-4067;Furniture;Furnishings;Eldon Frame, Erganomic;620,298;6;0,1;20,538;100,81;High;September;2015;2021
30170;IN-2015-TT212207-42266;Cumartesi, Eylül 19, 2015;Perşembe, Eylül 24, 2015;Second Class;TT-212207;Thomas Thornton;Consumer;;Gold Coast;Queensland;Australia;Oceania;Asia Pacific;FUR-FU-3929;Furniture;Furnishings;Deflect-O Clock, Duo Pack;317,331;7;0,1;123,291;23,46;Medium;September;2015;2021
30169;IN-2015-TT212207-42266;Cumartesi, Eylül 19, 2015;Perşembe, Eylül 24, 2015;Second Class;TT-212207;Thomas Thornton;Consumer;;Gold Coast;Queensland;Australia;Oceania;Asia Pacific;OFF-ST-4282;Office Supplies;Storage;Fellowes Shelving, Blue;312,336;6;0,1;62,316;39,57;Medium;September;2015;2021
27584;IN-2015-SW202457-42251;Cuma, Eylül 04, 2015;Cumartesi, Eylül 05, 2015;First Class;SW-202457;Scot Wooten;Consumer;;Melbourne;Victoria;Australia;Oceania;Asia Pacific;OFF-BI-3739;Office Supplies;Binders;Cardinal Index Tab, Economy;23,652;3;0,1;6,822;2,51;High;September;2015;2021
27587;IN-2015-SW202457-42251;Cuma, Eylül 04, 2015;Cumartesi, Eylül 05, 2015;First Class;SW-202457;Scot Wooten;Consumer;;Melbourne;Victoria;Australia;Oceania;Asia Pacific;OFF-AP-3585;Office Supplies;Appliances;Breville Toaster, White;134,73;2;0,1;59,85;8,79;High;September;2015;2021
27585;IN-2015-SW202457-42251;Cuma, Eylül 04, 2015;Cumartesi, Eylül 05, 2015;First Class;SW-202457;Scot Wooten;Consumer;;Melbourne;Victoria;Australia;Oceania;Asia Pacific;OFF-SU-4136;Office Supplies;Supplies;Elite Trimmer, High Speed;112,509;3;0,1;17,469;27,61;High;September;2015;2021
20694;IN-2015-EH141257-42267;Pazar, Eylül 20, 2015;Çarşamba, Eylül 23, 2015;Second Class;EH-141257;Eugene Hildebrand;Home Office;;Melbourne;Victoria;Australia;Oceania;Asia Pacific;OFF-LA-4536;Office Supplies;Labels;Harbour Creations File Folder Labels, Laser Printer Compatible;15,714;2;0,1;4,314;1,27;High;September;2015;2021
27586;IN-2015-SW202457-42251;Cuma, Eylül 04, 2015;Cumartesi, Eylül 05, 2015;First Class;SW-202457;Scot Wooten;Consumer;;Melbourne;Victoria;Australia;Oceania;Asia Pacific;FUR-BO-3628;Furniture;Bookcases;Bush Corner Shelving, Metal;444,42;4;0,1;153,06;72,31;High;September;2015;2021
20557;IN-2015-CS121307-42266;Cumartesi, Eylül 19, 2015;Pazartesi, Eylül 21, 2015;Second Class;CS-121307;Chad Sievert;Consumer;;Melbourne;Victoria;Australia;Oceania;Asia Pacific;FUR-BO-5761;Furniture;Bookcases;Safco Classic Bookcase, Mobile;1586,412;4;0,1;17,532;307,98;High;September;2015;2021
23345;ID-2015-KT164657-42272;Cuma, Eylül 25, 2015;Perşembe, Ekim 01, 2015;Standard Class;KT-164657;Kean Takahito;Consumer;;Geelong;Victoria;Australia;Oceania;Asia Pacific;OFF-PA-6609;Office Supplies;Paper;Xerox Memo Slips, 8.5 x 11;31,806;2;0,1;-2,514;5,08;Low;September;2015;2021
23347;ID-2015-KT164657-42272;Cuma, Eylül 25, 2015;Perşembe, Ekim 01, 2015;Standard Class;KT-164657;Kean Takahito;Consumer;;Geelong;Victoria;Australia;Oceania;Asia Pacific;TEC-CO-4787;Technology;Copiers;HP Personal Copier, Laser;223,722;2;0,1;52,182;5,26;Low;September;2015;2021
23346;ID-2015-KT164657-42272;Cuma, Eylül 25, 2015;Perşembe, Ekim 01, 2015;Standard Class;KT-164657;Kean Takahito;Consumer;;Geelong;Victoria;Australia;Oceania;Asia Pacific;OFF-BI-4830;Office Supplies;Binders;Ibico Index Tab, Economy;46,845;5;0,1;18,645;5,58;Low;September;2015;2021
22031;IN-2015-LL168407-42252;Cumartesi, Eylül 05, 2015;Cuma, Eylül 11, 2015;Standard Class;LL-168407;Lauren Leatherbury;Consumer;;Geelong;Victoria;Australia;Oceania;Asia Pacific;FUR-BO-5761;Furniture;Bookcases;Safco Classic Bookcase, Mobile;793,206;2;0,1;8,766;72,96;Medium;September;2015;2021
21661;IN-2015-TC209807-42251;Cuma, Eylül 04, 2015;Perşembe, Eylül 10, 2015;Standard Class;TC-209807;Tamara Chand;Corporate;;Perth;Western Australia;Australia;Oceania;Asia Pacific;OFF-AR-3553;Office Supplies;Art;Boston Sketch Pad, Easy-Erase;351,864;8;0,1;46,824;13,13;Medium;September;2015;2021
21039;IN-2015-BE113357-42273;Cumartesi, Eylül 26, 2015;Salı, Eylül 29, 2015;Second Class;BE-113357;Bill Eplett;Home Office;;Albany;Western Australia;Australia;Oceania;Asia Pacific;OFF-EN-4453;Office Supplies;Envelopes;GlobeWeis Peel and Seal, Set of 50;38,502;2;0,1;7,242;4,48;Medium;September;2015;2021
21044;IN-2015-BE113357-42273;Cumartesi, Eylül 26, 2015;Salı, Eylül 29, 2015;Second Class;BE-113357;Bill Eplett;Home Office;;Albany;Western Australia;Australia;Oceania;Asia Pacific;OFF-AR-3539;Office Supplies;Art;Boston Markers, Fluorescent;49,734;2;0,1;18,774;7,01;Medium;September;2015;2021
21040;IN-2015-BE113357-42273;Cumartesi, Eylül 26, 2015;Salı, Eylül 29, 2015;Second Class;BE-113357;Bill Eplett;Home Office;;Albany;Western Australia;Australia;Oceania;Asia Pacific;OFF-PA-4149;Office Supplies;Paper;Enermax Computer Printout Paper, Premium;76,869;3;0,1;-6,921;7,16;Medium;September;2015;2021
21043;IN-2015-BE113357-42273;Cumartesi, Eylül 26, 2015;Salı, Eylül 29, 2015;Second Class;BE-113357;Bill Eplett;Home Office;;Albany;Western Australia;Australia;Oceania;Asia Pacific;TEC-MA-5570;Technology;Machines;Panasonic Phone, Wireless;152,712;2;0,1;-13,608;13,86;Medium;September;2015;2021
21042;IN-2015-BE113357-42273;Cumartesi, Eylül 26, 2015;Salı, Eylül 29, 2015;Second Class;BE-113357;Bill Eplett;Home Office;;Albany;Western Australia;Australia;Oceania;Asia Pacific;OFF-SU-4992;Office Supplies;Supplies;Kleencut Shears, Steel;540,189;13;0,1;53,859;41,48;Medium;September;2015;2021
21041;IN-2015-BE113357-42273;Cumartesi, Eylül 26, 2015;Salı, Eylül 29, 2015;Second Class;BE-113357;Bill Eplett;Home Office;;Albany;Western Australia;Australia;Oceania;Asia Pacific;FUR-CH-4683;Furniture;Chairs;Hon Rocking Chair, Red;587,79;5;0,1;189,39;63,4;Medium;September;2015;2021
27500;IN-2015-SS208757-42277;Çarşamba, Eylül 30, 2015;Pazar, Ekim 04, 2015;Standard Class;SS-208757;Sung Shariari;Consumer;;Devonport;Tasmania;Australia;Oceania;Asia Pacific;OFF-EN-3659;Office Supplies;Envelopes;Cameo Clasp Envelope, Set of 50;42,795;5;0,1;9,945;4,72;High;September;2015;2021
27501;IN-2015-SS208757-42277;Çarşamba, Eylül 30, 2015;Pazar, Ekim 04, 2015;Standard Class;SS-208757;Sung Shariari;Consumer;;Devonport;Tasmania;Australia;Oceania;Asia Pacific;OFF-PA-4482;Office Supplies;Paper;Green Bar Parchment Paper, Multicolor;65,124;4;0,1;15,804;9,61;High;September;2015;2021
23764;IN-2015-SR207407-42276;Salı, Eylül 29, 2015;Pazar, Ekim 04, 2015;Standard Class;SR-207407;Steven Roelle;Home Office;;Adelaide;South Australia;Australia;Oceania;Asia Pacific;FUR-BO-5786;Furniture;Bookcases;Safco Library with Doors, Mobile;1059,237;3;0,1;235,377;107,68;High;September;2015;2021
23763;IN-2015-SR207407-42276;Salı, Eylül 29, 2015;Pazar, Ekim 04, 2015;Standard Class;SR-207407;Steven Roelle;Home Office;;Adelaide;South Australia;Australia;Oceania;Asia Pacific;TEC-MA-5503;Technology;Machines;Okidata Inkjet, Wireless;848,07;3;0,1;310,95;116,27;High;September;2015;2021
23662;IN-2015-SW203507-42250;Perşembe, Eylül 03, 2015;Salı, Eylül 08, 2015;Standard Class;SW-203507;Sean Wendt;Home Office;;Mount Gambier;South Australia;Australia;Oceania;Asia Pacific;OFF-BI-3723;Office Supplies;Binders;Cardinal Binder, Recycled;25,542;2;0,1;4,242;1,6;Medium;September;2015;2021
23661;IN-2015-SW203507-42250;Perşembe, Eylül 03, 2015;Salı, Eylül 08, 2015;Standard Class;SW-203507;Sean Wendt;Home Office;;Mount Gambier;South Australia;Australia;Oceania;Asia Pacific;FUR-BO-5771;Furniture;Bookcases;Safco Corner Shelving, Traditional;269,028;2;0,1;83,688;32,43;Medium;September;2015;2021
25564;IN-2015-KB162407-42273;Cumartesi, Eylül 26, 2015;Çarşamba, Eylül 30, 2015;Second Class;KB-162407;Karen Bern;Corporate;;Canberra;Australian Capital Territory;Australia;Oceania;Asia Pacific;FUR-CH-5757;Furniture;Chairs;SAFCO Chairmat, Black;34,434;1;0,4;-13,206;1,52;Medium;September;2015;2021
21423;ID-2015-MG176957-42264;Perşembe, Eylül 17, 2015;Salı, Eylül 22, 2015;Standard Class;MG-176957;Maureen Gnade;Consumer;;Canberra;Australian Capital Territory;Australia;Oceania;Asia Pacific;FUR-CH-4627;Furniture;Chairs;Hon Bag Chairs, Black;51,264;2;0,4;-33,336;2,2;High;September;2015;2021
25563;IN-2015-KB162407-42273;Cumartesi, Eylül 26, 2015;Çarşamba, Eylül 30, 2015;Second Class;KB-162407;Karen Bern;Corporate;;Canberra;Australian Capital Territory;Australia;Oceania;Asia Pacific;TEC-PH-5261;Technology;Phones;Motorola Office Telephone, VoIP;129,33;3;0,4;8,55;4,06;Medium;September;2015;2021
25565;IN-2015-KB162407-42273;Cumartesi, Eylül 26, 2015;Çarşamba, Eylül 30, 2015;Second Class;KB-162407;Karen Bern;Corporate;;Canberra;Australian Capital Territory;Australia;Oceania;Asia Pacific;OFF-AR-3448;Office Supplies;Art;BIC Canvas, Easy-Erase;64,764;2;0,4;-14,076;5,34;Medium;September;2015;2021
21425;ID-2015-MG176957-42264;Perşembe, Eylül 17, 2015;Salı, Eylül 22, 2015;Standard Class;MG-176957;Maureen Gnade;Consumer;;Canberra;Australian Capital Territory;Australia;Oceania;Asia Pacific;FUR-BO-4847;Furniture;Bookcases;Ikea 3-Shelf Cabinet, Traditional;85,464;1;0,4;2,844;13,12;High;September;2015;2021
21424;ID-2015-MG176957-42264;Perşembe, Eylül 17, 2015;Salı, Eylül 22, 2015;Standard Class;MG-176957;Maureen Gnade;Consumer;;Canberra;Australian Capital Territory;Australia;Oceania;Asia Pacific;TEC-CO-3599;Technology;Copiers;Brother Ink, Color;267,732;3;0,4;-156,258;34,73;High;September;2015;2021
23865;ID-2015-RD199307-42269;Salı, Eylül 22, 2015;Pazartesi, Eylül 28, 2015;Standard Class;RD-199307;Russell D'Ascenzo;Consumer;;Hobart;Tasmania;Australia;Oceania;Asia Pacific;OFF-FA-5471;Office Supplies;Fasteners;OIC Push Pins, 12 Pack;43,02;5;0,4;7,17;1,32;Medium;September;2015;2021
23520;IN-2015-BG110357-42250;Perşembe, Eylül 03, 2015;Cumartesi, Eylül 05, 2015;Second Class;BG-110357;Barry Gonzalez;Consumer;;Hobart;Tasmania;Australia;Oceania;Asia Pacific;OFF-SU-4317;Office Supplies;Supplies;Fiskars Scissors, Serrated;23,832;2;0,4;-0,828;2,11;High;September;2015;2021
23864;ID-2015-RD199307-42269;Salı, Eylül 22, 2015;Pazartesi, Eylül 28, 2015;Standard Class;RD-199307;Russell D'Ascenzo;Consumer;;Hobart;Tasmania;Australia;Oceania;Asia Pacific;OFF-LA-4526;Office Supplies;Labels;Harbour Creations Color Coded Labels, 5000 Label Set;23,922;3;0,4;-13,608;2,22;Medium;September;2015;2021
23519;IN-2015-BG110357-42250;Perşembe, Eylül 03, 2015;Cumartesi, Eylül 05, 2015;Second Class;BG-110357;Barry Gonzalez;Consumer;;Hobart;Tasmania;Australia;Oceania;Asia Pacific;OFF-SU-4135;Office Supplies;Supplies;Elite Trimmer, Easy Grip;181,818;7;0,4;-27,342;21,26;High;September;2015;2021
21198;ID-2015-EM1396059-42253;Pazar, Eylül 06, 2015;Cuma, Eylül 11, 2015;Second Class;EM-1396059;Eric Murdock;Consumer;;Jakarta;Jakarta;Indonesia;Southeastern Asia;Asia Pacific;OFF-FA-5481;Office Supplies;Fasteners;OIC Staples, Assorted Sizes;18,6348;4;0,47;-15,9252;3,33;High;September;2015;2021
29591;IN-2015-BF1102059-42257;Perşembe, Eylül 10, 2015;Perşembe, Eylül 17, 2015;Standard Class;BF-1102059;Barry Französisch;Corporate;;Jakarta;Jakarta;Indonesia;Southeastern Asia;Asia Pacific;TEC-CO-3703;Technology;Copiers;Canon Personal Copier, Color;268,1748;2;0,07;17,2548;20,16;Low;September;2015;2021
22062;IN-2015-EA1403559-42276;Salı, Eylül 29, 2015;Cumartesi, Ekim 03, 2015;Standard Class;EA-1403559;Erin Ashbrook;Corporate;;Bandung;Jawa Barat;Indonesia;Southeastern Asia;Asia Pacific;FUR-FU-5718;Furniture;Furnishings;Rubbermaid Clock, Black;36,6168;1;0,27;3,4968;6,55;High;September;2015;2021
27723;IN-2015-TS2143059-42264;Perşembe, Eylül 17, 2015;Pazartesi, Eylül 21, 2015;Standard Class;TS-2143059;Tom Stivers;Corporate;;Bandung;Jawa Barat;Indonesia;Southeastern Asia;Asia Pacific;FUR-FU-6237;Furniture;Furnishings;Tenex Clock, Duo Pack;146,9052;4;0,27;24,1452;11,14;Medium;September;2015;2021
25555;IN-2015-RD1966059-42276;Salı, Eylül 29, 2015;Cumartesi, Ekim 03, 2015;Standard Class;RD-1966059;Robert Dilbeck;Home Office;;Bandung;Jawa Barat;Indonesia;Southeastern Asia;Asia Pacific;OFF-BI-3254;Office Supplies;Binders;Avery Binder, Recycled;99,0522;9;0,17;6,9822;15,58;High;September;2015;2021
25707;ID-2015-LC1705059-42262;Salı, Eylül 15, 2015;Perşembe, Eylül 17, 2015;Second Class;LC-1705059;Liz Carlisle;Consumer;;Bandung;Jawa Barat;Indonesia;Southeastern Asia;Asia Pacific;FUR-CH-4546;Furniture;Chairs;Harbour Creations Rocking Chair, Red;214,7514;2;0,27;-2,9886;34,09;High;September;2015;2021
26595;ID-2015-EC1405059-42258;Cuma, Eylül 11, 2015;Pazartesi, Eylül 14, 2015;First Class;EC-1405059;Erin Creighton;Consumer;;Bekasi;Jawa Barat;Indonesia;Southeastern Asia;Asia Pacific;OFF-FA-2952;Office Supplies;Fasteners;Accos Rubber Bands, Assorted Sizes;22,4667;3;0,47;-12,7233;3,5;Medium;September;2015;2021
26594;ID-2015-EC1405059-42258;Cuma, Eylül 11, 2015;Pazartesi, Eylül 14, 2015;First Class;EC-1405059;Erin Creighton;Consumer;;Bekasi;Jawa Barat;Indonesia;Southeastern Asia;Asia Pacific;OFF-AR-3463;Office Supplies;Art;BIC Pencil Sharpener, Water Color;46,9974;2;0,27;-14,2026;9,51;Medium;September;2015;2021
24893;IN-2015-RH1949559-42257;Perşembe, Eylül 10, 2015;Salı, Eylül 15, 2015;Standard Class;RH-1949559;Rick Hansen;Consumer;;Surabaya;Jawa Timur;Indonesia;Southeastern Asia;Asia Pacific;OFF-BI-6397;Office Supplies;Binders;Wilson Jones Hole Reinforcements, Clear;9,9351;3;0,17;1,2951;1,39;Medium;September;2015;2021
21627;ID-2015-Dl1360059-42258;Cuma, Eylül 11, 2015;Salı, Eylül 15, 2015;Standard Class;Dl-1360059;Dorris liebe;Corporate;;Surabaya;Jawa Timur;Indonesia;Southeastern Asia;Asia Pacific;OFF-FA-3046;Office Supplies;Fasteners;Advantus Paper Clips, Metal;21,2742;3;0,47;-3,2958;1,43;Medium;September;2015;2021
24894;IN-2015-RH1949559-42257;Perşembe, Eylül 10, 2015;Salı, Eylül 15, 2015;Standard Class;RH-1949559;Rick Hansen;Consumer;;Surabaya;Jawa Timur;Indonesia;Southeastern Asia;Asia Pacific;OFF-BI-3254;Office Supplies;Binders;Avery Binder, Recycled;22,0116;2;0,17;1,5516;1,84;Medium;September;2015;2021
29472;IN-2015-MN1793559-42260;Pazar, Eylül 13, 2015;Cumartesi, Eylül 19, 2015;Standard Class;MN-1793559;Michael Nguyen;Consumer;;Surabaya;Jawa Timur;Indonesia;Southeastern Asia;Asia Pacific;OFF-EN-3101;Office Supplies;Envelopes;Ames Mailers, Security-Tint;101,3625;5;0,47;1,9125;3,92;Medium;September;2015;2021
21628;ID-2015-Dl1360059-42258;Cuma, Eylül 11, 2015;Salı, Eylül 15, 2015;Standard Class;Dl-1360059;Dorris liebe;Corporate;;Surabaya;Jawa Timur;Indonesia;Southeastern Asia;Asia Pacific;OFF-SU-4318;Office Supplies;Supplies;Fiskars Scissors, Steel;83,6976;7;0,47;-20,6724;5,3;Medium;September;2015;2021
27098;IN-2015-MP1817559-42269;Salı, Eylül 22, 2015;Pazar, Eylül 27, 2015;Standard Class;MP-1817559;Mike Pelletier;Home Office;;Medan;Sumatera Utara;Indonesia;Southeastern Asia;Asia Pacific;OFF-BI-3723;Office Supplies;Binders;Cardinal Binder, Recycled;23,5554;2;0,17;2,2554;1,26;Medium;September;2015;2021
22200;ID-2015-FH1436559-42270;Çarşamba, Eylül 23, 2015;Cuma, Eylül 25, 2015;First Class;FH-1436559;Fred Hopkins;Corporate;;Semarang;Jawa Tengah;Indonesia;Southeastern Asia;Asia Pacific;OFF-LA-6051;Office Supplies;Labels;Smead Removable Labels, Adjustable;8,904;2;0,47;-4,236;2,62;Critical;September;2015;2021
21699;ID-2015-SC2030559-42256;Çarşamba, Eylül 09, 2015;Cuma, Eylül 11, 2015;Second Class;SC-2030559;Sean Christensen;Consumer;;Purwokerto;Jawa Tengah;Indonesia;Southeastern Asia;Asia Pacific;OFF-LA-6050;Office Supplies;Labels;Smead Removable Labels, 5000 Label Set;22,26;4;0,47;-1,74;3,57;High;September;2015;2021
22201;ID-2015-FH1436559-42270;Çarşamba, Eylül 23, 2015;Cuma, Eylül 25, 2015;First Class;FH-1436559;Fred Hopkins;Corporate;;Semarang;Jawa Tengah;Indonesia;Southeastern Asia;Asia Pacific;FUR-BO-5777;Furniture;Bookcases;Safco Floating Shelf Set, Metal;364,932;2;0,07;51,012;32,21;Critical;September;2015;2021
21700;ID-2015-SC2030559-42256;Çarşamba, Eylül 09, 2015;Cuma, Eylül 11, 2015;Second Class;SC-2030559;Sean Christensen;Consumer;;Purwokerto;Jawa Tengah;Indonesia;Southeastern Asia;Asia Pacific;TEC-CO-4785;Technology;Copiers;HP Personal Copier, Digital;230,5098;2;0,07;9,8898;45,43;High;September;2015;2021
28482;ID-2015-KD1627059-42273;Cumartesi, Eylül 26, 2015;Cuma, Ekim 02, 2015;Standard Class;KD-1627059;Karen Daniels;Consumer;;Depok;Yogyakarta;Indonesia;Southeastern Asia;Asia Pacific;OFF-LA-6029;Office Supplies;Labels;Smead Color Coded Labels, Alphabetical;75,0321;11;0,47;-26,9379;5,07;Medium;September;2015;2021
28483;ID-2015-KD1627059-42273;Cumartesi, Eylül 26, 2015;Cuma, Ekim 02, 2015;Standard Class;KD-1627059;Karen Daniels;Consumer;;Depok;Yogyakarta;Indonesia;Southeastern Asia;Asia Pacific;FUR-BO-4848;Furniture;Bookcases;Ikea Classic Bookcase, Metal;382,4253;1;0,07;32,8953;35,24;Medium;September;2015;2021
29012;ID-2015-JF15295130-42262;Salı, Eylül 15, 2015;Pazar, Eylül 20, 2015;Standard Class;JF-15295130;Jason Fortune-;Consumer;;Bangkok;Bangkok;Thailand;Southeastern Asia;Asia Pacific;OFF-ST-4251;Office Supplies;Storage;Fellowes Box, Industrial;85,4784;8;0,47;-32,3616;3,54;Medium;September;2015;2021
28275;ID-2015-EM14200130-42250;Perşembe, Eylül 03, 2015;Cuma, Eylül 04, 2015;First Class;EM-14200130;Evan Minnotte;Home Office;;Bangkok;Bangkok;Thailand;Southeastern Asia;Asia Pacific;OFF-SU-2996;Office Supplies;Supplies;Acme Shears, Steel;78,4188;3;0,47;-35,5212;14,34;Medium;September;2015;2021
27940;ID-2015-CG12520130-42273;Cumartesi, Eylül 26, 2015;Perşembe, Ekim 01, 2015;Standard Class;CG-12520130;Claire Gute;Consumer;;Bangkok;Bangkok;Thailand;Southeastern Asia;Asia Pacific;OFF-LA-4688;Office Supplies;Labels;Hon Round Labels, Laser Printer Compatible;42,3576;12;0,47;-23,5224;4,55;High;September;2015;2021
27941;ID-2015-CG12520130-42273;Cumartesi, Eylül 26, 2015;Perşembe, Ekim 01, 2015;Standard Class;CG-12520130;Claire Gute;Consumer;;Bangkok;Bangkok;Thailand;Southeastern Asia;Asia Pacific;OFF-BI-4803;Office Supplies;Binders;Ibico 3-Hole Punch, Clear;99,3012;4;0,17;16,7412;13,74;High;September;2015;2021
29011;ID-2015-JF15295130-42262;Salı, Eylül 15, 2015;Pazar, Eylül 20, 2015;Standard Class;JF-15295130;Jason Fortune-;Consumer;;Bangkok;Bangkok;Thailand;Southeastern Asia;Asia Pacific;FUR-FU-6241;Furniture;Furnishings;Tenex Door Stop, Black;160,1985;5;0,27;-43,9515;3,34;Medium;September;2015;2021
28274;ID-2015-EM14200130-42250;Perşembe, Eylül 03, 2015;Cuma, Eylül 04, 2015;First Class;EM-14200130;Evan Minnotte;Home Office;;Bangkok;Bangkok;Thailand;Southeastern Asia;Asia Pacific;FUR-FU-4064;Furniture;Furnishings;Eldon Frame, Black;169,725;2;0,27;-44,175;10,32;Medium;September;2015;2021
26965;ID-2015-DD13570102-42259;Cumartesi, Eylül 12, 2015;Cuma, Eylül 18, 2015;Standard Class;DD-13570102;Dorothy Dickinson;Consumer;;San Jose del Monte;Central Luzon;Philippines;Southeastern Asia;Asia Pacific;OFF-LA-3297;Office Supplies;Labels;Avery Legal Exhibit Labels, 5000 Label Set;58,0635;9;0,45;-2,1465;5,02;Medium;September;2015;2021
23461;IN-2015-LW17215102-42262;Salı, Eylül 15, 2015;Pazar, Eylül 20, 2015;Second Class;LW-17215102;Luke Weiss;Consumer;;Baguio City;Cordillera;Philippines;Southeastern Asia;Asia Pacific;FUR-FU-4101;Furniture;Furnishings;Eldon Stacking Tray, Black;47,25;2;0,25;11,31;6,28;Medium;September;2015;2021
26966;ID-2015-DD13570102-42259;Cumartesi, Eylül 12, 2015;Cuma, Eylül 18, 2015;Standard Class;DD-13570102;Dorothy Dickinson;Consumer;;San Jose del Monte;Central Luzon;Philippines;Southeastern Asia;Asia Pacific;FUR-CH-4697;Furniture;Chairs;Hon Steel Folding Chair, Adjustable;440,5275;7;0,25;140,8575;38,09;Medium;September;2015;2021
29330;IN-2015-TB21250144-42276;Salı, Eylül 29, 2015;Pazar, Ekim 04, 2015;Standard Class;TB-21250144;Tim Brockman;Consumer;;Hanoi;Thủ Dô Hà Nội;Vietnam;Southeastern Asia;Asia Pacific;TEC-PH-5271;Technology;Phones;Motorola Speaker Phone, Full Size;108,7881;1;0,17;14,4081;8,33;Medium;September;2015;2021
23616;IN-2015-MC1784588-42269;Salı, Eylül 22, 2015;Pazar, Eylül 27, 2015;Standard Class;MC-1784588;Michael Chen;Consumer;;Yangon;Yangon;Myanmar (Burma);Southeastern Asia;Asia Pacific;OFF-PA-3990;Office Supplies;Paper;Eaton Computer Printout Paper, 8.5 x 11;50,9454;2;0,17;11,0454;3,96;Medium;September;2015;2021
23620;IN-2015-MC1784588-42269;Salı, Eylül 22, 2015;Pazar, Eylül 27, 2015;Standard Class;MC-1784588;Michael Chen;Consumer;;Yangon;Yangon;Myanmar (Burma);Southeastern Asia;Asia Pacific;TEC-AC-5196;Technology;Accessories;Memorex Flash Drive, USB;31,3866;2;0,47;-4,1934;2,07;Medium;September;2015;2021
23617;IN-2015-MC1784588-42269;Salı, Eylül 22, 2015;Pazar, Eylül 27, 2015;Standard Class;MC-1784588;Michael Chen;Consumer;;Yangon;Yangon;Myanmar (Burma);Southeastern Asia;Asia Pacific;FUR-CH-5368;Furniture;Chairs;Novimex Bag Chairs, Red;100,6524;3;0,27;-26,2476;5,87;Medium;September;2015;2021
23618;IN-2015-MC1784588-42269;Salı, Eylül 22, 2015;Pazar, Eylül 27, 2015;Standard Class;MC-1784588;Michael Chen;Consumer;;Yangon;Yangon;Myanmar (Burma);Southeastern Asia;Asia Pacific;FUR-BO-3625;Furniture;Bookcases;Bush Classic Bookcase, Mobile;784,728;3;0,37;62,208;29,59;Medium;September;2015;2021
25860;IN-2015-NH1861088-42262;Salı, Eylül 15, 2015;Perşembe, Eylül 17, 2015;First Class;NH-1861088;Nicole Hansen;Corporate;;Yangon;Yangon;Myanmar (Burma);Southeastern Asia;Asia Pacific;FUR-TA-5063;Furniture;Tables;Lesro Round Table, Fully Assembled;389,9928;2;0,57;-72,6072;37,09;High;September;2015;2021
23619;IN-2015-MC1784588-42269;Salı, Eylül 22, 2015;Pazar, Eylül 27, 2015;Standard Class;MC-1784588;Michael Chen;Consumer;;Yangon;Yangon;Myanmar (Burma);Southeastern Asia;Asia Pacific;FUR-CH-4654;Furniture;Chairs;Hon Executive Leather Armchair, Adjustable;671,0598;2;0,27;-73,6002;39,25;Medium;September;2015;2021
25859;IN-2015-NH1861088-42262;Salı, Eylül 15, 2015;Perşembe, Eylül 17, 2015;First Class;NH-1861088;Nicole Hansen;Corporate;;Yangon;Yangon;Myanmar (Burma);Southeastern Asia;Asia Pacific;FUR-CH-5436;Furniture;Chairs;Office Star Bag Chairs, Set of Two;210,5685;5;0,27;54,7185;42,25;High;September;2015;2021
20932;IN-2015-TS21430102-42274;Pazar, Eylül 27, 2015;Pazar, Ekim 04, 2015;Standard Class;TS-21430102;Tom Stivers;Corporate;;Manila;National Capital;Philippines;Southeastern Asia;Asia Pacific;OFF-AR-3481;Office Supplies;Art;Binney & Smith Highlighters, Blue;27,3735;3;0,45;-19,4265;1,72;Medium;September;2015;2021
22552;ID-2015-BB10990102-42273;Cumartesi, Eylül 26, 2015;Cuma, Ekim 02, 2015;Standard Class;BB-10990102;Barry Blumstein;Corporate;;Manila;National Capital;Philippines;Southeastern Asia;Asia Pacific;OFF-LA-4679;Office Supplies;Labels;Hon Removable Labels, Adjustable;23,43;4;0,45;-8,97;1,91;Medium;September;2015;2021
20928;IN-2015-TS21430102-42274;Pazar, Eylül 27, 2015;Pazar, Ekim 04, 2015;Standard Class;TS-21430102;Tom Stivers;Corporate;;Manila;National Capital;Philippines;Southeastern Asia;Asia Pacific;OFF-SU-4123;Office Supplies;Supplies;Elite Ruler, Easy Grip;33,924;4;0,45;-12,996;1,95;Medium;September;2015;2021
28066;IN-2015-VB21745102-42268;Pazartesi, Eylül 21, 2015;Cumartesi, Eylül 26, 2015;Standard Class;VB-21745102;Victoria Brennan;Corporate;;Manila;National Capital;Philippines;Southeastern Asia;Asia Pacific;OFF-AR-5921;Office Supplies;Art;Sanford Pencil Sharpener, Easy-Erase;29,799;2;0,45;2,679;1,99;Medium;September;2015;2021
26256;ID-2015-CS11950102-42248;Salı, Eylül 01, 2015;Cumartesi, Eylül 05, 2015;Standard Class;CS-11950102;Carlos Soltero;Consumer;;Manila;National Capital;Philippines;Southeastern Asia;Asia Pacific;OFF-AR-6119;Office Supplies;Art;Stanley Pencil Sharpener, Fluorescent;27,258;2;0,45;-8,442;2,33;Medium;September;2015;2021
20930;IN-2015-TS21430102-42274;Pazar, Eylül 27, 2015;Pazar, Ekim 04, 2015;Standard Class;TS-21430102;Tom Stivers;Corporate;;Manila;National Capital;Philippines;Southeastern Asia;Asia Pacific;OFF-SU-4129;Office Supplies;Supplies;Elite Scissors, Serrated;52,8825;5;0,45;-2,9175;2,58;Medium;September;2015;2021
20931;IN-2015-TS21430102-42274;Pazar, Eylül 27, 2015;Pazar, Ekim 04, 2015;Standard Class;TS-21430102;Tom Stivers;Corporate;;Manila;National Capital;Philippines;Southeastern Asia;Asia Pacific;OFF-AR-5917;Office Supplies;Art;Sanford Markers, Blue;38,3625;3;0,45;-18,8775;2,77;Medium;September;2015;2021
20929;IN-2015-TS21430102-42274;Pazar, Eylül 27, 2015;Pazar, Ekim 04, 2015;Standard Class;TS-21430102;Tom Stivers;Corporate;;Manila;National Capital;Philippines;Southeastern Asia;Asia Pacific;OFF-EN-3103;Office Supplies;Envelopes;Ames Mailers, with clear poly window;43,329;2;0,45;-18,171;4,14;Medium;September;2015;2021
26257;ID-2015-CS11950102-42248;Salı, Eylül 01, 2015;Cumartesi, Eylül 05, 2015;Standard Class;CS-11950102;Carlos Soltero;Consumer;;Manila;National Capital;Philippines;Southeastern Asia;Asia Pacific;OFF-ST-4081;Office Supplies;Storage;Eldon Lockers, Wire Frame;650,034;6;0,45;-23,706;31,76;Medium;September;2015;2021
22825;ID-2015-MP17965102-42262;Salı, Eylül 15, 2015;Pazar, Eylül 20, 2015;Standard Class;MP-17965102;Michael Paige;Corporate;;Manila;National Capital;Philippines;Southeastern Asia;Asia Pacific;OFF-EN-3105;Office Supplies;Envelopes;Ames Manila Envelope, Security-Tint;29,799;2;0,45;-0,021;3,2;High;September;2015;2021
28234;ID-2015-DH13675102-42277;Çarşamba, Eylül 30, 2015;Pazar, Ekim 04, 2015;Second Class;DH-13675102;Duane Huffman;Home Office;;Manila;National Capital;Philippines;Southeastern Asia;Asia Pacific;OFF-FA-2947;Office Supplies;Fasteners;Accos Push Pins, 12 Pack;7,6725;1;0,45;0,1125;1,52;High;September;2015;2021
28832;ID-2015-TT21070102-42277;Çarşamba, Eylül 30, 2015;Pazar, Ekim 04, 2015;Second Class;TT-21070102;Ted Trevino;Consumer;;Manila;National Capital;Philippines;Southeastern Asia;Asia Pacific;OFF-PA-3991;Office Supplies;Paper;Eaton Computer Printout Paper, Multicolor;30,756;2;0,45;-4,524;3,49;High;September;2015;2021
29279;ID-2015-KM16720102-42255;Salı, Eylül 08, 2015;Cuma, Eylül 11, 2015;First Class;KM-16720102;Kunst Miller;Consumer;;Manila;National Capital;Philippines;Southeastern Asia;Asia Pacific;OFF-AR-5903;Office Supplies;Art;Sanford Canvas, Easy-Erase;111,738;4;0,45;-30,582;14,29;Medium;September;2015;2021
29276;ID-2015-KM16720102-42255;Salı, Eylül 08, 2015;Cuma, Eylül 11, 2015;First Class;KM-16720102;Kunst Miller;Consumer;;Manila;National Capital;Philippines;Southeastern Asia;Asia Pacific;TEC-AC-5202;Technology;Accessories;Memorex Keyboard, USB;157,41;4;0,45;-108,87;25,36;Medium;September;2015;2021
20927;IN-2015-TS21430102-42274;Pazar, Eylül 27, 2015;Pazar, Ekim 04, 2015;Standard Class;TS-21430102;Tom Stivers;Corporate;;Manila;National Capital;Philippines;Southeastern Asia;Asia Pacific;FUR-FU-3039;Furniture;Furnishings;Advantus Light Bulb, Erganomic;28,035;2;0,25;5,175;1,67;Medium;September;2015;2021
27224;ID-2015-RE19405102-42252;Cumartesi, Eylül 05, 2015;Perşembe, Eylül 10, 2015;Standard Class;RE-19405102;Ricardo Emerson;Consumer;;Manila;National Capital;Philippines;Southeastern Asia;Asia Pacific;TEC-PH-5347;Technology;Phones;Nokia Office Telephone, Full Size;149,445;3;0,25;-41,895;8,21;Medium;September;2015;2021
22346;IN-2015-CA11965102-42256;Çarşamba, Eylül 09, 2015;Pazartesi, Eylül 14, 2015;Standard Class;CA-11965102;Carol Adams;Corporate;;Manila;National Capital;Philippines;Southeastern Asia;Asia Pacific;TEC-MA-4194;Technology;Machines;Epson Card Printer, Red;626,625;5;0,25;91,875;54,85;Medium;September;2015;2021
28233;ID-2015-DH13675102-42277;Çarşamba, Eylül 30, 2015;Pazar, Ekim 04, 2015;Second Class;DH-13675102;Duane Huffman;Home Office;;Manila;National Capital;Philippines;Southeastern Asia;Asia Pacific;FUR-FU-5733;Furniture;Furnishings;Rubbermaid Light Bulb, Durable;35,7075;3;0,25;1,4175;6,92;High;September;2015;2021
28231;ID-2015-DH13675102-42277;Çarşamba, Eylül 30, 2015;Pazar, Ekim 04, 2015;Second Class;DH-13675102;Duane Huffman;Home Office;;Manila;National Capital;Philippines;Southeastern Asia;Asia Pacific;TEC-MA-5497;Technology;Machines;Okidata Card Printer, Durable;395,8875;3;0,25;-110,9025;54,49;High;September;2015;2021
28880;ID-2015-RF19345102-42249;Çarşamba, Eylül 02, 2015;Cuma, Eylül 04, 2015;Second Class;RF-19345102;Randy Ferguson;Corporate;;Manila;National Capital;Philippines;Southeastern Asia;Asia Pacific;FUR-CH-5773;Furniture;Chairs;SAFCO Executive Leather Armchair, Adjustable;695,88;2;0,25;-167,04;59,77;Critical;September;2015;2021
27243;IN-2015-EM14200102-42250;Perşembe, Eylül 03, 2015;Pazar, Eylül 06, 2015;Second Class;EM-14200102;Evan Minnotte;Home Office;;Manila;National Capital;Philippines;Southeastern Asia;Asia Pacific;FUR-CH-5442;Furniture;Chairs;Office Star Executive Leather Armchair, Black;2804,58;8;0,25;822,66;171,36;Medium;September;2015;2021
23664;IN-2015-MS17710102-42276;Salı, Eylül 29, 2015;Cumartesi, Ekim 03, 2015;Standard Class;MS-17710102;Maurice Satty;Consumer;;Manila;National Capital;Philippines;Southeastern Asia;Asia Pacific;OFF-BI-3295;Office Supplies;Binders;Avery Index Tab, Economy;6,6555;1;0,15;0,5355;1,4;Medium;September;2015;2021
28232;ID-2015-DH13675102-42277;Çarşamba, Eylül 30, 2015;Pazar, Ekim 04, 2015;Second Class;DH-13675102;Duane Huffman;Home Office;;Manila;National Capital;Philippines;Southeastern Asia;Asia Pacific;OFF-BI-2892;Office Supplies;Binders;Acco Binder Covers, Durable;138,567;11;0,15;14,487;20,91;High;September;2015;2021
29278;ID-2015-KM16720102-42255;Salı, Eylül 08, 2015;Cuma, Eylül 11, 2015;First Class;KM-16720102;Kunst Miller;Consumer;;Manila;National Capital;Philippines;Southeastern Asia;Asia Pacific;OFF-BI-2892;Office Supplies;Binders;Acco Binder Covers, Durable;151,164;12;0,15;15,804;29,01;Medium;September;2015;2021
29277;ID-2015-KM16720102-42255;Salı, Eylül 08, 2015;Cuma, Eylül 11, 2015;First Class;KM-16720102;Kunst Miller;Consumer;;Manila;National Capital;Philippines;Southeastern Asia;Asia Pacific;FUR-BO-3626;Furniture;Bookcases;Bush Classic Bookcase, Pine;2152,956;8;0,35;198,636;309,11;Medium;September;2015;2021
21820;ID-2015-CM12190102-42276;Salı, Eylül 29, 2015;Cuma, Ekim 02, 2015;Second Class;CM-12190102;Charlotte Melton;Consumer;;Pasig;National Capital;Philippines;Southeastern Asia;Asia Pacific;OFF-AR-3459;Office Supplies;Art;BIC Markers, Water Color;32,571;2;0,45;-5,349;3,52;High;September;2015;2021
22623;IN-2015-GW14605102-42265;Cuma, Eylül 18, 2015;Çarşamba, Eylül 23, 2015;Standard Class;GW-14605102;Giulietta Weimer;Consumer;;Caloocan;National Capital;Philippines;Southeastern Asia;Asia Pacific;FUR-FU-6238;Furniture;Furnishings;Tenex Clock, Durable;177,3;5;0,25;40,05;8,62;Medium;September;2015;2021
20824;ID-2015-AG10900102-42252;Cumartesi, Eylül 05, 2015;Cuma, Eylül 11, 2015;Standard Class;AG-10900102;Arthur Gainer;Consumer;;Pasig;National Capital;Philippines;Southeastern Asia;Asia Pacific;FUR-CH-5750;Furniture;Chairs;SAFCO Bag Chairs, Adjustable;116,8425;3;0,25;-14,1075;10,5;Medium;September;2015;2021
21819;ID-2015-CM12190102-42276;Salı, Eylül 29, 2015;Cuma, Ekim 02, 2015;Second Class;CM-12190102;Charlotte Melton;Consumer;;Pasig;National Capital;Philippines;Southeastern Asia;Asia Pacific;FUR-FU-4074;Furniture;Furnishings;Eldon Light Bulb, Black;94,5;5;0,25;-21,45;17,89;High;September;2015;2021
28327;IN-2015-PS18760102-42263;Çarşamba, Eylül 16, 2015;Pazartesi, Eylül 21, 2015;Standard Class;PS-18760102;Pamela Stobb;Consumer;;Las Pinas;National Capital;Philippines;Southeastern Asia;Asia Pacific;TEC-CO-3689;Technology;Copiers;Canon Fax Machine, Laser;206,9535;1;0,35;31,8135;18,11;Medium;September;2015;2021
22476;ID-2015-AH10465102-42272;Cuma, Eylül 25, 2015;Perşembe, Ekim 01, 2015;Standard Class;AH-10465102;Amy Hunt;Consumer;;Caloocan;National Capital;Philippines;Southeastern Asia;Asia Pacific;OFF-SU-4304;Office Supplies;Supplies;Fiskars Box Cutter, High Speed;175,824;9;0,45;-140,886;21,38;Low;September;2015;2021
25272;IN-2015-HR14770102-42270;Çarşamba, Eylül 23, 2015;Salı, Eylül 29, 2015;Standard Class;HR-14770102;Hallie Redmond;Home Office;;Marikina;National Capital;Philippines;Southeastern Asia;Asia Pacific;FUR-CH-5807;Furniture;Chairs;SAFCO Swivel Stool, Red;251,91;2;0,25;47,01;23,31;Medium;September;2015;2021
20316;ID-2015-MC18100102-42265;Cuma, Eylül 18, 2015;Cumartesi, Eylül 19, 2015;First Class;MC-18100102;Mick Crebagga;Consumer;;Makati;National Capital;Philippines;Southeastern Asia;Asia Pacific;TEC-MA-4206;Technology;Machines;Epson Printer, Red;389,655;2;0,25;-83,145;89,79;High;September;2015;2021
25271;IN-2015-HR14770102-42270;Çarşamba, Eylül 23, 2015;Salı, Eylül 29, 2015;Standard Class;HR-14770102;Hallie Redmond;Home Office;;Marikina;National Capital;Philippines;Southeastern Asia;Asia Pacific;FUR-CH-4531;Furniture;Chairs;Harbour Creations Executive Leather Armchair, Black;2841,66;8;0,25;189,42;242,38;Medium;September;2015;2021
48451;TU-2015-EH4125134-42271;Perşembe, Eylül 24, 2015;Pazartesi, Eylül 28, 2015;Standard Class;EH-4125134;Eugene Hildebrand;Home Office;;Istanbul;Istanbul;Turkey;Western Asia;Asia Pacific;OFF-AR-3462;Office Supplies;Art;BIC Pencil Sharpener, Fluorescent;12,108;1;0,6;-7,872;2,08;High;September;2015;2021
47494;TU-2015-GG4650134-42266;Cumartesi, Eylül 19, 2015;Pazartesi, Eylül 21, 2015;Second Class;GG-4650134;Greg Guthrie;Corporate;;Istanbul;Istanbul;Turkey;Western Asia;Asia Pacific;OFF-BI-3189;Office Supplies;Binders;Avery 3-Hole Punch, Recycled;11,292;1;0,6;-16,938;1,1;Medium;September;2015;2021
44259;TU-2015-KN6450134-42249;Çarşamba, Eylül 02, 2015;Pazartesi, Eylül 07, 2015;Standard Class;KN-6450134;Kean Nguyen;Corporate;;Istanbul;Istanbul;Turkey;Western Asia;Asia Pacific;TEC-PH-5845;Technology;Phones;Samsung Speaker Phone, VoIP;49,332;1;0,6;-39,468;2,26;Medium;September;2015;2021
50224;TU-2015-FP4320134-42263;Çarşamba, Eylül 16, 2015;Pazartesi, Eylül 21, 2015;Standard Class;FP-4320134;Frank Preis;Consumer;;Istanbul;Istanbul;Turkey;Western Asia;Asia Pacific;FUR-BO-4855;Furniture;Bookcases;Ikea Corner Shelving, Traditional;49,224;1;0,6;-27,096;3,84;Medium;September;2015;2021
43819;TU-2015-JW5955134-42263;Çarşamba, Eylül 16, 2015;Pazar, Eylül 20, 2015;Standard Class;JW-5955134;Joni Wasserman;Consumer;;Istanbul;Istanbul;Turkey;Western Asia;Asia Pacific;TEC-CO-4784;Technology;Copiers;HP Personal Copier, Color;50,292;1;0,6;-47,778;5,52;High;September;2015;2021
44261;TU-2015-KN6450134-42249;Çarşamba, Eylül 02, 2015;Pazartesi, Eylül 07, 2015;Standard Class;KN-6450134;Kean Nguyen;Corporate;;Istanbul;Istanbul;Turkey;Western Asia;Asia Pacific;OFF-LA-6056;Office Supplies;Labels;Smead Round Labels, Laser Printer Compatible;5,52;2;0,6;-3,36;1,3;Medium;September;2015;2021
43820;TU-2015-JW5955134-42263;Çarşamba, Eylül 16, 2015;Pazar, Eylül 20, 2015;Standard Class;JW-5955134;Joni Wasserman;Consumer;;Istanbul;Istanbul;Turkey;Western Asia;Asia Pacific;OFF-ST-4028;Office Supplies;Storage;Eldon Box, Blue;8,208;2;0,6;-7,032;1,46;High;September;2015;2021
44260;TU-2015-KN6450134-42249;Çarşamba, Eylül 02, 2015;Pazartesi, Eylül 07, 2015;Standard Class;KN-6450134;Kean Nguyen;Corporate;;Istanbul;Istanbul;Turkey;Western Asia;Asia Pacific;TEC-PH-5349;Technology;Phones;Nokia Office Telephone, with Caller ID;52,104;2;0,6;-72,996;2,16;Medium;September;2015;2021
48450;TU-2015-EH4125134-42271;Perşembe, Eylül 24, 2015;Pazartesi, Eylül 28, 2015;Standard Class;EH-4125134;Eugene Hildebrand;Home Office;;Istanbul;Istanbul;Turkey;Western Asia;Asia Pacific;TEC-AC-5099;Technology;Accessories;Logitech Flash Drive, Bluetooth;24,408;2;0,6;-10,392;4,06;High;September;2015;2021
48452;TU-2015-EH4125134-42271;Perşembe, Eylül 24, 2015;Pazartesi, Eylül 28, 2015;Standard Class;EH-4125134;Eugene Hildebrand;Home Office;;Istanbul;Istanbul;Turkey;Western Asia;Asia Pacific;OFF-AP-4501;Office Supplies;Appliances;Hamilton Beach Refrigerator, Black;399,648;2;0,6;-419,652;24,45;High;September;2015;2021
44262;TU-2015-KN6450134-42249;Çarşamba, Eylül 02, 2015;Pazartesi, Eylül 07, 2015;Standard Class;KN-6450134;Kean Nguyen;Corporate;;Istanbul;Istanbul;Turkey;Western Asia;Asia Pacific;TEC-MA-5498;Technology;Machines;Okidata Card Printer, Red;415,152;6;0,6;-498,348;20,59;Medium;September;2015;2021
49244;TU-2015-NZ8565134-42270;Çarşamba, Eylül 23, 2015;Pazar, Eylül 27, 2015;Standard Class;NZ-8565134;Nick Zandusky;Home Office;;Uskudar;Istanbul;Turkey;Western Asia;Asia Pacific;OFF-AR-3463;Office Supplies;Art;BIC Pencil Sharpener, Water Color;12,876;1;0,6;-7,104;1,18;Medium;September;2015;2021
49242;TU-2015-NZ8565134-42270;Çarşamba, Eylül 23, 2015;Pazar, Eylül 27, 2015;Standard Class;NZ-8565134;Nick Zandusky;Home Office;;Uskudar;Istanbul;Turkey;Western Asia;Asia Pacific;FUR-CH-5752;Furniture;Chairs;SAFCO Bag Chairs, Red;39,552;2;0,6;-52,428;1,62;Medium;September;2015;2021
42753;TU-2015-GA4725134-42250;Perşembe, Eylül 03, 2015;Salı, Eylül 08, 2015;Standard Class;GA-4725134;Guy Armstrong;Consumer;;Silivri;Istanbul;Turkey;Western Asia;Asia Pacific;OFF-SU-4326;Office Supplies;Supplies;Fiskars Trimmer, High Speed;33,84;2;0,6;-38,1;3,28;High;September;2015;2021
45282;TU-2015-SM10950134-42265;Cuma, Eylül 18, 2015;Perşembe, Eylül 24, 2015;Standard Class;SM-10950134;Suzanne McNair;Corporate;;Maltepe;Istanbul;Turkey;Western Asia;Asia Pacific;OFF-ST-6046;Office Supplies;Storage;Smead Lockers, Blue;79,368;1;0,6;-85,332;7,15;Medium;September;2015;2021
49243;TU-2015-NZ8565134-42270;Çarşamba, Eylül 23, 2015;Pazar, Eylül 27, 2015;Standard Class;NZ-8565134;Nick Zandusky;Home Office;;Uskudar;Istanbul;Turkey;Western Asia;Asia Pacific;OFF-ST-6031;Office Supplies;Storage;Smead File Cart, Blue;101,976;2;0,6;-150,444;9,42;Medium;September;2015;2021
45283;TU-2015-SM10950134-42265;Cuma, Eylül 18, 2015;Perşembe, Eylül 24, 2015;Standard Class;SM-10950134;Suzanne McNair;Corporate;;Maltepe;Istanbul;Turkey;Western Asia;Asia Pacific;FUR-FU-4042;Furniture;Furnishings;Eldon Door Stop, Durable;113,256;6;0,6;-110,484;11,37;Medium;September;2015;2021
42752;TU-2015-GA4725134-42250;Perşembe, Eylül 03, 2015;Salı, Eylül 08, 2015;Standard Class;GA-4725134;Guy Armstrong;Consumer;;Silivri;Istanbul;Turkey;Western Asia;Asia Pacific;OFF-AP-3577;Office Supplies;Appliances;Breville Refrigerator, White;206,988;1;0,6;-207,012;27,52;High;September;2015;2021
46586;TU-2015-SB10170134-42256;Çarşamba, Eylül 09, 2015;Cuma, Eylül 11, 2015;Second Class;SB-10170134;Sarah Bern;Consumer;;Sincan;Ankara;Turkey;Western Asia;Asia Pacific;OFF-ST-6231;Office Supplies;Storage;Tenex Box, Wire Frame;6,228;1;0,6;-2,202;1,17;High;September;2015;2021
49738;TU-2015-LO7170134-42271;Perşembe, Eylül 24, 2015;Pazartesi, Eylül 28, 2015;Standard Class;LO-7170134;Lori Olson;Corporate;;Ankara;Ankara;Turkey;Western Asia;Asia Pacific;OFF-AR-5903;Office Supplies;Art;Sanford Canvas, Easy-Erase;20,316;1;0,6;-23,874;1,17;Medium;September;2015;2021
46584;TU-2015-SB10170134-42256;Çarşamba, Eylül 09, 2015;Cuma, Eylül 11, 2015;Second Class;SB-10170134;Sarah Bern;Consumer;;Sincan;Ankara;Turkey;Western Asia;Asia Pacific;OFF-BI-3256;Office Supplies;Binders;Avery Binding Machine, Durable;20,136;1;0,6;-27,204;1,28;High;September;2015;2021
46585;TU-2015-SB10170134-42256;Çarşamba, Eylül 09, 2015;Cuma, Eylül 11, 2015;Second Class;SB-10170134;Sarah Bern;Consumer;;Sincan;Ankara;Turkey;Western Asia;Asia Pacific;TEC-PH-5844;Technology;Phones;Samsung Speaker Phone, Full Size;49,812;1;0,6;-44,838;2,84;High;September;2015;2021
48369;TU-2015-BF1020134-42273;Cumartesi, Eylül 26, 2015;Çarşamba, Eylül 30, 2015;Standard Class;BF-1020134;Barry Französisch;Corporate;;Ankara;Ankara;Turkey;Western Asia;Asia Pacific;TEC-MA-5568;Technology;Machines;Panasonic Phone, Red;32,796;1;0,6;-22,164;2,84;Medium;September;2015;2021
46587;TU-2015-SB10170134-42256;Çarşamba, Eylül 09, 2015;Cuma, Eylül 11, 2015;Second Class;SB-10170134;Sarah Bern;Consumer;;Sincan;Ankara;Turkey;Western Asia;Asia Pacific;FUR-CH-5753;Furniture;Chairs;SAFCO Bag Chairs, Set of Two;20,676;1;0,6;-14,484;3,95;High;September;2015;2021
48461;TU-2015-AW840134-42272;Cuma, Eylül 25, 2015;Cuma, Eylül 25, 2015;Same Day;AW-840134;Anthony Witt;Consumer;;Ankara;Ankara;Turkey;Western Asia;Asia Pacific;TEC-CO-3587;Technology;Copiers;Brother Copy Machine, Color;104,196;1;0,6;-125,064;9,85;High;September;2015;2021
50404;TU-2015-TB11520134-42263;Çarşamba, Eylül 16, 2015;Pazar, Eylül 20, 2015;Standard Class;TB-11520134;Tracy Blumstein;Consumer;;Edirne;Edirne;Turkey;Western Asia;Asia Pacific;TEC-AC-5130;Technology;Accessories;Logitech Numeric Keypad, Bluetooth;18,528;1;0,6;-20,862;1,14;Medium;September;2015;2021
41585;TU-2015-LS7230134-42270;Çarşamba, Eylül 23, 2015;Pazartesi, Eylül 28, 2015;Standard Class;LS-7230134;Lycoris Saunders;Consumer;;Aydin;Aydin;Turkey;Western Asia;Asia Pacific;OFF-AR-3527;Office Supplies;Art;Boston Canvas, Fluorescent;21,96;1;0,6;-23,07;1,24;Medium;September;2015;2021
49711;TU-2015-AG495134-42259;Cumartesi, Eylül 12, 2015;Perşembe, Eylül 17, 2015;Standard Class;AG-495134;Andrew Gjertsen;Corporate;;Tarsus;Mersin;Turkey;Western Asia;Asia Pacific;OFF-AR-6124;Office Supplies;Art;Stanley Pens, Water Color;5,292;1;0,6;-3,708;1,32;Medium;September;2015;2021
45562;TU-2015-BT1485134-42272;Cuma, Eylül 25, 2015;Salı, Eylül 29, 2015;Standard Class;BT-1485134;Brad Thomas;Home Office;;Ceyhan;Adana;Turkey;Western Asia;Asia Pacific;OFF-BI-3722;Office Supplies;Binders;Cardinal Binder, Economy;5,532;1;0,6;-3,198;1,36;Medium;September;2015;2021
47726;TU-2015-SS10410134-42252;Cumartesi, Eylül 05, 2015;Cuma, Eylül 11, 2015;Standard Class;SS-10410134;Shahid Shariari;Consumer;;Bingol;Bingol;Turkey;Western Asia;Asia Pacific;OFF-BI-3718;Office Supplies;Binders;Cardinal Binder Covers, Economy;4,8;1;0,6;-6,72;1,45;Medium;September;2015;2021
50723;TU-2015-FM4380134-42257;Perşembe, Eylül 10, 2015;Pazartesi, Eylül 14, 2015;Standard Class;FM-4380134;Fred McMath;Consumer;;Antalya;Antalya;Turkey;Western Asia;Asia Pacific;OFF-BI-2891;Office Supplies;Binders;Acco Binder Covers, Clear;5,112;1;0,6;-2,178;1,57;Medium;September;2015;2021
50722;TU-2015-FM4380134-42257;Perşembe, Eylül 10, 2015;Pazartesi, Eylül 14, 2015;Standard Class;FM-4380134;Fred McMath;Consumer;;Antalya;Antalya;Turkey;Western Asia;Asia Pacific;OFF-EN-3671;Office Supplies;Envelopes;Cameo Manila Envelope, Set of 50;10,8;1;0,6;-13,77;1,64;Medium;September;2015;2021
48568;TU-2015-FM4215134-42273;Cumartesi, Eylül 26, 2015;Perşembe, Ekim 01, 2015;Standard Class;FM-4215134;Filia McAdams;Corporate;;Alanya;Antalya;Turkey;Western Asia;Asia Pacific;OFF-SU-4131;Office Supplies;Supplies;Elite Shears, Easy Grip;19,452;1;0,6;-26,268;1,65;Medium;September;2015;2021
48999;TU-2015-RM9750134-42266;Cumartesi, Eylül 19, 2015;Cuma, Eylül 25, 2015;Standard Class;RM-9750134;Roland Murray;Consumer;;Erzurum;Erzurum;Turkey;Western Asia;Asia Pacific;FUR-FU-6236;Furniture;Furnishings;Tenex Clock, Black;20,1;1;0,6;-17,61;1,67;Medium;September;2015;2021
48292;TU-2015-MZ7335134-42257;Perşembe, Eylül 10, 2015;Pazartesi, Eylül 14, 2015;Standard Class;MZ-7335134;Maria Zettner;Home Office;;Antalya;Antalya;Turkey;Western Asia;Asia Pacific;OFF-SU-4303;Office Supplies;Supplies;Fiskars Box Cutter, Easy Grip;14,856;1;0,6;-5,574;1,79;High;September;2015;2021
45563;TU-2015-BT1485134-42272;Cuma, Eylül 25, 2015;Salı, Eylül 29, 2015;Standard Class;BT-1485134;Brad Thomas;Home Office;;Ceyhan;Adana;Turkey;Western Asia;Asia Pacific;OFF-AR-5920;Office Supplies;Art;Sanford Markers, Water Color;10,572;1;0,6;-13,488;1,82;Medium;September;2015;2021
43148;TU-2015-FO4305134-42259;Cumartesi, Eylül 12, 2015;Pazartesi, Eylül 14, 2015;First Class;FO-4305134;Frank Olsen;Consumer;;Kocaeli;Kocaeli;Turkey;Western Asia;Asia Pacific;OFF-AR-3468;Office Supplies;Art;BIC Sketch Pad, Blue;19,464;1;0,6;-20,466;2,69;Medium;September;2015;2021
50720;TU-2015-FM4380134-42257;Perşembe, Eylül 10, 2015;Pazartesi, Eylül 14, 2015;Standard Class;FM-4380134;Fred McMath;Consumer;;Antalya;Antalya;Turkey;Western Asia;Asia Pacific;FUR-CH-4561;Furniture;Chairs;Harbour Creations Swivel Stool, Adjustable;73,044;1;0,6;-58,446;3,47;Medium;September;2015;2021
43370;TU-2015-HP4815134-42272;Cuma, Eylül 25, 2015;Salı, Eylül 29, 2015;Second Class;HP-4815134;Harold Pawlan;Home Office;;Corlu;Tekirdag;Turkey;Western Asia;Asia Pacific;TEC-CO-4579;Technology;Copiers;Hewlett Ink, Color;60,048;1;0,6;-69,072;3,73;Medium;September;2015;2021
43147;TU-2015-FO4305134-42259;Cumartesi, Eylül 12, 2015;Pazartesi, Eylül 14, 2015;First Class;FO-4305134;Frank Olsen;Consumer;;Kocaeli;Kocaeli;Turkey;Western Asia;Asia Pacific;OFF-ST-4056;Office Supplies;Storage;Eldon File Cart, Industrial;51,156;1;0,6;-61,404;5,14;Medium;September;2015;2021
44920;TU-2015-AG300134-42271;Perşembe, Eylül 24, 2015;Çarşamba, Eylül 30, 2015;Standard Class;AG-300134;Aleksandra Gannaway;Corporate;;Alanya;Antalya;Turkey;Western Asia;Asia Pacific;FUR-TA-3354;Furniture;Tables;Barricks Training Table, Rectangular;126,348;1;0,6;-161,112;7,8;Medium;September;2015;2021
48295;TU-2015-MZ7335134-42257;Perşembe, Eylül 10, 2015;Pazartesi, Eylül 14, 2015;Standard Class;MZ-7335134;Maria Zettner;Home Office;;Antalya;Antalya;Turkey;Western Asia;Asia Pacific;TEC-CO-5992;Technology;Copiers;Sharp Copy Machine, Laser;95,616;1;0,6;-112,374;11,71;High;September;2015;2021
49862;TU-2015-EM4140134-42276;Salı, Eylül 29, 2015;Pazar, Ekim 04, 2015;Standard Class;EM-4140134;Eugene Moren;Home Office;;Ankara;Ankara;Turkey;Western Asia;Asia Pacific;OFF-ST-6274;Office Supplies;Storage;Tenex Shelving, Single Width;43,752;2;0,6;-38,328;1,17;Medium;September;2015;2021
50721;TU-2015-FM4380134-42257;Perşembe, Eylül 10, 2015;Pazartesi, Eylül 14, 2015;Standard Class;FM-4380134;Fred McMath;Consumer;;Antalya;Antalya;Turkey;Western Asia;Asia Pacific;OFF-FA-3072;Office Supplies;Fasteners;Advantus Thumb Tacks, 12 Pack;10,416;2;0,6;-14,604;1,75;Medium;September;2015;2021
49712;TU-2015-AG495134-42259;Cumartesi, Eylül 12, 2015;Perşembe, Eylül 17, 2015;Standard Class;AG-495134;Andrew Gjertsen;Corporate;;Tarsus;Mersin;Turkey;Western Asia;Asia Pacific;OFF-BI-2901;Office Supplies;Binders;Acco Binding Machine, Economy;40,872;2;0,6;-31,728;1,78;Medium;September;2015;2021
46722;TU-2015-JP5520134-42257;Perşembe, Eylül 10, 2015;Çarşamba, Eylül 16, 2015;Standard Class;JP-5520134;Jeremy Pistek;Consumer;;Bursa;Bursa;Turkey;Western Asia;Asia Pacific;OFF-PA-3997;Office Supplies;Paper;Eaton Memo Slips, Recycled;10,92;2;0,6;-10,68;1,94;Medium;September;2015;2021
48370;TU-2015-BF1020134-42273;Cumartesi, Eylül 26, 2015;Çarşamba, Eylül 30, 2015;Standard Class;BF-1020134;Barry Französisch;Corporate;;Ankara;Ankara;Turkey;Western Asia;Asia Pacific;OFF-SU-4304;Office Supplies;Supplies;Fiskars Box Cutter, High Speed;28,416;2;0,6;-17,784;2,03;Medium;September;2015;2021
48294;TU-2015-MZ7335134-42257;Perşembe, Eylül 10, 2015;Pazartesi, Eylül 14, 2015;Standard Class;MZ-7335134;Maria Zettner;Home Office;;Antalya;Antalya;Turkey;Western Asia;Asia Pacific;OFF-ST-5689;Office Supplies;Storage;Rogers Box, Wire Frame;18,432;2;0,6;-22,128;2,2;High;September;2015;2021
46721;TU-2015-JP5520134-42257;Perşembe, Eylül 10, 2015;Çarşamba, Eylül 16, 2015;Standard Class;JP-5520134;Jeremy Pistek;Consumer;;Bursa;Bursa;Turkey;Western Asia;Asia Pacific;OFF-ST-4095;Office Supplies;Storage;Eldon Shelving, Industrial;39,12;2;0,6;-55,8;2,2;Medium;September;2015;2021
44919;TU-2015-AG300134-42271;Perşembe, Eylül 24, 2015;Çarşamba, Eylül 30, 2015;Standard Class;AG-300134;Aleksandra Gannaway;Corporate;;Alanya;Antalya;Turkey;Western Asia;Asia Pacific;FUR-BO-3887;Furniture;Bookcases;Dania 3-Shelf Cabinet, Pine;114,24;2;0,6;-145,68;2,41;Medium;September;2015;2021
44272;TU-2015-TB11250134-42253;Pazar, Eylül 06, 2015;Cuma, Eylül 11, 2015;Standard Class;TB-11250134;Tim Brockman;Consumer;;Bornova;Izmir;Turkey;Western Asia;Asia Pacific;OFF-EN-3662;Office Supplies;Envelopes;Cameo Interoffice Envelope, Security-Tint;39,864;2;0,6;-49,836;2,75;Medium;September;2015;2021
47645;TU-2015-SC10440134-42277;Çarşamba, Eylül 30, 2015;Cuma, Ekim 02, 2015;First Class;SC-10440134;Shaun Chance;Corporate;;Ankara;Ankara;Turkey;Western Asia;Asia Pacific;FUR-FU-3034;Furniture;Furnishings;Advantus Frame, Durable;86,52;2;0,6;-106,02;3,49;High;September;2015;2021
49861;TU-2015-EM4140134-42276;Salı, Eylül 29, 2015;Pazar, Ekim 04, 2015;Standard Class;EM-4140134;Eugene Moren;Home Office;;Ankara;Ankara;Turkey;Western Asia;Asia Pacific;FUR-CH-5447;Furniture;Chairs;Office Star Rocking Chair, Black;110,784;2;0,6;-110,796;8,4;Medium;September;2015;2021
48567;TU-2015-FM4215134-42273;Cumartesi, Eylül 26, 2015;Perşembe, Ekim 01, 2015;Standard Class;FM-4215134;Filia McAdams;Corporate;;Alanya;Antalya;Turkey;Western Asia;Asia Pacific;FUR-CH-4563;Furniture;Chairs;Harbour Creations Swivel Stool, Red;144,096;2;0,6;-90,084;9,4;Medium;September;2015;2021
46583;TU-2015-SB10170134-42256;Çarşamba, Eylül 09, 2015;Cuma, Eylül 11, 2015;Second Class;SB-10170134;Sarah Bern;Consumer;;Sincan;Ankara;Turkey;Western Asia;Asia Pacific;TEC-PH-3151;Technology;Phones;Apple Speaker Phone, Full Size;99,672;2;0,6;-42,408;15,09;High;September;2015;2021
42036;TU-2015-CK2205134-42276;Salı, Eylül 29, 2015;Çarşamba, Eylül 30, 2015;First Class;CK-2205134;Chloris Kastensmidt;Consumer;;Gaziantep;Gaziantep;Turkey;Western Asia;Asia Pacific;TEC-CO-4787;Technology;Copiers;HP Personal Copier, Laser;99,432;2;0,6;-64,668;17,67;High;September;2015;2021
48293;TU-2015-MZ7335134-42257;Perşembe, Eylül 10, 2015;Pazartesi, Eylül 14, 2015;Standard Class;MZ-7335134;Maria Zettner;Home Office;;Antalya;Antalya;Turkey;Western Asia;Asia Pacific;FUR-CH-5443;Furniture;Chairs;Office Star Executive Leather Armchair, Red;375,744;2;0,6;-197,316;32,19;High;September;2015;2021
42531;TU-2015-BT1440134-42276;Salı, Eylül 29, 2015;Pazar, Ekim 04, 2015;Second Class;BT-1440134;Bobby Trafton;Consumer;;Sincan;Ankara;Turkey;Western Asia;Asia Pacific;OFF-BI-2894;Office Supplies;Binders;Acco Binder Covers, Recycled;21,888;4;0,6;-16,512;1,16;Medium;September;2015;2021
43369;TU-2015-HP4815134-42272;Cuma, Eylül 25, 2015;Salı, Eylül 29, 2015;Second Class;HP-4815134;Harold Pawlan;Home Office;;Corlu;Tekirdag;Turkey;Western Asia;Asia Pacific;OFF-EN-3111;Office Supplies;Envelopes;Ames Peel and Seal, with clear poly window;35,568;4;0,6;-12,552;1,5;Medium;September;2015;2021
49863;TU-2015-EM4140134-42276;Salı, Eylül 29, 2015;Pazar, Ekim 04, 2015;Standard Class;EM-4140134;Eugene Moren;Home Office;;Ankara;Ankara;Turkey;Western Asia;Asia Pacific;OFF-AR-5921;Office Supplies;Art;Sanford Pencil Sharpener, Easy-Erase;43,344;4;0,6;-10,896;3,67;Medium;September;2015;2021
45168;TU-2015-RB9360134-42276;Salı, Eylül 29, 2015;Pazartesi, Ekim 05, 2015;Standard Class;RB-9360134;Raymond Buch;Consumer;;Gaziantep;Gaziantep;Turkey;Western Asia;Asia Pacific;TEC-AC-5133;Technology;Accessories;Logitech Numeric Keypad, USB;74,448;4;0,6;-31,752;2,78;Medium;September;2015;2021
47646;TU-2015-SC10440134-42277;Çarşamba, Eylül 30, 2015;Cuma, Ekim 02, 2015;First Class;SC-10440134;Shaun Chance;Corporate;;Ankara;Ankara;Turkey;Western Asia;Asia Pacific;FUR-BO-3905;Furniture;Bookcases;Dania Stackable Bookrack, Mobile;194,544;4;0,6;-77,856;30,21;High;September;2015;2021
48371;TU-2015-BF1020134-42273;Cumartesi, Eylül 26, 2015;Çarşamba, Eylül 30, 2015;Standard Class;BF-1020134;Barry Französisch;Corporate;;Ankara;Ankara;Turkey;Western Asia;Asia Pacific;FUR-BO-3624;Furniture;Bookcases;Bush Classic Bookcase, Metal;659,424;4;0,6;-428,736;31,78;Medium;September;2015;2021
48566;TU-2015-FM4215134-42273;Cumartesi, Eylül 26, 2015;Perşembe, Ekim 01, 2015;Standard Class;FM-4215134;Filia McAdams;Corporate;;Alanya;Antalya;Turkey;Western Asia;Asia Pacific;OFF-SU-2986;Office Supplies;Supplies;Acme Ruler, Serrated;42,912;8;0,6;-34,368;1,11;Medium;September;2015;2021
46723;TU-2015-JP5520134-42257;Perşembe, Eylül 10, 2015;Çarşamba, Eylül 16, 2015;Standard Class;JP-5520134;Jeremy Pistek;Consumer;;Bursa;Bursa;Turkey;Western Asia;Asia Pacific;OFF-ST-6039;Office Supplies;Storage;Smead Folders, Industrial;86,256;12;0,6;-80,064;2,93;Medium;September;2015;2021
30856;ID-2015-MD1735092-42271;Perşembe, Eylül 24, 2015;Pazar, Eylül 27, 2015;First Class;MD-1735092;Maribeth Dona;Consumer;;Auckland;Auckland;New Zealand;Oceania;Asia Pacific;FUR-FU-4076;Furniture;Furnishings;Eldon Light Bulb, Durable;26,676;2;0,4;2,196;1,21;Medium;September;2015;2021
30918;ID-2015-AD1018092-42277;Çarşamba, Eylül 30, 2015;Pazartesi, Ekim 05, 2015;Second Class;AD-1018092;Alan Dominguez;Home Office;;Auckland;Auckland;New Zealand;Oceania;Asia Pacific;FUR-BO-5960;Furniture;Bookcases;Sauder Floating Shelf Set, Mobile;473,04;4;0,4;-23,76;6,35;Medium;September;2015;2021
30855;ID-2015-MD1735092-42271;Perşembe, Eylül 24, 2015;Pazar, Eylül 27, 2015;First Class;MD-1735092;Maribeth Dona;Consumer;;Auckland;Auckland;New Zealand;Oceania;Asia Pacific;FUR-CH-5379;Furniture;Chairs;Novimex Executive Leather Armchair, Black;549,54;2;0,4;-338,94;18,22;Medium;September;2015;2021
30504;ID-2015-AS1013592-42253;Pazar, Eylül 06, 2015;Pazar, Eylül 06, 2015;Same Day;AS-1013592;Adrian Shami;Home Office;;Papakura;Auckland;New Zealand;Oceania;Asia Pacific;OFF-PA-6609;Office Supplies;Paper;Xerox Memo Slips, 8.5 x 11;21,204;2;0,4;-13,116;1,51;High;September;2015;2021
30503;ID-2015-AS1013592-42253;Pazar, Eylül 06, 2015;Pazar, Eylül 06, 2015;Same Day;AS-1013592;Adrian Shami;Home Office;;Papakura;Auckland;New Zealand;Oceania;Asia Pacific;FUR-BO-5771;Furniture;Bookcases;Safco Corner Shelving, Traditional;179,352;2;0,4;-5,988;12,74;High;September;2015;2021
30304;ID-2015-RD1981092-42263;Çarşamba, Eylül 16, 2015;Pazartesi, Eylül 21, 2015;Standard Class;RD-1981092;Ross DeVincentis;Home Office;;Manukau City;Auckland;New Zealand;Oceania;Asia Pacific;OFF-SU-4983;Office Supplies;Supplies;Kleencut Ruler, Serrated;12,312;2;0,4;-2,688;1,76;High;September;2015;2021
30305;ID-2015-RD1981092-42263;Çarşamba, Eylül 16, 2015;Pazartesi, Eylül 21, 2015;Standard Class;RD-1981092;Ross DeVincentis;Home Office;;Manukau City;Auckland;New Zealand;Oceania;Asia Pacific;TEC-AC-5867;Technology;Accessories;SanDisk Keyboard, USB;98,028;2;0,4;-19,632;11,29;High;September;2015;2021
23942;ID-2015-LC1693097-42264;Perşembe, Eylül 17, 2015;Salı, Eylül 22, 2015;Standard Class;LC-1693097;Linda Cazamias;Corporate;;Lahore;Punjab;Pakistan;Southern Asia;Asia Pacific;OFF-FA-5480;Office Supplies;Fasteners;OIC Staples, 12 Pack;16,155;3;0,5;-10,035;1,13;Medium;September;2015;2021
23031;IN-2015-PG1882097-42251;Cuma, Eylül 04, 2015;Salı, Eylül 08, 2015;Standard Class;PG-1882097;Patrick Gardner;Consumer;;Lahore;Punjab;Pakistan;Southern Asia;Asia Pacific;OFF-LA-6042;Office Supplies;Labels;Smead Legal Exhibit Labels, 5000 Label Set;17,235;3;0,5;-15,885;2,86;High;September;2015;2021
26754;ID-2015-MV18190118-42270;Çarşamba, Eylül 23, 2015;Salı, Eylül 29, 2015;Standard Class;MV-18190118;Mike Vittorini;Consumer;;Kwangju;Gyeonggi;South Korea;Eastern Asia;Asia Pacific;OFF-SU-4992;Office Supplies;Supplies;Kleencut Shears, Steel;46,17;2;0,5;-28,65;2,18;Medium;September;2015;2021
22276;ID-2015-NM1852097-42263;Çarşamba, Eylül 16, 2015;Pazartesi, Eylül 21, 2015;Standard Class;NM-1852097;Neoma Murray;Consumer;;Hyderabad;Sindh;Pakistan;Southern Asia;Asia Pacific;OFF-SU-4988;Office Supplies;Supplies;Kleencut Scissors, Steel;21,69;2;0,5;-9,57;1,97;Medium;September;2015;2021
22274;ID-2015-NM1852097-42263;Çarşamba, Eylül 16, 2015;Pazartesi, Eylül 21, 2015;Standard Class;NM-1852097;Neoma Murray;Consumer;;Hyderabad;Sindh;Pakistan;Southern Asia;Asia Pacific;OFF-BI-3257;Office Supplies;Binders;Avery Binding Machine, Economy;73,26;3;0,5;-52,83;2,45;Medium;September;2015;2021
24696;ID-2015-JH1543097-42272;Cuma, Eylül 25, 2015;Cuma, Ekim 02, 2015;Standard Class;JH-1543097;Jennifer Halladay;Consumer;;Hyderabad;Sindh;Pakistan;Southern Asia;Asia Pacific;OFF-BI-6378;Office Supplies;Binders;Wilson Jones Binder, Clear;31,2;5;0,5;-25,65;3,53;Low;September;2015;2021
23194;IN-2015-RR1931566-42253;Pazar, Eylül 06, 2015;Perşembe, Eylül 10, 2015;Second Class;RR-1931566;Ralph Ritter;Consumer;;Sakai;Osaka;Japan;Eastern Asia;Asia Pacific;OFF-FA-6208;Office Supplies;Fasteners;Stockwell Thumb Tacks, Metal;27,3;4;0,5;-9,3;1,42;Medium;September;2015;2021
23193;IN-2015-RR1931566-42253;Pazar, Eylül 06, 2015;Perşembe, Eylül 10, 2015;Second Class;RR-1931566;Ralph Ritter;Consumer;;Sakai;Osaka;Japan;Eastern Asia;Asia Pacific;OFF-AR-3500;Office Supplies;Art;Binney & Smith Sketch Pad, Easy-Erase;46,59;2;0,5;-10,29;1,94;Medium;September;2015;2021
30392;ID-2015-BS1138092-42255;Salı, Eylül 08, 2015;Perşembe, Eylül 10, 2015;Second Class;BS-1138092;Bill Stewart;Corporate;;Dunedin;Otago;New Zealand;Oceania;Asia Pacific;OFF-BI-3293;Office Supplies;Binders;Avery Index Tab, Clear;13,896;4;0,4;-5,184;1,91;Medium;September;2015;2021
30391;ID-2015-BS1138092-42255;Salı, Eylül 08, 2015;Perşembe, Eylül 10, 2015;Second Class;BS-1138092;Bill Stewart;Corporate;;Dunedin;Otago;New Zealand;Oceania;Asia Pacific;FUR-FU-4043;Furniture;Furnishings;Eldon Door Stop, Erganomic;58,536;2;0,4;-15,624;3,35;Medium;September;2015;2021
30394;ID-2015-BS1138092-42255;Salı, Eylül 08, 2015;Perşembe, Eylül 10, 2015;Second Class;BS-1138092;Bill Stewart;Corporate;;Dunedin;Otago;New Zealand;Oceania;Asia Pacific;OFF-EN-3656;Office Supplies;Envelopes;Cameo Business Envelopes, Set of 50;98,352;8;0,4;-21,408;6,12;Medium;September;2015;2021
23030;IN-2015-PG1882097-42251;Cuma, Eylül 04, 2015;Salı, Eylül 08, 2015;Standard Class;PG-1882097;Patrick Gardner;Consumer;;Lahore;Punjab;Pakistan;Southern Asia;Asia Pacific;FUR-FU-6270;Furniture;Furnishings;Tenex Photo Frame, Durable;117,288;3;0,2;32,238;15,9;High;September;2015;2021
30393;ID-2015-BS1138092-42255;Salı, Eylül 08, 2015;Perşembe, Eylül 10, 2015;Second Class;BS-1138092;Bill Stewart;Corporate;;Dunedin;Otago;New Zealand;Oceania;Asia Pacific;TEC-PH-3818;Technology;Phones;Cisco Speaker Phone, with Caller ID;166,176;2;0,4;2,736;22,02;Medium;September;2015;2021
23943;ID-2015-LC1693097-42264;Perşembe, Eylül 17, 2015;Salı, Eylül 22, 2015;Standard Class;LC-1693097;Linda Cazamias;Corporate;;Lahore;Punjab;Pakistan;Southern Asia;Asia Pacific;FUR-BO-3616;Furniture;Bookcases;Bush 3-Shelf Cabinet, Mobile;350,136;3;0,2;-30,654;26,32;Medium;September;2015;2021
23944;ID-2015-LC1693097-42264;Perşembe, Eylül 17, 2015;Salı, Eylül 22, 2015;Standard Class;LC-1693097;Linda Cazamias;Corporate;;Lahore;Punjab;Pakistan;Southern Asia;Asia Pacific;FUR-CH-5412;Furniture;Chairs;Novimex Swivel Stool, Black;518,496;4;0,2;12,936;30,18;Medium;September;2015;2021
30390;ID-2015-BS1138092-42255;Salı, Eylül 08, 2015;Perşembe, Eylül 10, 2015;Second Class;BS-1138092;Bill Stewart;Corporate;;Dunedin;Otago;New Zealand;Oceania;Asia Pacific;FUR-TA-3442;Furniture;Tables;Bevis Wood Table, with Bottom Storage;320,166;1;0,4;-170,784;32,07;Medium;September;2015;2021
22275;ID-2015-NM1852097-42263;Çarşamba, Eylül 16, 2015;Pazartesi, Eylül 21, 2015;Standard Class;NM-1852097;Neoma Murray;Consumer;;Hyderabad;Sindh;Pakistan;Southern Asia;Asia Pacific;FUR-CH-4524;Furniture;Chairs;Harbour Creations Chairmat, Red;576;10;0,2;194,4;41,07;Medium;September;2015;2021
25036;IN-2015-SC2005027-42270;Çarşamba, Eylül 23, 2015;Cuma, Eylül 25, 2015;Second Class;SC-2005027;Sample Company A;Home Office;;Kaiyuan;Liaoning;China;Eastern Asia;Asia Pacific;FUR-TA-3772;Furniture;Tables;Chromcraft Round Table, with Bottom Storage;980,91;3;0,3;210,15;100,3;Medium;September;2015;2021
41517;YM-2015-TB11400145-42258;Cuma, Eylül 11, 2015;Pazartesi, Eylül 14, 2015;First Class;TB-11400145;Tom Boeckenhauer;Consumer;;Taizz;Ta'izz;Yemen;Western Asia;Asia Pacific;OFF-BI-3716;Office Supplies;Binders;Cardinal Binder Covers, Clear;3,438;1;0,7;-5,052;1,29;Critical;September;2015;2021
41516;YM-2015-TB11400145-42258;Cuma, Eylül 11, 2015;Pazartesi, Eylül 14, 2015;First Class;TB-11400145;Tom Boeckenhauer;Consumer;;Taizz;Ta'izz;Yemen;Western Asia;Asia Pacific;OFF-ST-6060;Office Supplies;Storage;Smead Shelving, Wire Frame;14,4;1;0,7;-11,52;5,42;Critical;September;2015;2021
41514;YM-2015-TB11400145-42258;Cuma, Eylül 11, 2015;Pazartesi, Eylül 14, 2015;First Class;TB-11400145;Tom Boeckenhauer;Consumer;;Taizz;Ta'izz;Yemen;Western Asia;Asia Pacific;OFF-SU-6163;Office Supplies;Supplies;Stiletto Box Cutter, Steel;21,222;2;0,7;-44,598;8,37;Critical;September;2015;2021
41515;YM-2015-TB11400145-42258;Cuma, Eylül 11, 2015;Pazartesi, Eylül 14, 2015;First Class;TB-11400145;Tom Boeckenhauer;Consumer;;Taizz;Ta'izz;Yemen;Western Asia;Asia Pacific;TEC-PH-3816;Technology;Phones;Cisco Speaker Phone, Full Size;41,931;1;0,7;-50,319;11,65;Critical;September;2015;2021
51054;KZ-2015-JC610568-42267;Pazar, Eylül 20, 2015;Perşembe, Eylül 24, 2015;Standard Class;JC-610568;Julie Creighton;Corporate;;Almaty;Almaty City;Kazakhstan;Central Asia;Asia Pacific;OFF-EN-3668;Office Supplies;Envelopes;Cameo Mailers, with clear poly window;50,04;4;0,7;-110,16;4,79;Medium;September;2015;2021
45939;KZ-2015-PK891068-42248;Salı, Eylül 01, 2015;Cuma, Eylül 04, 2015;First Class;PK-891068;Paul Knutson;Home Office;;Qostanay;Qostanay;Kazakhstan;Central Asia;Asia Pacific;FUR-CH-5411;Furniture;Chairs;Novimex Swivel Stool, Adjustable;100,17;2;0,7;-207,03;26,36;Medium;September;2015;2021
134;US-2015-TT2146036-42276;Salı, Eylül 29, 2015;Pazar, Ekim 04, 2015;Standard Class;TT-2146036;Tonja Turnell;Home Office;;Santo Domingo;Santo Domingo;Dominican Republic;Caribbean;LATAM;OFF-BI-4830;Office Supplies;Binders;Ibico Index Tab, Economy;5,552;1;0,2;-0,768;1,178;Medium;September;2015;2021
9008;MX-2015-HR1477036-42250;Perşembe, Eylül 03, 2015;Salı, Eylül 08, 2015;Standard Class;HR-1477036;Hallie Redmond;Home Office;;Santo Domingo;Santo Domingo;Dominican Republic;Caribbean;LATAM;OFF-ST-5697;Office Supplies;Storage;Rogers Folders, Wire Frame;15,872;1;0,2;2,372;1,605;Medium;September;2015;2021
133;US-2015-TT2146036-42276;Salı, Eylül 29, 2015;Pazar, Ekim 04, 2015;Standard Class;TT-2146036;Tonja Turnell;Home Office;;Santo Domingo;Santo Domingo;Dominican Republic;Caribbean;LATAM;OFF-FA-6208;Office Supplies;Fasteners;Stockwell Thumb Tacks, Metal;14,144;2;0,2;-1,256;1,886;Medium;September;2015;2021
1409;MX-2015-MV1819036-42272;Cuma, Eylül 25, 2015;Salı, Eylül 29, 2015;Standard Class;MV-1819036;Mike Vittorini;Consumer;;Santo Domingo;Santo Domingo;Dominican Republic;Caribbean;LATAM;OFF-AP-4970;Office Supplies;Appliances;KitchenAid Toaster, Silver;137,712;3;0,2;18,912;8,17;Medium;September;2015;2021
9019;US-2015-CM1193536-42251;Cuma, Eylül 04, 2015;Salı, Eylül 08, 2015;Standard Class;CM-1193536;Carlos Meador;Consumer;;Santo Domingo;Santo Domingo;Dominican Republic;Caribbean;LATAM;OFF-ST-6272;Office Supplies;Storage;Tenex Shelving, Blue;87,456;3;0,2;-8,784;8,248;Medium;September;2015;2021
2844;MX-2015-SS2051536-42264;Perşembe, Eylül 17, 2015;Salı, Eylül 22, 2015;Standard Class;SS-2051536;Shirley Schmidt;Home Office;;Santo Domingo;Santo Domingo;Dominican Republic;Caribbean;LATAM;OFF-PA-4476;Office Supplies;Paper;Green Bar Message Books, Premium;38,064;3;0,2;7,104;4,44;High;September;2015;2021
5240;US-2015-PM1894036-42258;Cuma, Eylül 11, 2015;Çarşamba, Eylül 16, 2015;Standard Class;PM-1894036;Paul MacIntyre;Consumer;;Santo Domingo;Santo Domingo;Dominican Republic;Caribbean;LATAM;OFF-SU-3002;Office Supplies;Supplies;Acme Trimmer, High Speed;71,328;3;0,2;-8,052;7,434;High;September;2015;2021
2842;MX-2015-SS2051536-42264;Perşembe, Eylül 17, 2015;Salı, Eylül 22, 2015;Standard Class;SS-2051536;Shirley Schmidt;Home Office;;Santo Domingo;Santo Domingo;Dominican Republic;Caribbean;LATAM;OFF-SU-4137;Office Supplies;Supplies;Elite Trimmer, Serrated;61,392;3;0,2;13,032;8,368;High;September;2015;2021
5216;MX-2015-LC1696036-42250;Perşembe, Eylül 03, 2015;Cuma, Eylül 04, 2015;First Class;LC-1696036;Lindsay Castell;Home Office;;Santo Domingo;Santo Domingo;Dominican Republic;Caribbean;LATAM;OFF-FA-2952;Office Supplies;Fasteners;Accos Rubber Bands, Assorted Sizes;15,072;2;0,2;2,632;2,155;High;September;2015;2021
3470;US-2015-MG1768036-42251;Cuma, Eylül 04, 2015;Çarşamba, Eylül 09, 2015;Standard Class;MG-1768036;Maureen Gastineau;Home Office;;Santo Domingo;Santo Domingo;Dominican Republic;Caribbean;LATAM;TEC-AC-5123;Technology;Accessories;Logitech Memory Card, Programmable;279,68;5;0,2;-38,52;20,191;Medium;September;2015;2021
2846;MX-2015-SS2051536-42264;Perşembe, Eylül 17, 2015;Salı, Eylül 22, 2015;Standard Class;SS-2051536;Shirley Schmidt;Home Office;;Santo Domingo;Santo Domingo;Dominican Republic;Caribbean;LATAM;TEC-AC-5121;Technology;Accessories;Logitech Memory Card, Bluetooth;165,408;3;0,2;14,448;24,257;High;September;2015;2021
2843;MX-2015-SS2051536-42264;Perşembe, Eylül 17, 2015;Salı, Eylül 22, 2015;Standard Class;SS-2051536;Shirley Schmidt;Home Office;;Santo Domingo;Santo Domingo;Dominican Republic;Caribbean;LATAM;FUR-CH-4632;Furniture;Chairs;Hon Chairmat, Red;148,08;5;0,2;3,68;25,213;High;September;2015;2021
8039;US-2015-RD1981036-42263;Çarşamba, Eylül 16, 2015;Pazar, Eylül 20, 2015;Standard Class;RD-1981036;Ross DeVincentis;Home Office;;Santo Domingo;Santo Domingo;Dominican Republic;Caribbean;LATAM;FUR-BO-5799;Furniture;Bookcases;Safco Stackable Bookrack, Traditional;118,752;2;0,4;-33,648;4,383;Medium;September;2015;2021
8040;US-2015-RD1981036-42263;Çarşamba, Eylül 16, 2015;Pazar, Eylül 20, 2015;Standard Class;RD-1981036;Ross DeVincentis;Home Office;;Santo Domingo;Santo Domingo;Dominican Republic;Caribbean;LATAM;FUR-FU-3034;Furniture;Furnishings;Advantus Frame, Durable;144,2;4;0,5;-132,68;10,936;Medium;September;2015;2021
2845;MX-2015-SS2051536-42264;Perşembe, Eylül 17, 2015;Salı, Eylül 22, 2015;Standard Class;SS-2051536;Shirley Schmidt;Home Office;;Santo Domingo;Santo Domingo;Dominican Republic;Caribbean;LATAM;FUR-BO-5746;Furniture;Bookcases;Safco 3-Shelf Cabinet, Mobile;274,176;4;0,4;4,496;28,765;High;September;2015;2021
640;MX-2015-JK1612036-42259;Cumartesi, Eylül 12, 2015;Salı, Eylül 15, 2015;First Class;JK-1612036;Julie Kriz;Home Office;;Santo Domingo;Santo Domingo;Dominican Republic;Caribbean;LATAM;TEC-CO-4572;Technology;Copiers;Hewlett Fax and Copier, Digital;204,83064;2;0,202;40,55064;40,046;High;September;2015;2021
862;MX-2015-AF1088536-42250;Perşembe, Eylül 03, 2015;Perşembe, Eylül 03, 2015;Same Day;AF-1088536;Art Foster;Consumer;;Santiago de los Caballeros;Santiago;Dominican Republic;Caribbean;LATAM;OFF-FA-6206;Office Supplies;Fasteners;Stockwell Thumb Tacks, Assorted Sizes;11,296;2;0,2;-1,584;1,869;Medium;September;2015;2021
861;MX-2015-AF1088536-42250;Perşembe, Eylül 03, 2015;Perşembe, Eylül 03, 2015;Same Day;AF-1088536;Art Foster;Consumer;;Santiago de los Caballeros;Santiago;Dominican Republic;Caribbean;LATAM;OFF-LA-6051;Office Supplies;Labels;Smead Removable Labels, Adjustable;40,656;7;0,2;6,496;6,989;Medium;September;2015;2021
5749;MX-2015-DB1361536-42252;Cumartesi, Eylül 05, 2015;Çarşamba, Eylül 09, 2015;Standard Class;DB-1361536;Doug Bickford;Consumer;;San Francisco de Macorís;Duarte;Dominican Republic;Caribbean;LATAM;OFF-AR-3498;Office Supplies;Art;Binney & Smith Pens, Water Color;40,32;5;0,2;9,52;5,127;High;September;2015;2021
7773;MX-2015-RC1982536-42251;Cuma, Eylül 04, 2015;Pazar, Eylül 06, 2015;Second Class;RC-1982536;Roy Collins;Consumer;;San Francisco de Macorís;Duarte;Dominican Republic;Caribbean;LATAM;OFF-SU-2995;Office Supplies;Supplies;Acme Shears, Serrated;149,184;6;0,2;31,584;13,625;High;September;2015;2021
9630;MX-2015-LC1687036-42264;Perşembe, Eylül 17, 2015;Cuma, Eylül 18, 2015;First Class;LC-1687036;Lena Cacioppo;Consumer;;La Romana;La Romana;Dominican Republic;Caribbean;LATAM;OFF-PA-6602;Office Supplies;Paper;Xerox Cards & Envelopes, Premium;95,936;4;0,2;16,736;26,153;High;September;2015;2021
5750;MX-2015-DB1361536-42252;Cumartesi, Eylül 05, 2015;Çarşamba, Eylül 09, 2015;Standard Class;DB-1361536;Doug Bickford;Consumer;;San Francisco de Macorís;Duarte;Dominican Republic;Caribbean;LATAM;TEC-CO-4784;Technology;Copiers;HP Personal Copier, Color;334,4418;5;0,202;-17,6582;40,475;High;September;2015;2021
1309;US-2015-DH1307536-42277;Çarşamba, Eylül 30, 2015;Cuma, Ekim 02, 2015;First Class;DH-1307536;Dave Hallsten;Corporate;;La Vega;La Vega;Dominican Republic;Caribbean;LATAM;FUR-BO-3891;Furniture;Bookcases;Dania Classic Bookcase, Pine;494,532;3;0,4;-24,768;50,507;High;September;2015;2021
5484;MX-2015-TH2111512-42270;Çarşamba, Eylül 23, 2015;Pazar, Eylül 27, 2015;Standard Class;TH-2111512;Thea Hudgings;Corporate;;Bridgetown;Saint Michael;Barbados;Caribbean;LATAM;TEC-CO-6011;Technology;Copiers;Sharp Wireless Fax, High-Speed;471,21568;2;0,002;79,29568;48,07;High;September;2015;2021
5835;MX-2015-EM1381031-42266;Cumartesi, Eylül 19, 2015;Cumartesi, Eylül 26, 2015;Standard Class;EM-1381031;Eleni McCrary;Corporate;;San José de las Lajas;Mayabeque;Cuba;Caribbean;LATAM;TEC-CO-3589;Technology;Copiers;Brother Copy Machine, Laser;697,08304;4;0,002;333,80304;68,541;Medium;September;2015;2021
6842;MX-2015-KE1642031-42252;Cumartesi, Eylül 05, 2015;Salı, Eylül 08, 2015;Second Class;KE-1642031;Katrina Edelman;Corporate;;Las Tunas;Las Tunas;Cuba;Caribbean;LATAM;TEC-CO-4586;Technology;Copiers;Hewlett Personal Copier, Color;775,56576;8;0,002;83,88576;180,012;Critical;September;2015;2021
9363;US-2015-SJ2021554-42255;Salı, Eylül 08, 2015;Perşembe, Eylül 10, 2015;Second Class;SJ-2021554;Sarah Jordon;Consumer;;Carrefour;Ouest;Haiti;Caribbean;LATAM;FUR-TA-5068;Furniture;Tables;Lesro Training Table, Fully Assembled;216,216;4;0,7;-245,064;56,613;Critical;September;2015;2021
9362;US-2015-SJ2021554-42255;Salı, Eylül 08, 2015;Perşembe, Eylül 10, 2015;Second Class;SJ-2021554;Sarah Jordon;Consumer;;Carrefour;Ouest;Haiti;Caribbean;LATAM;OFF-EN-5029;Office Supplies;Envelopes;Kraft Interoffice Envelope, Recycled;73,152;4;0,4;-1,248;18,738;Critical;September;2015;2021
9848;US-2015-HH150105-42266;Cumartesi, Eylül 19, 2015;Salı, Eylül 22, 2015;First Class;HH-150105;Hilary Holden;Corporate;;Buenos Aires;Buenos Aires;Argentina;South America;LATAM;OFF-AR-3467;Office Supplies;Art;BIC Pens, Water Color;27,936;4;0,4;-8,864;7,802;Critical;September;2015;2021
8644;US-2015-SH206355-42256;Çarşamba, Eylül 09, 2015;Cumartesi, Eylül 12, 2015;First Class;SH-206355;Stefanie Holloman;Corporate;;Rosario;Santa Fe;Argentina;South America;LATAM;FUR-FU-6241;Furniture;Furnishings;Tenex Door Stop, Black;17,556;1;0,4;-9,664;2,858;High;September;2015;2021
8647;US-2015-SH206355-42256;Çarşamba, Eylül 09, 2015;Cumartesi, Eylül 12, 2015;First Class;SH-206355;Stefanie Holloman;Corporate;;Rosario;Santa Fe;Argentina;South America;LATAM;OFF-LA-4526;Office Supplies;Labels;Harbour Creations Color Coded Labels, 5000 Label Set;15,948;3;0,4;-1,632;2,95;High;September;2015;2021
4324;US-2015-MF176655-42274;Pazar, Eylül 27, 2015;Çarşamba, Eylül 30, 2015;First Class;MF-176655;Maureen Fritzler;Corporate;;Rosario;Santa Fe;Argentina;South America;LATAM;OFF-FA-5484;Office Supplies;Fasteners;OIC Thumb Tacks, 12 Pack;32,4;6;0,4;-19,44;5,103;Medium;September;2015;2021
3688;US-2015-BO114255-42272;Cuma, Eylül 25, 2015;Salı, Eylül 29, 2015;Standard Class;BO-114255;Bobby Odegard;Consumer;;San Nicolás de los Arroyos;Provincia de Buenos Aires;Argentina;South America;LATAM;OFF-EN-3654;Office Supplies;Envelopes;Cameo Business Envelopes, Recycled;92,88;12;0,4;-46,56;10,955;High;September;2015;2021
8645;US-2015-SH206355-42256;Çarşamba, Eylül 09, 2015;Cumartesi, Eylül 12, 2015;First Class;SH-206355;Stefanie Holloman;Corporate;;Rosario;Santa Fe;Argentina;South America;LATAM;OFF-ST-4094;Office Supplies;Storage;Eldon Shelving, Blue;77,472;4;0,4;8,992;11,286;High;September;2015;2021
8646;US-2015-SH206355-42256;Çarşamba, Eylül 09, 2015;Cumartesi, Eylül 12, 2015;First Class;SH-206355;Stefanie Holloman;Corporate;;Rosario;Santa Fe;Argentina;South America;LATAM;TEC-AC-4179;Technology;Accessories;Enermax Numeric Keypad, Erganomic;94,128;4;0,4;-29,872;22,413;High;September;2015;2021
5040;US-2015-SS20410143-42248;Salı, Eylül 01, 2015;Pazar, Eylül 06, 2015;Second Class;SS-20410143;Shahid Shariari;Consumer;;Maracay;Aragua;Venezuela;South America;LATAM;OFF-PA-4476;Office Supplies;Paper;Green Bar Message Books, Premium;9,516;1;0,4;-0,804;1,117;Medium;September;2015;2021
6077;US-2015-TS21340143-42262;Salı, Eylül 15, 2015;Pazartesi, Eylül 21, 2015;Standard Class;TS-21340143;Toby Swindell;Consumer;;Maracay;Aragua;Venezuela;South America;LATAM;OFF-SU-4313;Office Supplies;Supplies;Fiskars Ruler, Serrated;13,356;3;0,4;0,396;1,584;Medium;September;2015;2021
6080;US-2015-TS21340143-42262;Salı, Eylül 15, 2015;Pazartesi, Eylül 21, 2015;Standard Class;TS-21340143;Toby Swindell;Consumer;;Maracay;Aragua;Venezuela;South America;LATAM;OFF-AR-3500;Office Supplies;Art;Binney & Smith Sketch Pad, Easy-Erase;167,724;9;0,4;27,864;5,835;Medium;September;2015;2021
5039;US-2015-SS20410143-42248;Salı, Eylül 01, 2015;Pazar, Eylül 06, 2015;Second Class;SS-20410143;Shahid Shariari;Consumer;;Maracay;Aragua;Venezuela;South America;LATAM;FUR-BO-3905;Furniture;Bookcases;Dania Stackable Bookrack, Mobile;97,272;2;0,4;-17,848;6,841;Medium;September;2015;2021
6075;US-2015-TS21340143-42262;Salı, Eylül 15, 2015;Pazartesi, Eylül 21, 2015;Standard Class;TS-21340143;Toby Swindell;Consumer;;Maracay;Aragua;Venezuela;South America;LATAM;OFF-AP-4490;Office Supplies;Appliances;Hamilton Beach Blender, Black;140,94;5;0,4;-44,66;11,735;Medium;September;2015;2021
6076;US-2015-TS21340143-42262;Salı, Eylül 15, 2015;Pazartesi, Eylül 21, 2015;Standard Class;TS-21340143;Toby Swindell;Consumer;;Maracay;Aragua;Venezuela;South America;LATAM;FUR-CH-4699;Furniture;Chairs;Hon Steel Folding Chair, Red;162,84;5;0,4;-54,36;19,134;Medium;September;2015;2021
7470;US-2015-CM11815101-42271;Perşembe, Eylül 24, 2015;Pazartesi, Eylül 28, 2015;Standard Class;CM-11815101;Candace McMahon;Corporate;;Lima;Lima (city);Peru;South America;LATAM;OFF-LA-4693;Office Supplies;Labels;Hon Shipping Labels, 5000 Label Set;4,704;1;0,4;0,144;1,231;Medium;September;2015;2021
7468;US-2015-CM11815101-42271;Perşembe, Eylül 24, 2015;Pazartesi, Eylül 28, 2015;Standard Class;CM-11815101;Candace McMahon;Corporate;;Lima;Lima (city);Peru;South America;LATAM;OFF-LA-3311;Office Supplies;Labels;Avery Removable Labels, Adjustable;20,736;6;0,4;-10,464;1,454;Medium;September;2015;2021
4202;MX-2015-DC12850101-42252;Cumartesi, Eylül 05, 2015;Çarşamba, Eylül 09, 2015;Standard Class;DC-12850101;Dan Campbell;Consumer;;Lima;Lima (city);Peru;South America;LATAM;OFF-EN-5024;Office Supplies;Envelopes;Kraft Business Envelopes, Set of 50;15,984;2;0,4;1,304;2,625;High;September;2015;2021
7469;US-2015-CM11815101-42271;Perşembe, Eylül 24, 2015;Pazartesi, Eylül 28, 2015;Standard Class;CM-11815101;Candace McMahon;Corporate;;Lima;Lima (city);Peru;South America;LATAM;TEC-PH-5835;Technology;Phones;Samsung Signal Booster, Cordless;111,552;2;0,4;-14,888;9,556;Medium;September;2015;2021
7467;US-2015-CM11815101-42271;Perşembe, Eylül 24, 2015;Pazartesi, Eylül 28, 2015;Standard Class;CM-11815101;Candace McMahon;Corporate;;Lima;Lima (city);Peru;South America;LATAM;FUR-CH-4531;Furniture;Chairs;Harbour Creations Executive Leather Armchair, Black;568,332;3;0,4;-142,128;18,258;Medium;September;2015;2021
6078;US-2015-TS21340143-42262;Salı, Eylül 15, 2015;Pazartesi, Eylül 21, 2015;Standard Class;TS-21340143;Toby Swindell;Consumer;;Maracay;Aragua;Venezuela;South America;LATAM;TEC-CO-3599;Technology;Copiers;Brother Ink, Color;118,59536;2;0,402;-16,28464;7,493;Medium;September;2015;2021
4036;MX-2015-BE1133528-42263;Çarşamba, Eylül 16, 2015;Cumartesi, Eylül 19, 2015;First Class;BE-1133528;Bill Eplett;Home Office;;Bucaramanga;Santander;Colombia;South America;LATAM;TEC-CO-5992;Technology;Copiers;Sharp Copy Machine, Laser;795,2064;5;0,002;245,4064;8,93;Medium;September;2015;2021
6079;US-2015-TS21340143-42262;Salı, Eylül 15, 2015;Pazartesi, Eylül 21, 2015;Standard Class;TS-21340143;Toby Swindell;Consumer;;Maracay;Aragua;Venezuela;South America;LATAM;TEC-CO-6010;Technology;Copiers;Sharp Wireless Fax, Digital;283,49984;2;0,402;-185,86016;19,842;Medium;September;2015;2021
2859;MX-2015-MA1756037-42266;Cumartesi, Eylül 19, 2015;Pazartesi, Eylül 21, 2015;Second Class;MA-1756037;Matt Abelman;Home Office;;Quevedo;Los Rios;Ecuador;South America;LATAM;TEC-CO-4766;Technology;Copiers;HP Copy Machine, High-Speed;972,81048;6;0,002;36,93048;154,074;Medium;September;2015;2021
1777;MX-2015-GM1444037-42265;Cuma, Eylül 18, 2015;Cuma, Eylül 18, 2015;Same Day;GM-1444037;Gary McGarr;Consumer;;Quito;Pichincha;Ecuador;South America;LATAM;TEC-CO-3588;Technology;Copiers;Brother Copy Machine, High-Speed;698,04112;4;0,002;131,48112;157,461;Critical;September;2015;2021
1779;MX-2015-GM1444037-42265;Cuma, Eylül 18, 2015;Cuma, Eylül 18, 2015;Same Day;GM-1444037;Gary McGarr;Consumer;;Quito;Pichincha;Ecuador;South America;LATAM;TEC-CO-3587;Technology;Copiers;Brother Copy Machine, Color;1213,18876;7;0,002;508,00876;493,409;Critical;September;2015;2021
3689;US-2015-BO114255-42272;Cuma, Eylül 25, 2015;Salı, Eylül 29, 2015;Standard Class;BO-114255;Bobby Odegard;Consumer;;San Nicolás de los Arroyos;Provincia de Buenos Aires;Argentina;South America;LATAM;TEC-CO-4777;Technology;Copiers;HP Ink, Color;103,76496;2;0,402;-21,19504;7,4;High;September;2015;2021
2405;MX-2015-DK129855-42272;Cuma, Eylül 25, 2015;Pazar, Eylül 27, 2015;Second Class;DK-129855;Darren Koutras;Consumer;;Buenos Aires;Buenos Aires;Argentina;South America;LATAM;TEC-CO-5990;Technology;Copiers;Sharp Copy Machine, Color;473,616;5;0,402;61,716;62,373;High;September;2015;2021
7103;MX-2015-DJ1351018-42250;Perşembe, Eylül 03, 2015;Pazartesi, Eylül 07, 2015;Standard Class;DJ-1351018;Don Jones;Corporate;;Campo Grande;Mato Grosso do Sul;Brazil;South America;LATAM;TEC-CO-3706;Technology;Copiers;Canon Personal Copier, Laser;379,87872;4;0,002;162,83872;19,257;High;September;2015;2021
5845;MX-2015-RB1943518-42277;Çarşamba, Eylül 30, 2015;Pazar, Ekim 04, 2015;Standard Class;RB-1943518;Richard Bierner;Consumer;;Umuarama;Parana;Brazil;South America;LATAM;TEC-CO-3606;Technology;Copiers;Brother Personal Copier, High-Speed;375,48752;4;0,002;18,04752;24,258;Medium;September;2015;2021
7368;MX-2015-MJ1774018-42275;Pazartesi, Eylül 28, 2015;Cumartesi, Ekim 03, 2015;Standard Class;MJ-1774018;Max Jones;Consumer;;Gaspar;Santa Catarina;Brazil;South America;LATAM;TEC-CO-5997;Technology;Copiers;Sharp Fax Machine, Color;592,99164;3;0,002;76,03164;33,016;Medium;September;2015;2021
7106;MX-2015-DJ1351018-42250;Perşembe, Eylül 03, 2015;Pazartesi, Eylül 07, 2015;Standard Class;DJ-1351018;Don Jones;Corporate;;Campo Grande;Mato Grosso do Sul;Brazil;South America;LATAM;TEC-CO-4787;Technology;Copiers;HP Personal Copier, Laser;496,16568;6;0,002;217,64568;37,648;High;September;2015;2021
3532;MX-2015-JF1529518-42265;Cuma, Eylül 18, 2015;Çarşamba, Eylül 23, 2015;Standard Class;JF-1529518;Jason Fortune-;Consumer;;São Paulo;São Paulo;Brazil;South America;LATAM;TEC-CO-5999;Technology;Copiers;Sharp Fax Machine, High-Speed;586,5246;3;0,002;169,2246;41,559;Medium;September;2015;2021
1790;MX-2015-SK1999018-42252;Cumartesi, Eylül 05, 2015;Salı, Eylül 08, 2015;First Class;SK-1999018;Sally Knutson;Consumer;;Guanambi;Bahia;Brazil;South America;LATAM;TEC-CO-4588;Technology;Copiers;Hewlett Personal Copier, High-Speed;284,37012;3;0,002;22,17012;58,533;Medium;September;2015;2021
7105;MX-2015-DJ1351018-42250;Perşembe, Eylül 03, 2015;Pazartesi, Eylül 07, 2015;Standard Class;DJ-1351018;Don Jones;Corporate;;Campo Grande;Mato Grosso do Sul;Brazil;South America;LATAM;TEC-CO-3688;Technology;Copiers;Canon Fax Machine, High-Speed;421,27576;2;0,002;58,23576;69,571;High;September;2015;2021
8756;MX-2015-HP1481518-42267;Pazar, Eylül 20, 2015;Salı, Eylül 22, 2015;Second Class;HP-1481518;Harold Pawlan;Home Office;;Tupã;São Paulo;Brazil;South America;LATAM;FUR-TA-4636;Furniture;Tables;Hon Coffee Table, with Bottom Storage;168,48;1;0,2;-29,5;37,865;Critical;September;2015;2021
71;US-2015-TZ2144518-42259;Cumartesi, Eylül 12, 2015;Cumartesi, Eylül 19, 2015;Standard Class;TZ-2144518;Tom Zandusky;Corporate;;Abreu e Lima;Pernambuco;Brazil;South America;LATAM;FUR-TA-3765;Furniture;Tables;Chromcraft Conference Table, Rectangular;928,256;2;0,2;-81,224;75,005;Medium;September;2015;2021
8753;MX-2015-RB1979518-42258;Cuma, Eylül 11, 2015;Cuma, Eylül 18, 2015;Standard Class;RB-1979518;Ross Baird;Home Office;;Ibiúna;São Paulo;Brazil;South America;LATAM;FUR-TA-3763;Furniture;Tables;Chromcraft Conference Table, Adjustable Height;2332,96;5;0,2;349,86;357,789;Low;September;2015;2021
10128;US-2015-TT2146018-42276;Salı, Eylül 29, 2015;Pazar, Ekim 04, 2015;Standard Class;TT-2146018;Tonja Turnell;Home Office;;Bom Jesus da Lapa;Bahia;Brazil;South America;LATAM;OFF-BI-4830;Office Supplies;Binders;Ibico Index Tab, Economy;2,776;1;0,6;-3,544;1,107;Medium;September;2015;2021
10127;US-2015-TT2146018-42276;Salı, Eylül 29, 2015;Pazar, Ekim 04, 2015;Standard Class;TT-2146018;Tonja Turnell;Home Office;;Bom Jesus da Lapa;Bahia;Brazil;South America;LATAM;OFF-FA-6208;Office Supplies;Fasteners;Stockwell Thumb Tacks, Metal;7,072;2;0,6;-8,328;1,557;Medium;September;2015;2021
10276;US-2015-DH1367518-42260;Pazar, Eylül 13, 2015;Pazar, Eylül 13, 2015;Same Day;DH-1367518;Duane Huffman;Home Office;;Brumado;Bahia;Brazil;South America;LATAM;FUR-CH-4628;Furniture;Chairs;Hon Bag Chairs, Red;36,12;3;0,6;-50,58;7,332;Critical;September;2015;2021
10269;US-2015-MN1793518-42250;Perşembe, Eylül 03, 2015;Pazartesi, Eylül 07, 2015;Second Class;MN-1793518;Michael Nguyen;Consumer;;Quixadá;Ceará;Brazil;South America;LATAM;OFF-SU-4973;Office Supplies;Supplies;Kleencut Box Cutter, Easy Grip;19,344;2;0,6;-15,976;1,169;Medium;September;2015;2021
10008;US-2015-PK1891018-42271;Perşembe, Eylül 24, 2015;Perşembe, Ekim 01, 2015;Standard Class;PK-1891018;Paul Knutson;Home Office;;Barreirinhas;Maranhão;Brazil;South America;LATAM;OFF-EN-5034;Office Supplies;Envelopes;Kraft Mailers, Security-Tint;32,04;3;0,6;-10,44;1,395;Medium;September;2015;2021
10268;US-2015-MN1793518-42250;Perşembe, Eylül 03, 2015;Pazartesi, Eylül 07, 2015;Second Class;MN-1793518;Michael Nguyen;Consumer;;Quixadá;Ceará;Brazil;South America;LATAM;OFF-BI-4817;Office Supplies;Binders;Ibico Binding Machine, Economy;68,56;5;0,6;-37,74;9,146;Medium;September;2015;2021
10249;US-2015-LW1699018-42273;Cumartesi, Eylül 26, 2015;Pazartesi, Eylül 28, 2015;First Class;LW-1699018;Lindsay Williams;Corporate;;Pilar;Alagoas;Brazil;South America;LATAM;OFF-ST-5693;Office Supplies;Storage;Rogers File Cart, Single Width;75,536;2;0,6;-71,784;10,145;Medium;September;2015;2021
10065;US-2015-TZ2144518-42259;Cumartesi, Eylül 12, 2015;Cumartesi, Eylül 19, 2015;Standard Class;TZ-2144518;Tom Zandusky;Corporate;;Açu;Rio Grande do Norte;Brazil;South America;LATAM;FUR-TA-3765;Furniture;Tables;Chromcraft Conference Table, Rectangular;464,128;2;0,6;-545,352;49,221;Medium;September;2015;2021
5789;MX-2015-WB2185082-42265;Cuma, Eylül 18, 2015;Cuma, Eylül 25, 2015;Standard Class;WB-2185082;William Brown;Consumer;;Colima;Colima;Mexico;Central America;LATAM;FUR-CH-4561;Furniture;Chairs;Harbour Creations Swivel Stool, Adjustable;97,392;1;0,2;26,772;3,35;Medium;September;2015;2021
5788;MX-2015-WB2185082-42265;Cuma, Eylül 18, 2015;Cuma, Eylül 25, 2015;Standard Class;WB-2185082;William Brown;Consumer;;Colima;Colima;Mexico;Central America;LATAM;FUR-CH-5414;Furniture;Chairs;Novimex Swivel Stool, Set of Two;266,736;3;0,2;56,676;13,523;Medium;September;2015;2021
8019;MX-2015-SP2065082-42257;Perşembe, Eylül 10, 2015;Salı, Eylül 15, 2015;Standard Class;SP-2065082;Stephanie Phelps;Corporate;;Puebla;Puebla;Mexico;Central America;LATAM;FUR-CH-5371;Furniture;Chairs;Novimex Chairmat, Black;86,256;3;0,2;-15,144;5,339;Medium;September;2015;2021
8018;MX-2015-SP2065082-42257;Perşembe, Eylül 10, 2015;Salı, Eylül 15, 2015;Standard Class;SP-2065082;Stephanie Phelps;Corporate;;Puebla;Puebla;Mexico;Central America;LATAM;FUR-CH-5397;Furniture;Chairs;Novimex Rocking Chair, Set of Two;142,592;2;0,2;28,512;10,483;Medium;September;2015;2021
716;MX-2015-TB2117582-42258;Cuma, Eylül 11, 2015;Çarşamba, Eylül 16, 2015;Standard Class;TB-2117582;Thomas Boland;Corporate;;Mérida;Yucatán;Mexico;Central America;LATAM;FUR-CH-5367;Furniture;Chairs;Novimex Bag Chairs, Black;69,648;3;0,2;20,868;12,902;High;September;2015;2021
5169;MX-2015-SC2068082-42277;Çarşamba, Eylül 30, 2015;Pazar, Ekim 04, 2015;Standard Class;SC-2068082;Steve Carroll;Home Office;;Temixco;Morelos;Mexico;Central America;LATAM;FUR-CH-5443;Furniture;Chairs;Office Star Executive Leather Armchair, Red;500,992;2;0,2;-75,168;42,405;High;September;2015;2021
7091;MX-2015-CA1205582-42276;Salı, Eylül 29, 2015;Pazartesi, Ekim 05, 2015;Standard Class;CA-1205582;Cathy Armstrong;Home Office;;León;Guanajuato;Mexico;Central America;LATAM;FUR-CH-4654;Furniture;Chairs;Hon Executive Leather Armchair, Adjustable;735,408;3;0,2;82,728;72,862;Low;September;2015;2021
7817;MX-2015-MH1729082-42272;Cuma, Eylül 25, 2015;Salı, Eylül 29, 2015;Standard Class;MH-1729082;Marc Harrigan;Home Office;;Toluca;México;Mexico;Central America;LATAM;FUR-CH-4654;Furniture;Chairs;Hon Executive Leather Armchair, Adjustable;735,408;3;0,2;82,728;113,837;High;September;2015;2021
6558;MX-2015-KB1624082-42249;Çarşamba, Eylül 02, 2015;Pazar, Eylül 06, 2015;Second Class;KB-1624082;Karen Bern;Corporate;;Azcapotzalco;Distrito Federal;Mexico;Central America;LATAM;FUR-CH-4702;Furniture;Chairs;Hon Swivel Stool, Black;171,968;2;0,2;15,008;10,389;Medium;September;2015;2021
921;MX-2015-EL1373582-42264;Perşembe, Eylül 17, 2015;Cumartesi, Eylül 19, 2015;First Class;EL-1373582;Ed Ludwig;Home Office;;Santa Catarina;Nuevo León;Mexico;Central America;LATAM;FUR-BO-5960;Furniture;Bookcases;Sauder Floating Shelf Set, Mobile;210,24;2;0,2;7,88;24,648;High;September;2015;2021
9305;MX-2015-MB1730582-42264;Perşembe, Eylül 17, 2015;Perşembe, Eylül 17, 2015;Same Day;MB-1730582;Maria Bertelson;Consumer;;Mexico City;Distrito Federal;Mexico;Central America;LATAM;FUR-BO-3895;Furniture;Bookcases;Dania Corner Shelving, Pine;131,648;2;0,2;1,608;36,73;Critical;September;2015;2021
452;MX-2015-GZ1454582-42264;Perşembe, Eylül 17, 2015;Pazartesi, Eylül 21, 2015;Second Class;GZ-1454582;George Zrebassa;Corporate;;Mexico City;Distrito Federal;Mexico;Central America;LATAM;FUR-BO-3617;Furniture;Bookcases;Bush 3-Shelf Cabinet, Pine;463,104;6;0,2;92,544;50,131;High;September;2015;2021
4759;MX-2015-BS1166582-42270;Çarşamba, Eylül 23, 2015;Cuma, Eylül 25, 2015;Second Class;BS-1166582;Brian Stugart;Consumer;;Monterrey;Nuevo León;Mexico;Central America;LATAM;FUR-BO-3903;Furniture;Bookcases;Dania Library with Doors, Pine;776;4;0,2;290,96;81,554;Medium;September;2015;2021
7818;MX-2015-MH1729082-42272;Cuma, Eylül 25, 2015;Salı, Eylül 29, 2015;Standard Class;MH-1729082;Marc Harrigan;Home Office;;Toluca;México;Mexico;Central America;LATAM;FUR-BO-4844;Furniture;Bookcases;Ikea 3-Shelf Cabinet, Metal;151,36;2;0,2;-28,4;8,5;High;September;2015;2021
1130;MX-2015-JG1516082-42256;Çarşamba, Eylül 09, 2015;Pazartesi, Eylül 14, 2015;Standard Class;JG-1516082;James Galang;Consumer;;Tlalnepantla;México;Mexico;Central America;LATAM;FUR-BO-4858;Furniture;Bookcases;Ikea Floating Shelf Set, Pine;183,136;2;0,2;48,056;11,624;Medium;September;2015;2021
7489;US-2015-SM2095082-42274;Pazar, Eylül 27, 2015;Cuma, Ekim 02, 2015;Standard Class;SM-2095082;Suzanne McNair;Corporate;;Tepic;Nayarit;Mexico;Central America;LATAM;FUR-BO-5973;Furniture;Bookcases;Sauder Stackable Bookrack, Traditional;390,08;5;0,2;-92,72;47,717;Medium;September;2015;2021
9158;MX-2015-LC1705082-42262;Salı, Eylül 15, 2015;Pazar, Eylül 20, 2015;Standard Class;LC-1705082;Liz Carlisle;Consumer;;Hermosillo;Sonora;Mexico;Central America;LATAM;FUR-FU-5732;Furniture;Furnishings;Rubbermaid Light Bulb, Duo Pack;45,36;6;0,4;2,16;1,339;Medium;September;2015;2021
7491;US-2015-SM2095082-42274;Pazar, Eylül 27, 2015;Cuma, Ekim 02, 2015;Standard Class;SM-2095082;Suzanne McNair;Corporate;;Tepic;Nayarit;Mexico;Central America;LATAM;FUR-FU-6243;Furniture;Furnishings;Tenex Door Stop, Durable;49,104;3;0,4;-20,496;2,694;Medium;September;2015;2021
7601;MX-2015-TB2152082-42273;Cumartesi, Eylül 26, 2015;Çarşamba, Eylül 30, 2015;Standard Class;TB-2152082;Tracy Blumstein;Consumer;;Culiacán;Sinaloa;Mexico;Central America;LATAM;FUR-FU-6238;Furniture;Furnishings;Tenex Clock, Durable;37,824;2;0,4;-2,536;3,9;Medium;September;2015;2021
9157;MX-2015-LC1705082-42262;Salı, Eylül 15, 2015;Pazar, Eylül 20, 2015;Standard Class;LC-1705082;Liz Carlisle;Consumer;;Hermosillo;Sonora;Mexico;Central America;LATAM;FUR-FU-5737;Furniture;Furnishings;Rubbermaid Photo Frame, Durable;58,536;3;0,4;3,876;4,231;Medium;September;2015;2021
1976;US-2015-RB1979582-42276;Salı, Eylül 29, 2015;Cumartesi, Ekim 03, 2015;Standard Class;RB-1979582;Ross Baird;Home Office;;Obregón;Sonora;Mexico;Central America;LATAM;FUR-FU-6239;Furniture;Furnishings;Tenex Clock, Erganomic;78,192;4;0,4;-14,368;4,57;Medium;September;2015;2021
7740;MX-2015-TB2135582-42248;Salı, Eylül 01, 2015;Pazar, Eylül 06, 2015;Standard Class;TB-2135582;Todd Boyes;Corporate;;Gómez Palacio;Durango;Mexico;Central America;LATAM;FUR-FU-3035;Furniture;Furnishings;Advantus Frame, Erganomic;87,792;2;0,4;-5,888;5,229;Medium;September;2015;2021
4673;US-2015-EJ1372082-42249;Çarşamba, Eylül 02, 2015;Çarşamba, Eylül 09, 2015;Standard Class;EJ-1372082;Ed Jacobs;Consumer;;Córdoba;Veracruz;Mexico;Central America;LATAM;FUR-FU-5725;Furniture;Furnishings;Rubbermaid Door Stop, Durable;32,664;2;0,4;-8,736;1,657;Low;September;2015;2021
8970;MX-2015-BT1168082-42253;Pazar, Eylül 06, 2015;Perşembe, Eylül 10, 2015;Standard Class;BT-1168082;Brian Thompson;Consumer;;Juárez;Chihuahua;Mexico;Central America;LATAM;FUR-FU-5721;Furniture;Furnishings;Rubbermaid Clock, Erganomic;78,048;4;0,4;1,248;6,515;High;September;2015;2021
3298;US-2015-SN2056082-42271;Perşembe, Eylül 24, 2015;Cumartesi, Eylül 26, 2015;First Class;SN-2056082;Skye Norling;Home Office;;Puebla;Puebla;Mexico;Central America;LATAM;FUR-FU-3928;Furniture;Furnishings;Deflect-O Clock, Black;20,124;1;0,4;-8,396;3,496;Medium;September;2015;2021
4869;MX-2015-FO1430582-42265;Cuma, Eylül 18, 2015;Pazartesi, Eylül 21, 2015;Second Class;FO-1430582;Frank Olsen;Consumer;;Poza Rica de Hidalgo;Veracruz;Mexico;Central America;LATAM;FUR-FU-3957;Furniture;Furnishings;Deflect-O Stacking Tray, Erganomic;47,82;5;0,4;-13,58;3,9;Medium;September;2015;2021
2667;MX-2015-SG2089082-42250;Perşembe, Eylül 03, 2015;Pazar, Eylül 06, 2015;Second Class;SG-2089082;Susan Gilcrest;Corporate;;Delicias;Chihuahua;Mexico;Central America;LATAM;FUR-FU-4034;Furniture;Furnishings;Eldon Clock, Black;45,216;2;0,4;-0,024;5,35;Medium;September;2015;2021
9124;US-2015-PJ1883582-42251;Cuma, Eylül 04, 2015;Pazartesi, Eylül 07, 2015;First Class;PJ-1883582;Patrick Jones;Corporate;;León;Guanajuato;Mexico;Central America;LATAM;FUR-FU-5735;Furniture;Furnishings;Rubbermaid Photo Frame, Black;103,5;5;0,4;-27,6;8,985;High;September;2015;2021
627;US-2015-AR1057082-42266;Cumartesi, Eylül 19, 2015;Çarşamba, Eylül 23, 2015;Second Class;AR-1057082;Anemone Ratner;Consumer;;Miguel Hidalgo;Distrito Federal;Mexico;Central America;LATAM;FUR-FU-6238;Furniture;Furnishings;Tenex Clock, Durable;56,736;3;0,4;-3,804;9,952;Medium;September;2015;2021
3621;US-2015-KE1642082-42253;Pazar, Eylül 06, 2015;Salı, Eylül 08, 2015;First Class;KE-1642082;Katrina Edelman;Corporate;;Puebla;Puebla;Mexico;Central America;LATAM;FUR-FU-5729;Furniture;Furnishings;Rubbermaid Frame, Durable;42,768;1;0,4;-27,812;12,976;Critical;September;2015;2021
8730;US-2015-HH1501082-42272;Cuma, Eylül 25, 2015;Pazartesi, Eylül 28, 2015;First Class;HH-1501082;Hilary Holden;Corporate;;Miguel Hidalgo;Distrito Federal;Mexico;Central America;LATAM;FUR-FU-6254;Furniture;Furnishings;Tenex Frame, Duo Pack;132,048;3;0,4;-55,032;21,867;High;September;2015;2021
453;MX-2015-GZ1454582-42264;Perşembe, Eylül 17, 2015;Pazartesi, Eylül 21, 2015;Second Class;GZ-1454582;George Zrebassa;Corporate;;Mexico City;Distrito Federal;Mexico;Central America;LATAM;TEC-CO-5994;Technology;Copiers;Sharp Fax and Copier, Digital;447,74272;4;0,002;178,54272;54,013;High;September;2015;2021
4945;MX-2015-MY1738082-42252;Cumartesi, Eylül 05, 2015;Pazartesi, Eylül 07, 2015;First Class;MY-1738082;Maribeth Yedwab;Corporate;;Mexico City;Distrito Federal;Mexico;Central America;LATAM;TEC-CO-4790;Technology;Copiers;HP Wireless Fax, Digital;478,8404;2;0,002;195,7204;83,884;High;September;2015;2021
7095;MX-2015-CA1205582-42276;Salı, Eylül 29, 2015;Pazartesi, Ekim 05, 2015;Standard Class;CA-1205582;Cathy Armstrong;Home Office;;León;Guanajuato;Mexico;Central America;LATAM;TEC-CO-3608;Technology;Copiers;Brother Wireless Fax, Color;505,986;2;0,002;29,386;22,447;Low;September;2015;2021
9462;MX-2015-RH1951082-42262;Salı, Eylül 15, 2015;Pazar, Eylül 20, 2015;Standard Class;RH-1951082;Rick Huthwaite;Home Office;;Valles;San Luis Potosí;Mexico;Central America;LATAM;TEC-CO-4772;Technology;Copiers;HP Fax and Copier, Laser;230,05896;2;0,002;24,85896;7,413;Medium;September;2015;2021
853;MX-2015-JD1579082-42273;Cumartesi, Eylül 26, 2015;Çarşamba, Eylül 30, 2015;Standard Class;JD-1579082;John Dryer;Consumer;;Celaya;Guanajuato;Mexico;Central America;LATAM;TEC-CO-3680;Technology;Copiers;Canon Copy Machine, High-Speed;173,21288;1;0,002;46,51288;11,678;Medium;September;2015;2021
7492;US-2015-SM2095082-42274;Pazar, Eylül 27, 2015;Cuma, Ekim 02, 2015;Standard Class;SM-2095082;Suzanne McNair;Corporate;;Tepic;Nayarit;Mexico;Central America;LATAM;TEC-CO-4593;Technology;Copiers;Hewlett Wireless Fax, Laser;505,90616;2;0,002;14,18616;24,448;Medium;September;2015;2021
2881;MX-2015-MB1808582-42272;Cuma, Eylül 25, 2015;Çarşamba, Eylül 30, 2015;Standard Class;MB-1808582;Mick Brown;Consumer;;Nicolás Romero;México;Mexico;Central America;LATAM;TEC-CO-6009;Technology;Copiers;Sharp Wireless Fax, Color;713,29056;3;0,002;327,31056;36,313;Medium;September;2015;2021
5994;MX-2015-TA2138582-42272;Cuma, Eylül 25, 2015;Salı, Eylül 29, 2015;Standard Class;TA-2138582;Tom Ashbrook;Home Office;;Mexico City;Distrito Federal;Mexico;Central America;LATAM;TEC-CO-4592;Technology;Copiers;Hewlett Wireless Fax, High-Speed;1258,7774;5;0,002;375,7774;109,017;Medium;September;2015;2021
4044;US-2015-BT1168055-42250;Perşembe, Eylül 03, 2015;Pazartesi, Eylül 07, 2015;Standard Class;BT-1168055;Brian Thompson;Consumer;;Tegucigalpa;Francisco Morazán;Honduras;Central America;LATAM;OFF-SU-4312;Office Supplies;Supplies;Fiskars Ruler, High Speed;23,088;4;0,4;-5,072;1,365;Medium;September;2015;2021
5214;US-2015-DB1340555-42262;Salı, Eylül 15, 2015;Pazar, Eylül 20, 2015;Standard Class;DB-1340555;Denny Blanton;Consumer;;Tegucigalpa;Francisco Morazán;Honduras;Central America;LATAM;OFF-BI-3734;Office Supplies;Binders;Cardinal Hole Reinforcements, Durable;8,208;3;0,4;-2,352;1,385;Medium;September;2015;2021
5691;US-2015-JR1621055-42264;Perşembe, Eylül 17, 2015;Salı, Eylül 22, 2015;Standard Class;JR-1621055;Justin Ritter;Corporate;;Tegucigalpa;Francisco Morazán;Honduras;Central America;LATAM;OFF-BI-3718;Office Supplies;Binders;Cardinal Binder Covers, Economy;14,4;3;0,4;-5,76;1,47;Medium;September;2015;2021
6605;US-2015-AH1021055-42259;Cumartesi, Eylül 12, 2015;Çarşamba, Eylül 16, 2015;Standard Class;AH-1021055;Alan Hwang;Consumer;;Tegucigalpa;Francisco Morazán;Honduras;Central America;LATAM;OFF-EN-4435;Office Supplies;Envelopes;GlobeWeis Clasp Envelope, Recycled;38,28;11;0,4;-1,98;3,992;Medium;September;2015;2021
5693;US-2015-JR1621055-42264;Perşembe, Eylül 17, 2015;Salı, Eylül 22, 2015;Standard Class;JR-1621055;Justin Ritter;Corporate;;Tegucigalpa;Francisco Morazán;Honduras;Central America;LATAM;FUR-CH-4633;Furniture;Chairs;Hon Chairmat, Set of Two;138,672;6;0,4;11,472;2,221;Medium;September;2015;2021
6604;US-2015-AH1021055-42259;Cumartesi, Eylül 12, 2015;Çarşamba, Eylül 16, 2015;Standard Class;AH-1021055;Alan Hwang;Consumer;;Tegucigalpa;Francisco Morazán;Honduras;Central America;LATAM;TEC-AC-5128;Technology;Accessories;Logitech Mouse, Programmable;36,936;3;0,4;-1,884;3,322;Medium;September;2015;2021
5692;US-2015-JR1621055-42264;Perşembe, Eylül 17, 2015;Salı, Eylül 22, 2015;Standard Class;JR-1621055;Justin Ritter;Corporate;;Tegucigalpa;Francisco Morazán;Honduras;Central America;LATAM;FUR-CH-4704;Furniture;Chairs;Hon Swivel Stool, Set of Two;464,52;7;0,4;-100,66;12,904;Medium;September;2015;2021
4043;US-2015-BT1168055-42250;Perşembe, Eylül 03, 2015;Pazartesi, Eylül 07, 2015;Standard Class;BT-1168055;Brian Thompson;Consumer;;Tegucigalpa;Francisco Morazán;Honduras;Central America;LATAM;FUR-CH-5413;Furniture;Chairs;Novimex Swivel Stool, Red;197,352;3;0,4;-13,188;17,48;Medium;September;2015;2021
3311;US-2015-RP1939055-42255;Salı, Eylül 08, 2015;Cuma, Eylül 11, 2015;Second Class;RP-1939055;Resi Pölking;Consumer;;Tegucigalpa;Francisco Morazán;Honduras;Central America;LATAM;FUR-FU-3050;Furniture;Furnishings;Advantus Photo Frame, Erganomic;20,64;1;0,4;-5,86;1,503;Medium;September;2015;2021
3310;US-2015-RP1939055-42255;Salı, Eylül 08, 2015;Cuma, Eylül 11, 2015;Second Class;RP-1939055;Resi Pölking;Consumer;;Tegucigalpa;Francisco Morazán;Honduras;Central America;LATAM;OFF-LA-6042;Office Supplies;Labels;Smead Legal Exhibit Labels, 5000 Label Set;9,192;2;0,4;-4,328;1,745;Medium;September;2015;2021
3309;US-2015-RP1939055-42255;Salı, Eylül 08, 2015;Cuma, Eylül 11, 2015;Second Class;RP-1939055;Resi Pölking;Consumer;;Tegucigalpa;Francisco Morazán;Honduras;Central America;LATAM;OFF-BI-2884;Office Supplies;Binders;Acco 3-Hole Punch, Recycled;36,576;3;0,4;-17,724;2,373;Medium;September;2015;2021
8238;US-2015-MS1798055-42277;Çarşamba, Eylül 30, 2015;Cuma, Ekim 02, 2015;First Class;MS-1798055;Michael Stewart;Corporate;;Tegucigalpa;Francisco Morazán;Honduras;Central America;LATAM;FUR-CH-4698;Furniture;Chairs;Hon Steel Folding Chair, Black;63,192;2;0,4;-16,888;4,716;Medium;September;2015;2021
6214;MX-2015-JB1540055-42277;Çarşamba, Eylül 30, 2015;Cumartesi, Ekim 03, 2015;First Class;JB-1540055;Jennifer Braxton;Corporate;;Tegucigalpa;Francisco Morazán;Honduras;Central America;LATAM;OFF-SU-4974;Office Supplies;Supplies;Kleencut Box Cutter, High Speed;55,44;4;0,4;3,68;8,292;Medium;September;2015;2021
2168;US-2015-JF1541555-42266;Cumartesi, Eylül 19, 2015;Pazartesi, Eylül 21, 2015;First Class;JF-1541555;Jennifer Ferguson;Consumer;;Tegucigalpa;Francisco Morazán;Honduras;Central America;LATAM;OFF-AR-3534;Office Supplies;Art;Boston Highlighters, Water Color;26,46;3;0,4;-5,76;2,999;High;September;2015;2021
275;US-2015-MN1793555-42250;Perşembe, Eylül 03, 2015;Pazartesi, Eylül 07, 2015;Second Class;MN-1793555;Michael Nguyen;Consumer;;Tegucigalpa;Francisco Morazán;Honduras;Central America;LATAM;OFF-SU-4973;Office Supplies;Supplies;Kleencut Box Cutter, Easy Grip;29,016;2;0,4;-6,304;4,888;High;September;2015;2021
274;US-2015-MN1793555-42250;Perşembe, Eylül 03, 2015;Pazartesi, Eylül 07, 2015;Second Class;MN-1793555;Michael Nguyen;Consumer;;Tegucigalpa;Francisco Morazán;Honduras;Central America;LATAM;OFF-BI-4817;Office Supplies;Binders;Ibico Binding Machine, Economy;102,84;5;0,4;-3,46;18,486;High;September;2015;2021
9810;US-2015-GH1442555-42259;Cumartesi, Eylül 12, 2015;Pazartesi, Eylül 14, 2015;Second Class;GH-1442555;Gary Hwang;Consumer;;Tegucigalpa;Francisco Morazán;Honduras;Central America;LATAM;OFF-FA-6187;Office Supplies;Fasteners;Stockwell Clamps, Metal;38,7;5;0,4;-25,8;5,28;Critical;September;2015;2021
9809;US-2015-GH1442555-42259;Cumartesi, Eylül 12, 2015;Pazartesi, Eylül 14, 2015;Second Class;GH-1442555;Gary Hwang;Consumer;;Tegucigalpa;Francisco Morazán;Honduras;Central America;LATAM;OFF-AP-3859;Office Supplies;Appliances;Cuisinart Blender, White;260,52;10;0,4;-113,08;41,37;Critical;September;2015;2021
8239;US-2015-MS1798055-42277;Çarşamba, Eylül 30, 2015;Cuma, Ekim 02, 2015;First Class;MS-1798055;Michael Stewart;Corporate;;Tegucigalpa;Francisco Morazán;Honduras;Central America;LATAM;FUR-TA-5055;Furniture;Tables;Lesro Computer Table, Fully Assembled;257,004;3;0,7;-599,676;55,742;Medium;September;2015;2021
3505;US-2015-AG1027055-42257;Perşembe, Eylül 10, 2015;Pazar, Eylül 13, 2015;First Class;AG-1027055;Alejandro Grove;Consumer;;San Pedro Sula;Cortés;Honduras;Central America;LATAM;OFF-AR-3498;Office Supplies;Art;Binney & Smith Pens, Water Color;12,096;2;0,4;-0,224;1,76;Medium;September;2015;2021
5063;US-2015-BP1123055-42256;Çarşamba, Eylül 09, 2015;Pazartesi, Eylül 14, 2015;Standard Class;BP-1123055;Benjamin Patterson;Consumer;;San Pedro Sula;Cortés;Honduras;Central America;LATAM;OFF-ST-5694;Office Supplies;Storage;Rogers Folders, Blue;61,38;5;0,4;-21,52;3,329;Medium;September;2015;2021
9962;US-2015-CS1249055-42266;Cumartesi, Eylül 19, 2015;Çarşamba, Eylül 23, 2015;Standard Class;CS-1249055;Cindy Schnelling;Corporate;;San Pedro Sula;Cortés;Honduras;Central America;LATAM;OFF-SU-2965;Office Supplies;Supplies;Acme Box Cutter, Easy Grip;94,608;6;0,4;-26,832;6,105;Medium;September;2015;2021
5064;US-2015-BP1123055-42256;Çarşamba, Eylül 09, 2015;Pazartesi, Eylül 14, 2015;Standard Class;BP-1123055;Benjamin Patterson;Consumer;;San Pedro Sula;Cortés;Honduras;Central America;LATAM;FUR-TA-5055;Furniture;Tables;Lesro Computer Table, Fully Assembled;599,676;7;0,7;-1399,244;28,524;Medium;September;2015;2021
9710;MX-2015-TB2162598-42274;Pazar, Eylül 27, 2015;Perşembe, Ekim 01, 2015;Standard Class;TB-2162598;Trudy Brown;Consumer;;Panama City;Panama;Panama;Central America;LATAM;OFF-FA-2943;Office Supplies;Fasteners;Accos Clamps, Metal;23,4;3;0,4;3,12;1,354;Medium;September;2015;2021
6376;MX-2015-AS1022598-42264;Perşembe, Eylül 17, 2015;Perşembe, Eylül 24, 2015;Standard Class;AS-1022598;Alan Schoenberger;Corporate;;Panama City;Panama;Panama;Central America;LATAM;OFF-BI-3713;Office Supplies;Binders;Cardinal 3-Hole Punch, Durable;24,24;2;0,4;-6,88;1,363;Medium;September;2015;2021
6375;MX-2015-AS1022598-42264;Perşembe, Eylül 17, 2015;Perşembe, Eylül 24, 2015;Standard Class;AS-1022598;Alan Schoenberger;Corporate;;Panama City;Panama;Panama;Central America;LATAM;OFF-ST-4106;Office Supplies;Storage;Eldon Trays, Industrial;58,14;3;0,4;2,88;3,673;Medium;September;2015;2021
2598;US-2015-HR1477098-42270;Çarşamba, Eylül 23, 2015;Pazar, Eylül 27, 2015;Standard Class;HR-1477098;Hallie Redmond;Home Office;;Panama City;Panama;Panama;Central America;LATAM;OFF-FA-3055;Office Supplies;Fasteners;Advantus Push Pins, Assorted Sizes;14,256;3;0,4;-5,484;2,038;High;September;2015;2021
2600;US-2015-HR1477098-42270;Çarşamba, Eylül 23, 2015;Pazar, Eylül 27, 2015;Standard Class;HR-1477098;Hallie Redmond;Home Office;;Panama City;Panama;Panama;Central America;LATAM;OFF-ST-4259;Office Supplies;Storage;Fellowes File Cart, Single Width;54,936;1;0,4;-25,644;4,829;High;September;2015;2021
2599;US-2015-HR1477098-42270;Çarşamba, Eylül 23, 2015;Pazar, Eylül 27, 2015;Standard Class;HR-1477098;Hallie Redmond;Home Office;;Panama City;Panama;Panama;Central America;LATAM;OFF-ST-5688;Office Supplies;Storage;Rogers Box, Single Width;48;5;0,4;2,4;11,346;High;September;2015;2021
2601;US-2015-HR1477098-42270;Çarşamba, Eylül 23, 2015;Pazar, Eylül 27, 2015;Standard Class;HR-1477098;Hallie Redmond;Home Office;;Panama City;Panama;Panama;Central America;LATAM;TEC-AC-5130;Technology;Accessories;Logitech Numeric Keypad, Bluetooth;92,64;5;0,4;-4,66;20,07;High;September;2015;2021
2602;US-2015-HR1477098-42270;Çarşamba, Eylül 23, 2015;Pazar, Eylül 27, 2015;Standard Class;HR-1477098;Hallie Redmond;Home Office;;Panama City;Panama;Panama;Central America;LATAM;TEC-PH-3805;Technology;Phones;Cisco Smart Phone, Cordless;260,592;1;0,4;-160,708;21,495;High;September;2015;2021
2597;US-2015-HR1477098-42270;Çarşamba, Eylül 23, 2015;Pazar, Eylül 27, 2015;Standard Class;HR-1477098;Hallie Redmond;Home Office;;Panama City;Panama;Panama;Central America;LATAM;FUR-CH-4562;Furniture;Chairs;Harbour Creations Swivel Stool, Black;568,608;8;0,4;-322,272;35,84;High;September;2015;2021
9716;US-2015-SG2089098-42262;Salı, Eylül 15, 2015;Perşembe, Eylül 17, 2015;Second Class;SG-2089098;Susan Gilcrest;Corporate;;Panama City;Panama;Panama;Central America;LATAM;FUR-FU-6255;Furniture;Furnishings;Tenex Frame, Durable;85,608;2;0,4;-15,712;2,768;Medium;September;2015;2021
4746;US-2015-SZ2003598-42269;Salı, Eylül 22, 2015;Cuma, Eylül 25, 2015;First Class;SZ-2003598;Sam Zeldin;Home Office;;Panama City;Panama;Panama;Central America;LATAM;OFF-BI-6381;Office Supplies;Binders;Wilson Jones Binder, Recycled;26,76;5;0,4;-10,34;3,843;Critical;September;2015;2021
4748;US-2015-SZ2003598-42269;Salı, Eylül 22, 2015;Cuma, Eylül 25, 2015;First Class;SZ-2003598;Sam Zeldin;Home Office;;Panama City;Panama;Panama;Central America;LATAM;OFF-PA-3990;Office Supplies;Paper;Eaton Computer Printout Paper, 8.5 x 11;12,276;1;0,4;-7,584;3,847;Critical;September;2015;2021
4747;US-2015-SZ2003598-42269;Salı, Eylül 22, 2015;Cuma, Eylül 25, 2015;First Class;SZ-2003598;Sam Zeldin;Home Office;;Panama City;Panama;Panama;Central America;LATAM;OFF-EN-4453;Office Supplies;Envelopes;GlobeWeis Peel and Seal, Set of 50;17,112;2;0,4;2,552;6,52;Critical;September;2015;2021
504;US-2015-BF1127598-42274;Pazar, Eylül 27, 2015;Salı, Eylül 29, 2015;Second Class;BF-1127598;Beth Fritzler;Corporate;;Panama City;Panama;Panama;Central America;LATAM;OFF-ST-4094;Office Supplies;Storage;Eldon Shelving, Blue;135,576;7;0,4;15,736;20,149;High;September;2015;2021
503;US-2015-BF1127598-42274;Pazar, Eylül 27, 2015;Salı, Eylül 29, 2015;Second Class;BF-1127598;Beth Fritzler;Corporate;;Panama City;Panama;Panama;Central America;LATAM;FUR-BO-3890;Furniture;Bookcases;Dania Classic Bookcase, Mobile;826,56;5;0,4;-303,14;85,307;High;September;2015;2021
316;US-2015-PJ1901598-42273;Cumartesi, Eylül 26, 2015;Cuma, Ekim 02, 2015;Standard Class;PJ-1901598;Pauline Johnson;Consumer;;San Miguelito;Panama;Panama;Central America;LATAM;OFF-FA-6193;Office Supplies;Fasteners;Stockwell Push Pins, 12 Pack;21,456;4;0,4;-13,984;1,553;Medium;September;2015;2021
4915;US-2015-AW1093098-42255;Salı, Eylül 08, 2015;Pazar, Eylül 13, 2015;Standard Class;AW-1093098;Arthur Wiediger;Home Office;;San Miguelito;Panama;Panama;Central America;LATAM;OFF-LA-5384;Office Supplies;Labels;Novimex File Folder Labels, Alphabetical;9,684;3;0,4;-0,216;1,65;High;September;2015;2021
313;US-2015-PJ1901598-42273;Cumartesi, Eylül 26, 2015;Cuma, Ekim 02, 2015;Standard Class;PJ-1901598;Pauline Johnson;Consumer;;San Miguelito;Panama;Panama;Central America;LATAM;OFF-EN-3658;Office Supplies;Envelopes;Cameo Clasp Envelope, Security-Tint;28,584;6;0,4;-12,936;1,67;Medium;September;2015;2021
5418;MX-2015-RS1987098-42273;Cumartesi, Eylül 26, 2015;Pazartesi, Eylül 28, 2015;First Class;RS-1987098;Roy Skaria;Home Office;;San Miguelito;Panama;Panama;Central America;LATAM;OFF-LA-3321;Office Supplies;Labels;Avery Shipping Labels, Adjustable;11,7;3;0,4;0,36;1,772;High;September;2015;2021
314;US-2015-PJ1901598-42273;Cumartesi, Eylül 26, 2015;Cuma, Ekim 02, 2015;Standard Class;PJ-1901598;Pauline Johnson;Consumer;;San Miguelito;Panama;Panama;Central America;LATAM;OFF-BI-2901;Office Supplies;Binders;Acco Binding Machine, Economy;40,872;2;0,4;-26,568;3,798;Medium;September;2015;2021
6556;US-2015-BS1136598-42255;Salı, Eylül 08, 2015;Pazartesi, Eylül 14, 2015;Standard Class;BS-1136598;Bill Shonely;Corporate;;San Miguelito;Panama;Panama;Central America;LATAM;OFF-SU-4322;Office Supplies;Supplies;Fiskars Shears, Steel;37,632;2;0,4;4,992;3,907;Low;September;2015;2021
315;US-2015-PJ1901598-42273;Cumartesi, Eylül 26, 2015;Cuma, Ekim 02, 2015;Standard Class;PJ-1901598;Pauline Johnson;Consumer;;San Miguelito;Panama;Panama;Central America;LATAM;OFF-AP-4723;Office Supplies;Appliances;Hoover Coffee Grinder, Red;82,548;3;0,4;-27,552;7,342;Medium;September;2015;2021
6555;US-2015-BS1136598-42255;Salı, Eylül 08, 2015;Pazartesi, Eylül 14, 2015;Standard Class;BS-1136598;Bill Shonely;Corporate;;San Miguelito;Panama;Panama;Central America;LATAM;FUR-CH-5414;Furniture;Chairs;Novimex Swivel Stool, Set of Two;66,684;1;0,4;-3,336;6,954;Low;September;2015;2021
5419;MX-2015-RS1987098-42273;Cumartesi, Eylül 26, 2015;Pazartesi, Eylül 28, 2015;First Class;RS-1987098;Roy Skaria;Home Office;;San Miguelito;Panama;Panama;Central America;LATAM;FUR-FU-4084;Furniture;Furnishings;Eldon Photo Frame, Duo Pack;69,804;3;0,4;-41,916;8,803;High;September;2015;2021
5018;US-2015-PV1898598-42276;Salı, Eylül 29, 2015;Cuma, Ekim 02, 2015;Second Class;PV-1898598;Paul Van Hugh;Home Office;;San Miguelito;Panama;Panama;Central America;LATAM;FUR-BO-3625;Furniture;Bookcases;Bush Classic Bookcase, Mobile;332,16;2;0,4;-11,08;31,745;High;September;2015;2021
6557;US-2015-BS1136598-42255;Salı, Eylül 08, 2015;Pazartesi, Eylül 14, 2015;Standard Class;BS-1136598;Bill Shonely;Corporate;;San Miguelito;Panama;Panama;Central America;LATAM;FUR-CH-4701;Furniture;Chairs;Hon Swivel Stool, Adjustable;332,28;5;0,4;-60,92;47,215;Low;September;2015;2021
8652;MX-2015-JK1537039-42249;Çarşamba, Eylül 02, 2015;Pazartesi, Eylül 07, 2015;Standard Class;JK-1537039;Jay Kimmel;Consumer;;Antiguo Cuscatlán;La Libertad;El Salvador;Central America;LATAM;TEC-CO-6004;Technology;Copiers;Sharp Ink, Laser;165,54824;2;0,002;49,42824;6,336;High;September;2015;2021
3884;MX-2015-JF1541551-42256;Çarşamba, Eylül 09, 2015;Pazar, Eylül 13, 2015;Second Class;JF-1541551;Jennifer Ferguson;Consumer;;Mixco;Guatemala;Guatemala;Central America;LATAM;TEC-CO-3607;Technology;Copiers;Brother Personal Copier, Laser;95,06948;1;0,002;21,70948;8,246;Medium;September;2015;2021
5016;MX-2015-DR1288093-42259;Cumartesi, Eylül 12, 2015;Perşembe, Eylül 17, 2015;Standard Class;DR-1288093;Dan Reichenbach;Corporate;;Managua;Managua;Nicaragua;Central America;LATAM;FUR-TA-5070;Furniture;Tables;Lesro Training Table, with Bottom Storage;143,36;1;0,2;8,96;8,979;Medium;September;2015;2021
6978;MX-2015-TB2119039-42271;Perşembe, Eylül 24, 2015;Salı, Eylül 29, 2015;Standard Class;TB-2119039;Thomas Brumley;Home Office;;Soyapango;San Salvador;El Salvador;Central America;LATAM;TEC-CO-3710;Technology;Copiers;Canon Wireless Fax, Laser;251,93512;1;0,002;65,11512;12,949;Medium;September;2015;2021
2375;MX-2015-JB1540051-42263;Çarşamba, Eylül 16, 2015;Cuma, Eylül 18, 2015;First Class;JB-1540051;Jennifer Braxton;Corporate;;Quetzaltenango;Quezaltenango;Guatemala;Central America;LATAM;TEC-CO-4592;Technology;Copiers;Hewlett Wireless Fax, High-Speed;1258,7774;5;0,002;375,7774;291,631;High;September;2015;2021
3484;MX-2015-VD2167039-42252;Cumartesi, Eylül 05, 2015;Salı, Eylül 08, 2015;First Class;VD-2167039;Valerie Dominguez;Consumer;;Soyapango;San Salvador;El Salvador;Central America;LATAM;FUR-TA-4643;Furniture;Tables;Hon Computer Table, Fully Assembled;2106,496;8;0,2;526,496;728,389;Critical;September;2015;2021
12954;ES-2015-PN1877591-42262;Salı, Eylül 15, 2015;Cuma, Eylül 18, 2015;First Class;PN-1877591;Parhena Norris;Home Office;;Eindhoven;North Brabant;Netherlands;Western Europe;Europe;FUR-FU-3946;Furniture;Furnishings;Deflect-O Light Bulb, Black;45,576;3;0,2;9,036;7,34;Medium;September;2015;2021
14482;ES-2015-DL1286591-42250;Perşembe, Eylül 03, 2015;Pazartesi, Eylül 07, 2015;Second Class;DL-1286591;Dan Lawera;Consumer;;Zeist;Utrecht;Netherlands;Western Europe;Europe;OFF-EN-3092;Office Supplies;Envelopes;Ames Clasp Envelope, Security-Tint;19,2;4;0,5;-18,48;1,2;Medium;September;2015;2021
14591;IT-2015-TP2113091-42255;Salı, Eylül 08, 2015;Pazar, Eylül 13, 2015;Standard Class;TP-2113091;Theone Pippenger;Consumer;;Heerlen;Limburg;Netherlands;Western Europe;Europe;OFF-BI-6376;Office Supplies;Binders;Wilson Jones Binder Covers, Economy;27,975;5;0,5;-13,575;1,37;Medium;September;2015;2021
19584;IT-2015-SG2047091-42263;Çarşamba, Eylül 16, 2015;Salı, Eylül 22, 2015;Standard Class;SG-2047091;Sheri Gordon;Consumer;;Doetinchem;Gelderland;Netherlands;Western Europe;Europe;OFF-FA-6204;Office Supplies;Fasteners;Stockwell Staples, Metal;21,06;4;0,5;-9,78;1,41;Medium;September;2015;2021
14589;IT-2015-TP2113091-42255;Salı, Eylül 08, 2015;Pazar, Eylül 13, 2015;Standard Class;TP-2113091;Theone Pippenger;Consumer;;Heerlen;Limburg;Netherlands;Western Europe;Europe;OFF-BI-2917;Office Supplies;Binders;Acco Index Tab, Clear;12,06;3;0,5;-1,98;1,74;Medium;September;2015;2021
10705;IT-2015-DV1304591-42273;Cumartesi, Eylül 26, 2015;Pazartesi, Eylül 28, 2015;First Class;DV-1304591;Darrin Van Huff;Corporate;;Sittard;Limburg;Netherlands;Western Europe;Europe;OFF-EN-5027;Office Supplies;Envelopes;Kraft Clasp Envelope, Set of 50;9;2;0,5;-9;1,78;High;September;2015;2021
19586;IT-2015-SG2047091-42263;Çarşamba, Eylül 16, 2015;Salı, Eylül 22, 2015;Standard Class;SG-2047091;Sheri Gordon;Consumer;;Doetinchem;Gelderland;Netherlands;Western Europe;Europe;OFF-AR-3468;Office Supplies;Art;BIC Sketch Pad, Blue;48,66;2;0,5;-31,2;1,82;Medium;September;2015;2021
19587;IT-2015-SG2047091-42263;Çarşamba, Eylül 16, 2015;Salı, Eylül 22, 2015;Standard Class;SG-2047091;Sheri Gordon;Consumer;;Doetinchem;Gelderland;Netherlands;Western Europe;Europe;OFF-PA-4468;Office Supplies;Paper;Green Bar Computer Printout Paper, Premium;14,88;1;0,5;-2,1;2,02;Medium;September;2015;2021
19585;IT-2015-SG2047091-42263;Çarşamba, Eylül 16, 2015;Salı, Eylül 22, 2015;Standard Class;SG-2047091;Sheri Gordon;Consumer;;Doetinchem;Gelderland;Netherlands;Western Europe;Europe;OFF-ST-4029;Office Supplies;Storage;Eldon Box, Industrial;26,85;5;0,5;-7,05;2,25;Medium;September;2015;2021
10704;IT-2015-DV1304591-42273;Cumartesi, Eylül 26, 2015;Pazartesi, Eylül 28, 2015;First Class;DV-1304591;Darrin Van Huff;Corporate;;Sittard;Limburg;Netherlands;Western Europe;Europe;TEC-AC-5117;Technology;Accessories;Logitech Keyboard, Programmable;73,95;2;0,5;-59,19;15,67;High;September;2015;2021
14481;ES-2015-DL1286591-42250;Perşembe, Eylül 03, 2015;Pazartesi, Eylül 07, 2015;Second Class;DL-1286591;Dan Lawera;Consumer;;Zeist;Utrecht;Netherlands;Western Europe;Europe;FUR-BO-4844;Furniture;Bookcases;Ikea 3-Shelf Cabinet, Metal;212,85;3;0,5;-144,81;26,58;Medium;September;2015;2021
19583;IT-2015-SG2047091-42263;Çarşamba, Eylül 16, 2015;Salı, Eylül 22, 2015;Standard Class;SG-2047091;Sheri Gordon;Consumer;;Doetinchem;Gelderland;Netherlands;Western Europe;Europe;TEC-AC-3391;Technology;Accessories;Belkin Memory Card, USB;632,61;11;0,5;-632,61;47,52;Medium;September;2015;2021
14590;IT-2015-TP2113091-42255;Salı, Eylül 08, 2015;Pazar, Eylül 13, 2015;Standard Class;TP-2113091;Theone Pippenger;Consumer;;Heerlen;Limburg;Netherlands;Western Europe;Europe;FUR-BO-5962;Furniture;Bookcases;Sauder Floating Shelf Set, Traditional;875,61;9;0,5;-227,88;93,94;Medium;September;2015;2021
11197;IT-2015-SC2005091-42258;Cuma, Eylül 11, 2015;Salı, Eylül 15, 2015;Standard Class;SC-2005091;Sample Company A;Home Office;;Helmond;North Brabant;Netherlands;Western Europe;Europe;OFF-AP-4719;Office Supplies;Appliances;Hoover Blender, Black;96,6;2;0,5;-61,86;19,44;High;September;2015;2021
17189;IT-2015-BF1102091-42272;Cuma, Eylül 25, 2015;Pazartesi, Eylül 28, 2015;First Class;BF-1102091;Barry Französisch;Corporate;;Amsterdam;North Holland;Netherlands;Western Europe;Europe;OFF-ST-6059;Office Supplies;Storage;Smead Shelving, Single Width;48,96;2;0,5;-4,92;1,23;Medium;September;2015;2021
19477;IT-2015-AH1012091-42256;Çarşamba, Eylül 09, 2015;Salı, Eylül 15, 2015;Standard Class;AH-1012091;Adrian Hane;Home Office;;Amsterdam;North Holland;Netherlands;Western Europe;Europe;OFF-BI-3736;Office Supplies;Binders;Cardinal Hole Reinforcements, Recycled;11,4;4;0,5;-1,92;1,78;Low;September;2015;2021
17188;IT-2015-BF1102091-42272;Cuma, Eylül 25, 2015;Pazartesi, Eylül 28, 2015;First Class;BF-1102091;Barry Französisch;Corporate;;Amsterdam;North Holland;Netherlands;Western Europe;Europe;OFF-ST-5688;Office Supplies;Storage;Rogers Box, Single Width;48;4;0,5;-36,48;3,22;Medium;September;2015;2021
13743;IT-2015-JH1582091-42248;Salı, Eylül 01, 2015;Pazartesi, Eylül 07, 2015;Standard Class;JH-1582091;John Huston;Consumer;;Dordrecht;South Holland;Netherlands;Western Europe;Europe;TEC-MA-5538;Technology;Machines;Panasonic Calculator, Durable;75,6;3;0,5;-54,45;7,79;Medium;September;2015;2021
13742;IT-2015-JH1582091-42248;Salı, Eylül 01, 2015;Pazartesi, Eylül 07, 2015;Standard Class;JH-1582091;John Huston;Consumer;;Dordrecht;South Holland;Netherlands;Western Europe;Europe;OFF-FA-5472;Office Supplies;Fasteners;OIC Push Pins, Assorted Sizes;12,36;2;0,5;-7,44;1,27;Medium;September;2015;2021
13744;IT-2015-JH1582091-42248;Salı, Eylül 01, 2015;Pazartesi, Eylül 07, 2015;Standard Class;JH-1582091;John Huston;Consumer;;Dordrecht;South Holland;Netherlands;Western Europe;Europe;OFF-AR-5910;Office Supplies;Art;Sanford Highlighters, Blue;15,75;2;0,5;-12,33;1,55;Medium;September;2015;2021
13741;IT-2015-JH1582091-42248;Salı, Eylül 01, 2015;Pazartesi, Eylül 07, 2015;Standard Class;JH-1582091;John Huston;Consumer;;Dordrecht;South Holland;Netherlands;Western Europe;Europe;OFF-AR-3555;Office Supplies;Art;Boston Sketch Pad, Water Color;25,89;1;0,5;-24,36;1,99;Medium;September;2015;2021
13745;IT-2015-JH1582091-42248;Salı, Eylül 01, 2015;Pazartesi, Eylül 07, 2015;Standard Class;JH-1582091;John Huston;Consumer;;Dordrecht;South Holland;Netherlands;Western Europe;Europe;OFF-AR-3495;Office Supplies;Art;Binney & Smith Pens, Blue;47,76;8;0,5;-7,68;4,24;Medium;September;2015;2021
18879;IT-2015-SP2086091-42273;Cumartesi, Eylül 26, 2015;Salı, Eylül 29, 2015;Second Class;SP-2086091;Sung Pak;Corporate;;The Hague;South Holland;Netherlands;Western Europe;Europe;OFF-AR-3463;Office Supplies;Art;BIC Pencil Sharpener, Water Color;80,475;5;0,5;-19,425;15,02;High;September;2015;2021
18878;IT-2015-SP2086091-42273;Cumartesi, Eylül 26, 2015;Salı, Eylül 29, 2015;Second Class;SP-2086091;Sung Pak;Corporate;;The Hague;South Holland;Netherlands;Western Europe;Europe;OFF-ST-6033;Office Supplies;Storage;Smead File Cart, Single Width;321,075;5;0,5;-314,775;38,89;High;September;2015;2021
14225;IT-2015-JW1522048-42256;Çarşamba, Eylül 09, 2015;Cuma, Eylül 11, 2015;Second Class;JW-1522048;Jane Waco;Corporate;;Herten;North Rhine-Westphalia;Germany;Western Europe;Europe;OFF-ST-5686;Office Supplies;Storage;Rogers Box, Blue;21,573;1;0,1;-1,947;3,05;Critical;September;2015;2021
15921;ES-2015-RD1958548-42265;Cuma, Eylül 18, 2015;Salı, Eylül 22, 2015;Second Class;RD-1958548;Rob Dowd;Consumer;;Willich;North Rhine-Westphalia;Germany;Western Europe;Europe;OFF-ST-6274;Office Supplies;Storage;Tenex Shelving, Single Width;147,663;3;0,1;24,543;13,82;Medium;September;2015;2021
11216;ES-2015-SC2009548-42272;Cuma, Eylül 25, 2015;Perşembe, Ekim 01, 2015;Standard Class;SC-2009548;Sanjit Chand;Consumer;;Oberhausen;North Rhine-Westphalia;Germany;Western Europe;Europe;OFF-ST-4079;Office Supplies;Storage;Eldon Lockers, Industrial;892,755;5;0,1;386,805;43,33;Medium;September;2015;2021
14226;IT-2015-JW1522048-42256;Çarşamba, Eylül 09, 2015;Cuma, Eylül 11, 2015;Second Class;JW-1522048;Jane Waco;Corporate;;Herten;North Rhine-Westphalia;Germany;Western Europe;Europe;OFF-ST-4260;Office Supplies;Storage;Fellowes File Cart, Wire Frame;368,226;3;0,1;44,946;66,67;Critical;September;2015;2021
17548;ES-2015-NF1847548-42248;Salı, Eylül 01, 2015;Salı, Eylül 01, 2015;Same Day;NF-1847548;Neil Französisch;Home Office;;Moers;North Rhine-Westphalia;Germany;Western Europe;Europe;OFF-AP-3581;Office Supplies;Appliances;Breville Stove, White;1007,424;2;0,1;134,304;428,83;Critical;September;2015;2021
17515;IT-2015-GT1475548-42266;Cumartesi, Eylül 19, 2015;Çarşamba, Eylül 23, 2015;Standard Class;GT-1475548;Guy Thornton;Consumer;;Berlin;Berlin;Germany;Western Europe;Europe;OFF-BI-2915;Office Supplies;Binders;Acco Hole Reinforcements, Recycled;6,318;1;0,1;2,808;1,37;Medium;September;2015;2021
17514;IT-2015-GT1475548-42266;Cumartesi, Eylül 19, 2015;Çarşamba, Eylül 23, 2015;Standard Class;GT-1475548;Guy Thornton;Consumer;;Berlin;Berlin;Germany;Western Europe;Europe;OFF-BI-4807;Office Supplies;Binders;Ibico Binder Covers, Clear;23,598;2;0,1;-0,822;2,22;Medium;September;2015;2021
10931;ES-2015-CK1232548-42274;Pazar, Eylül 27, 2015;Cumartesi, Ekim 03, 2015;Standard Class;CK-1232548;Christine Kargatis;Home Office;;Berlin;Berlin;Germany;Western Europe;Europe;FUR-FU-6242;Furniture;Furnishings;Tenex Door Stop, Duo Pack;158,22;4;0,1;61,5;11,17;Medium;September;2015;2021
11565;ES-2015-SJ2021548-42248;Salı, Eylül 01, 2015;Cumartesi, Eylül 05, 2015;Standard Class;SJ-2021548;Sarah Jordon;Consumer;;Munich;Bavaria;Germany;Western Europe;Europe;OFF-ST-4105;Office Supplies;Storage;Eldon Trays, Blue;129,519;3;0,1;11,439;9,14;Medium;September;2015;2021
17801;ES-2015-RM1937548-42252;Cumartesi, Eylül 05, 2015;Çarşamba, Eylül 09, 2015;Standard Class;RM-1937548;Raymond Messe;Consumer;;Hamburg;Hamburg;Germany;Western Europe;Europe;OFF-ST-5708;Office Supplies;Storage;Rogers Shelving, Wire Frame;385,56;7;0,1;89,88;28,82;Medium;September;2015;2021
12243;ES-2015-KB1658548-42276;Salı, Eylül 29, 2015;Salı, Ekim 06, 2015;Standard Class;KB-1658548;Ken Black;Corporate;;Munich;Bavaria;Germany;Western Europe;Europe;OFF-ST-4063;Office Supplies;Storage;Eldon Folders, Wire Frame;28,89;2;0,1;-0,03;1,93;Low;September;2015;2021
18293;IT-2015-VM2183548-42258;Cuma, Eylül 11, 2015;Çarşamba, Eylül 16, 2015;Standard Class;VM-2183548;Vivian Mathis;Consumer;;Friedberg;Hesse;Germany;Western Europe;Europe;OFF-ST-4055;Office Supplies;Storage;Eldon File Cart, Blue;342,792;3;0,1;-30,528;37,56;High;September;2015;2021
11805;IT-2015-PO1886548-42252;Cumartesi, Eylül 05, 2015;Cumartesi, Eylül 12, 2015;Standard Class;PO-1886548;Patrick O'Donnell;Consumer;;Celle;Lower Saxony;Germany;Western Europe;Europe;OFF-ST-6046;Office Supplies;Storage;Smead Lockers, Blue;714,312;4;0,1;55,512;57,98;Low;September;2015;2021
15761;ES-2015-LO1717048-42255;Salı, Eylül 08, 2015;Pazar, Eylül 13, 2015;Second Class;LO-1717048;Lori Olson;Corporate;;Sindelfingen;Baden-Württemberg;Germany;Western Europe;Europe;OFF-ST-4029;Office Supplies;Storage;Eldon Box, Industrial;28,998;3;0,1;8,658;2,28;Medium;September;2015;2021
13497;ES-2015-RS1942048-42265;Cuma, Eylül 18, 2015;Perşembe, Eylül 24, 2015;Standard Class;RS-1942048;Ricardo Sperren;Corporate;;Cottbus;Brandenburg;Germany;Western Europe;Europe;FUR-BO-5761;Furniture;Bookcases;Safco Classic Bookcase, Mobile;1983,015;5;0,1;616,815;38,51;Medium;September;2015;2021
10832;ES-2015-RR1952548-42258;Cuma, Eylül 11, 2015;Pazartesi, Eylül 14, 2015;First Class;RR-1952548;Rick Reed;Corporate;;Leipzig;Saxony;Germany;Western Europe;Europe;FUR-CH-4681;Furniture;Chairs;Hon Rocking Chair, Adjustable;718,794;6;0,1;303,354;47,43;Medium;September;2015;2021
11277;ES-2015-KM1637548-42259;Cumartesi, Eylül 12, 2015;Cumartesi, Eylül 12, 2015;Same Day;KM-1637548;Katherine Murray;Home Office;;Mainz;Rhineland-Palatinate;Germany;Western Europe;Europe;FUR-CH-5439;Furniture;Chairs;Office Star Chairmat, Red;236,952;4;0,1;78,912;66,32;Critical;September;2015;2021
15145;ES-2015-FH1435048-42273;Cumartesi, Eylül 26, 2015;Perşembe, Ekim 01, 2015;Standard Class;FH-1435048;Fred Harton;Consumer;;Munich;Bavaria;Germany;Western Europe;Europe;FUR-CH-4684;Furniture;Chairs;Hon Rocking Chair, Set of Two;956,664;8;0,1;201,864;93,76;Medium;September;2015;2021
19622;IT-2015-SR2042548-42264;Perşembe, Eylül 17, 2015;Salı, Eylül 22, 2015;Standard Class;SR-2042548;Sharelle Roach;Home Office;;Augsburg;Bavaria;Germany;Western Europe;Europe;FUR-BO-3891;Furniture;Bookcases;Dania Classic Bookcase, Pine;1854,495;5;0,1;432,645;120,99;Medium;September;2015;2021
18570;ES-2015-JH1582048-42259;Cumartesi, Eylül 12, 2015;Perşembe, Eylül 17, 2015;Second Class;JH-1582048;John Huston;Consumer;;Kassel;Hesse;Germany;Western Europe;Europe;FUR-BO-5951;Furniture;Bookcases;Sauder Classic Bookcase, Traditional;1177,173;3;0,1;405,423;131,28;High;September;2015;2021
14209;ES-2015-HD1478548-42271;Perşembe, Eylül 24, 2015;Perşembe, Ekim 01, 2015;Standard Class;HD-1478548;Harold Dahlen;Home Office;;Schwerin;Mecklenburg-Vorpommern;Germany;Western Europe;Europe;FUR-BO-3903;Furniture;Bookcases;Dania Library with Doors, Pine;1964,25;6;0,1;21,69;237,78;Low;September;2015;2021
19059;ES-2015-EH1399048-42267;Pazar, Eylül 20, 2015;Cumartesi, Eylül 26, 2015;Standard Class;EH-1399048;Erica Hackney;Consumer;;Dresden;Saxony;Germany;Western Europe;Europe;OFF-ST-4029;Office Supplies;Storage;Eldon Box, Industrial;25,776;6;0,6;-14,904;3,44;Low;September;2015;2021
14553;ES-2015-CC1222048-42270;Çarşamba, Eylül 23, 2015;Cuma, Eylül 25, 2015;Second Class;CC-1222048;Chris Cortes;Consumer;;Dresden;Saxony;Germany;Western Europe;Europe;FUR-BO-3907;Furniture;Bookcases;Dania Stackable Bookrack, Traditional;48,42;1;0,6;-21,81;4,65;High;September;2015;2021
16756;ES-2015-TB2125048-42248;Salı, Eylül 01, 2015;Cumartesi, Eylül 05, 2015;Standard Class;TB-2125048;Tim Brockman;Consumer;;Hanover;Lower Saxony;Germany;Western Europe;Europe;OFF-FA-6189;Office Supplies;Fasteners;Stockwell Paper Clips, Assorted Sizes;39,69;7;0,5;-31,92;4,81;High;September;2015;2021
16757;ES-2015-TB2125048-42248;Salı, Eylül 01, 2015;Cumartesi, Eylül 05, 2015;Standard Class;TB-2125048;Tim Brockman;Consumer;;Hanover;Lower Saxony;Germany;Western Europe;Europe;OFF-AR-3469;Office Supplies;Art;BIC Sketch Pad, Easy-Erase;122,325;5;0,5;-0,075;12,48;High;September;2015;2021
19621;IT-2015-SR2042548-42264;Perşembe, Eylül 17, 2015;Salı, Eylül 22, 2015;Standard Class;SR-2042548;Sharelle Roach;Home Office;;Augsburg;Bavaria;Germany;Western Europe;Europe;FUR-TA-3414;Furniture;Tables;Bevis Coffee Table, Fully Assembled;623,3175;3;0,35;-191,8125;41,04;Medium;September;2015;2021
12973;ES-2015-RA1994548-42249;Çarşamba, Eylül 02, 2015;Cuma, Eylül 04, 2015;Second Class;RA-1994548;Ryan Akin;Consumer;;Bielefeld;North Rhine-Westphalia;Germany;Western Europe;Europe;FUR-TA-5057;Furniture;Tables;Lesro Conference Table, Adjustable Height;1117,701;2;0,35;206,301;124,15;Critical;September;2015;2021
10633;ES-2015-GW1460545-42262;Salı, Eylül 15, 2015;Pazartesi, Eylül 21, 2015;Standard Class;GW-1460545;Giulietta Weimer;Consumer;;Coulommiers;Ile-de-France;France;Western Europe;Europe;FUR-BO-4858;Furniture;Bookcases;Ikea Floating Shelf Set, Pine;618,084;4;0,1;27,444;1,19;Low;September;2015;2021
12198;ES-2015-CM1244545-42250;Perşembe, Eylül 03, 2015;Pazartesi, Eylül 07, 2015;Standard Class;CM-1244545;Chuck Magee;Consumer;;Courbevoie;Ile-de-France;France;Western Europe;Europe;OFF-ST-6067;Office Supplies;Storage;Smead Trays, Single Width;43,659;1;0,1;10,659;2,29;Medium;September;2015;2021
12220;IT-2015-RS1942045-42248;Salı, Eylül 01, 2015;Cumartesi, Eylül 05, 2015;Standard Class;RS-1942045;Ricardo Sperren;Corporate;;Paris;Ile-de-France;France;Western Europe;Europe;OFF-ST-5696;Office Supplies;Storage;Rogers Folders, Single Width;55,296;2;0,1;-1,284;4,37;High;September;2015;2021
17039;ES-2015-AR1054045-42248;Salı, Eylül 01, 2015;Perşembe, Eylül 03, 2015;Second Class;AR-1054045;Andy Reiter;Consumer;;Montgeron;Ile-de-France;France;Western Europe;Europe;OFF-ST-6275;Office Supplies;Storage;Tenex Shelving, Wire Frame;48,357;1;0,1;1,047;8,95;Critical;September;2015;2021
17038;ES-2015-JC1577545-42267;Pazar, Eylül 20, 2015;Pazar, Eylül 20, 2015;Same Day;JC-1577545;John Castell;Consumer;;Bagneux;Ile-de-France;France;Western Europe;Europe;FUR-CH-4633;Furniture;Chairs;Hon Chairmat, Set of Two;104,004;2;0,1;13,824;15,19;High;September;2015;2021
19834;ES-2015-JW1607545-42252;Cumartesi, Eylül 05, 2015;Salı, Eylül 08, 2015;First Class;JW-1607545;Julia West;Consumer;;Saint-Michel-sur-Orge;Ile-de-France;France;Western Europe;Europe;OFF-ST-4056;Office Supplies;Storage;Eldon File Cart, Industrial;230,202;2;0,1;5,082;22,04;High;September;2015;2021
12103;ES-2015-CA1277545-42276;Salı, Eylül 29, 2015;Cuma, Ekim 02, 2015;First Class;CA-1277545;Cynthia Arntzen;Consumer;;Noisy-le-Sec;Ile-de-France;France;Western Europe;Europe;OFF-ST-4108;Office Supplies;Storage;Eldon Trays, Wire Frame;338,688;8;0,1;109,008;65,37;Medium;September;2015;2021
13318;ES-2015-FH1427545-42266;Cumartesi, Eylül 19, 2015;Salı, Eylül 22, 2015;Second Class;FH-1427545;Frank Hawley;Corporate;;Massy;Ile-de-France;France;Western Europe;Europe;OFF-ST-6264;Office Supplies;Storage;Tenex Lockers, Wire Frame;548,694;3;0,1;127,944;92,79;High;September;2015;2021
10630;ES-2015-GW1460545-42262;Salı, Eylül 15, 2015;Pazartesi, Eylül 21, 2015;Standard Class;GW-1460545;Giulietta Weimer;Consumer;;Coulommiers;Ile-de-France;France;Western Europe;Europe;OFF-ST-4266;Office Supplies;Storage;Fellowes Lockers, Blue;1119,582;6;0,1;198,882;105,82;Low;September;2015;2021
10828;IT-2015-MC1784545-42249;Çarşamba, Eylül 02, 2015;Cuma, Eylül 04, 2015;Second Class;MC-1784545;Michael Chen;Consumer;;Paris;Ile-de-France;France;Western Europe;Europe;OFF-ST-4078;Office Supplies;Storage;Eldon Lockers, Blue;1068,714;6;0,1;-0,126;220,97;High;September;2015;2021
14433;ES-2015-EP1391545-42264;Perşembe, Eylül 17, 2015;Salı, Eylül 22, 2015;Standard Class;EP-1391545;Emily Phan;Consumer;;Villejuif;Ile-de-France;France;Western Europe;Europe;TEC-CO-4591;Technology;Copiers;Hewlett Wireless Fax, Digital;645,711;2;0,15;-22,809;7,49;Medium;September;2015;2021
18737;ES-2015-AR1082545-42270;Çarşamba, Eylül 23, 2015;Cuma, Eylül 25, 2015;First Class;AR-1082545;Anthony Rawles;Corporate;;Rambouillet;Ile-de-France;France;Western Europe;Europe;TEC-CO-3683;Technology;Copiers;Canon Fax and Copier, Digital;486,999;3;0,15;-22,941;69,61;Medium;September;2015;2021
10632;ES-2015-GW1460545-42262;Salı, Eylül 15, 2015;Pazartesi, Eylül 21, 2015;Standard Class;GW-1460545;Giulietta Weimer;Consumer;;Coulommiers;Ile-de-France;France;Western Europe;Europe;TEC-CO-3592;Technology;Copiers;Brother Fax and Copier, Digital;1137,2235;7;0,15;-13,5765;81,8;Low;September;2015;2021
10780;ES-2015-LW1682545-42258;Cuma, Eylül 11, 2015;Cumartesi, Eylül 12, 2015;First Class;LW-1682545;Laurel Workman;Corporate;;Schiltigheim;Alsace-Champagne-Ardenne-Lorraine;France;Western Europe;Europe;FUR-TA-3350;Furniture;Tables;Barricks Round Table, Rectangular;1622,01;5;0,35;-623,94;211,17;High;September;2015;2021
16851;ES-2015-PV1898545-42270;Çarşamba, Eylül 23, 2015;Pazartesi, Eylül 28, 2015;Standard Class;PV-1898545;Paul Van Hugh;Home Office;;Mulhouse;Alsace-Champagne-Ardenne-Lorraine;France;Western Europe;Europe;TEC-PH-5266;Technology;Phones;Motorola Signal Booster, with Caller ID;364,9815;3;0,15;107,3115;17,58;Medium;September;2015;2021
15090;ES-2015-AG1067545-42263;Çarşamba, Eylül 16, 2015;Pazar, Eylül 20, 2015;Standard Class;AG-1067545;Anna Gayman;Consumer;;Mougins;Provence-Alpes-Côte d'Azur;France;Western Europe;Europe;TEC-MA-6136;Technology;Machines;StarTech Card Printer, Durable;417,231;3;0,15;49,041;28,35;High;September;2015;2021
16694;ES-2015-KM1666045-42256;Çarşamba, Eylül 09, 2015;Cuma, Eylül 11, 2015;Second Class;KM-1666045;Khloe Miller;Consumer;;Ploemeur;Brittany;France;Western Europe;Europe;TEC-PH-5832;Technology;Phones;Samsung Office Telephone, with Caller ID;277,185;5;0,15;26,085;29,06;High;September;2015;2021
14211;ES-2015-DR1294045-42271;Perşembe, Eylül 24, 2015;Çarşamba, Eylül 30, 2015;Standard Class;DR-1294045;Daniel Raglin;Home Office;;Nice;Provence-Alpes-Côte d'Azur;France;Western Europe;Europe;TEC-PH-5271;Technology;Phones;Motorola Speaker Phone, Full Size;557,0475;5;0,15;-26,3025;39,22;Medium;September;2015;2021
18960;IT-2015-CJ1201045-42266;Cumartesi, Eylül 19, 2015;Çarşamba, Eylül 23, 2015;Standard Class;CJ-1201045;Caroline Jumper;Consumer;;Issoire;Auvergne;France;Western Europe;Europe;TEC-PH-5815;Technology;Phones;Samsung Audio Dock, with Caller ID;709,0275;5;0,15;-100,2225;71,05;Medium;September;2015;2021
16717;ES-2015-MG1787545-42258;Cuma, Eylül 11, 2015;Salı, Eylül 15, 2015;Standard Class;MG-1787545;Michael Grace;Home Office;;Wasquehal;Nord-Pas-de-Calais-Picardie;France;Western Europe;Europe;TEC-CO-5991;Technology;Copiers;Sharp Copy Machine, High-Speed;406,98;2;0,15;138,84;86,47;High;September;2015;2021
13898;ES-2015-JH1582045-42256;Çarşamba, Eylül 09, 2015;Cuma, Eylül 11, 2015;Second Class;JH-1582045;John Huston;Consumer;;Vitrolles;Provence-Alpes-Côte d'Azur;France;Western Europe;Europe;TEC-CO-4568;Technology;Copiers;Hewlett Copy Machine, Color;676,0305;3;0,15;151,0605;179,62;Critical;September;2015;2021
17768;ES-2015-TS2161045-42251;Cuma, Eylül 04, 2015;Çarşamba, Eylül 09, 2015;Standard Class;TS-2161045;Troy Staebel;Consumer;;Toulon;Provence-Alpes-Côte d'Azur;France;Western Europe;Europe;OFF-ST-4283;Office Supplies;Storage;Fellowes Shelving, Industrial;157,464;3;0,1;59,454;2,63;Medium;September;2015;2021
13925;ES-2015-LD1685545-42265;Cuma, Eylül 18, 2015;Cuma, Eylül 18, 2015;Same Day;LD-1685545;Lela Donovan;Corporate;;Saint-Laurent-du-Var;Provence-Alpes-Côte d'Azur;France;Western Europe;Europe;FUR-CH-4656;Furniture;Chairs;Hon Executive Leather Armchair, Red;413,451;1;0,1;-45,939;8,41;High;September;2015;2021
17767;ES-2015-TS2161045-42251;Cuma, Eylül 04, 2015;Çarşamba, Eylül 09, 2015;Standard Class;TS-2161045;Troy Staebel;Consumer;;Toulon;Provence-Alpes-Côte d'Azur;France;Western Europe;Europe;FUR-BO-5972;Furniture;Bookcases;Sauder Stackable Bookrack, Pine;268,812;2;0,1;83,592;21,98;Medium;September;2015;2021
10913;ES-2015-TS2116045-42264;Perşembe, Eylül 17, 2015;Perşembe, Eylül 24, 2015;Standard Class;TS-2116045;Theresa Swint;Corporate;;Marseille;Provence-Alpes-Côte d'Azur;France;Western Europe;Europe;FUR-CH-5756;Furniture;Chairs;SAFCO Chairmat, Adjustable;504,711;9;0,1;67,041;22,16;Medium;September;2015;2021
17545;IT-2015-MB1730545-42273;Cumartesi, Eylül 26, 2015;Pazartesi, Eylül 28, 2015;Second Class;MB-1730545;Maria Bertelson;Consumer;;Cagnes-sur-Mer;Provence-Alpes-Côte d'Azur;France;Western Europe;Europe;FUR-BO-3887;Furniture;Bookcases;Dania 3-Shelf Cabinet, Pine;257,04;2;0,1;-2,88;29,28;High;September;2015;2021
13927;ES-2015-LD1685545-42265;Cuma, Eylül 18, 2015;Cuma, Eylül 18, 2015;Same Day;LD-1685545;Lela Donovan;Corporate;;Saint-Laurent-du-Var;Provence-Alpes-Côte d'Azur;France;Western Europe;Europe;OFF-AP-4959;Office Supplies;Appliances;KitchenAid Microwave, White;555,228;2;0,1;141,888;92,34;High;September;2015;2021
12989;IT-2015-FM1421545-42271;Perşembe, Eylül 24, 2015;Cumartesi, Eylül 26, 2015;Second Class;FM-1421545;Filia McAdams;Corporate;;Gap;Provence-Alpes-Côte d'Azur;France;Western Europe;Europe;OFF-AP-3570;Office Supplies;Appliances;Breville Microwave, Black;1355,13;5;0,1;-60,27;218,75;High;September;2015;2021
13924;ES-2015-LD1685545-42265;Cuma, Eylül 18, 2015;Cuma, Eylül 18, 2015;Same Day;LD-1685545;Lela Donovan;Corporate;;Saint-Laurent-du-Var;Provence-Alpes-Côte d'Azur;France;Western Europe;Europe;FUR-BO-3639;Furniture;Bookcases;Bush Library with Doors, Metal;1637,01;5;0,1;90,81;329,73;High;September;2015;2021
14829;IT-2015-KC1667545-42251;Cuma, Eylül 04, 2015;Perşembe, Eylül 10, 2015;Standard Class;KC-1667545;Kimberly Carter;Corporate;;Saint-Jean-de-la-Ruelle;Centre-Val de Loire;France;Western Europe;Europe;OFF-ST-4061;Office Supplies;Storage;Eldon Folders, Industrial;31,428;2;0,1;-2,472;3,22;Medium;September;2015;2021
17491;ES-2015-KD1649545-42255;Salı, Eylül 08, 2015;Pazar, Eylül 13, 2015;Standard Class;KD-1649545;Keith Dawkins;Corporate;;Calais;Nord-Pas-de-Calais-Picardie;France;Western Europe;Europe;OFF-ST-6284;Office Supplies;Storage;Tenex Trays, Wire Frame;335,664;7;0,1;149,184;6,16;Medium;September;2015;2021
18751;ES-2015-MG1769545-42263;Çarşamba, Eylül 16, 2015;Çarşamba, Eylül 16, 2015;Same Day;MG-1769545;Maureen Gnade;Consumer;;Epinal;Alsace-Champagne-Ardenne-Lorraine;France;Western Europe;Europe;OFF-ST-4106;Office Supplies;Storage;Eldon Trays, Industrial;174,42;4;0,1;71,7;6,67;Medium;September;2015;2021
13840;ES-2015-CD1192045-42255;Salı, Eylül 08, 2015;Salı, Eylül 08, 2015;Same Day;CD-1192045;Carlos Daly;Consumer;;Rouen;Normandy;France;Western Europe;Europe;OFF-ST-4063;Office Supplies;Storage;Eldon Folders, Wire Frame;43,335;3;0,1;-0,045;6,85;High;September;2015;2021
18656;ES-2015-PW1903045-42249;Çarşamba, Eylül 02, 2015;Pazar, Eylül 06, 2015;Standard Class;PW-1903045;Pauline Webber;Corporate;;Saint-Quentin;Nord-Pas-de-Calais-Picardie;France;Western Europe;Europe;OFF-ST-5706;Office Supplies;Storage;Rogers Shelving, Industrial;169,047;3;0,1;37,557;19,49;High;September;2015;2021
20029;ES-2015-AB1015045-42266;Cumartesi, Eylül 19, 2015;Salı, Eylül 22, 2015;First Class;AB-1015045;Aimee Bixby;Consumer;;Cognac;Aquitaine-Limousin-Poitou-Charentes;France;Western Europe;Europe;OFF-ST-6262;Office Supplies;Storage;Tenex Lockers, Industrial;552,501;3;0,1;110,421;25,06;High;September;2015;2021
18897;ES-2015-MN1793545-42255;Salı, Eylül 08, 2015;Cumartesi, Eylül 12, 2015;Standard Class;MN-1793545;Michael Nguyen;Consumer;;Dijon;Bourgogne-Franche-Comté;France;Western Europe;Europe;FUR-CH-4630;Furniture;Chairs;Hon Chairmat, Adjustable;156,654;3;0,1;24,354;2,91;Medium;September;2015;2021
16551;IT-2015-CS1184545-42250;Perşembe, Eylül 03, 2015;Pazartesi, Eylül 07, 2015;Standard Class;CS-1184545;Cari Sayre;Corporate;;Senlis;Nord-Pas-de-Calais-Picardie;France;Western Europe;Europe;FUR-CH-4631;Furniture;Chairs;Hon Chairmat, Black;334,53;7;0,1;-22,47;30,53;Medium;September;2015;2021
12140;ES-2015-KN1645045-42269;Salı, Eylül 22, 2015;Pazar, Eylül 27, 2015;Second Class;KN-1645045;Kean Nguyen;Corporate;;Agen;Aquitaine-Limousin-Poitou-Charentes;France;Western Europe;Europe;OFF-AP-4731;Office Supplies;Appliances;Hoover Microwave, Red;833,328;3;0,1;92,538;60,12;Medium;September;2015;2021
16850;ES-2015-PV1898545-42270;Çarşamba, Eylül 23, 2015;Pazartesi, Eylül 28, 2015;Standard Class;PV-1898545;Paul Van Hugh;Home Office;;Mulhouse;Alsace-Champagne-Ardenne-Lorraine;France;Western Europe;Europe;FUR-BO-3624;Furniture;Bookcases;Bush Classic Bookcase, Metal;741,852;2;0,1;197,772;71,77;Medium;September;2015;2021
14323;ES-2015-MF1825045-42249;Çarşamba, Eylül 02, 2015;Çarşamba, Eylül 09, 2015;Standard Class;MF-1825045;Monica Federle;Corporate;;Villeurbanne;Auvergne-Rhône-Alpes;France;Western Europe;Europe;FUR-BO-5785;Furniture;Bookcases;Safco Library with Doors, Metal;2452,275;7;0,1;190,575;155,69;Medium;September;2015;2021
43904;NI-2015-RE945095-42274;Pazar, Eylül 27, 2015;Perşembe, Ekim 01, 2015;Standard Class;RE-945095;Richard Eichhorn;Consumer;;Lagos;Lagos;Nigeria;Western Africa;Africa;OFF-SU-2994;Office Supplies;Supplies;Acme Shears, High Speed;14,976;1;0,7;-9,984;1,11;Medium;September;2015;2021
45239;NI-2015-TB1135595-42256;Çarşamba, Eylül 09, 2015;Salı, Eylül 15, 2015;Standard Class;TB-1135595;Todd Boyes;Corporate;;Lagos;Lagos;Nigeria;Western Africa;Africa;OFF-BI-3293;Office Supplies;Binders;Avery Index Tab, Clear;1,899;1;0,7;-4,191;1,13;Medium;September;2015;2021
43903;NI-2015-RE945095-42274;Pazar, Eylül 27, 2015;Perşembe, Ekim 01, 2015;Standard Class;RE-945095;Richard Eichhorn;Consumer;;Lagos;Lagos;Nigeria;Western Africa;Africa;OFF-FA-5473;Office Supplies;Fasteners;OIC Push Pins, Bulk Pack;4,473;1;0,7;-7,317;1,3;Medium;September;2015;2021
43905;NI-2015-RE945095-42274;Pazar, Eylül 27, 2015;Perşembe, Ekim 01, 2015;Standard Class;RE-945095;Richard Eichhorn;Consumer;;Lagos;Lagos;Nigeria;Western Africa;Africa;TEC-MA-6134;Technology;Machines;StarTech Calculator, White;11,511;1;0,7;-26,109;1,76;Medium;September;2015;2021
43906;NI-2015-RE945095-42274;Pazar, Eylül 27, 2015;Perşembe, Ekim 01, 2015;Standard Class;RE-945095;Richard Eichhorn;Consumer;;Lagos;Lagos;Nigeria;Western Africa;Africa;TEC-PH-3152;Technology;Phones;Apple Speaker Phone, VoIP;37,017;1;0,7;-37,023;2,23;Medium;September;2015;2021
48891;NI-2015-SW1035095-42269;Salı, Eylül 22, 2015;Pazar, Eylül 27, 2015;Standard Class;SW-1035095;Sean Wendt;Home Office;;Lagos;Lagos;Nigeria;Western Africa;Africa;TEC-CO-3685;Technology;Copiers;Canon Fax and Copier, Laser;57,402;1;0,7;-44,028;9,56;High;September;2015;2021
43379;NI-2015-GM444095-42251;Cuma, Eylül 04, 2015;Salı, Eylül 08, 2015;Standard Class;GM-444095;Gary McGarr;Consumer;;Lagos;Lagos;Nigeria;Western Africa;Africa;OFF-FA-6204;Office Supplies;Fasteners;Stockwell Staples, Metal;6,318;2;0,7;-9,102;1,51;Medium;September;2015;2021
45238;NI-2015-TB1135595-42256;Çarşamba, Eylül 09, 2015;Salı, Eylül 15, 2015;Standard Class;TB-1135595;Todd Boyes;Corporate;;Lagos;Lagos;Nigeria;Western Africa;Africa;OFF-FA-5477;Office Supplies;Fasteners;OIC Rubber Bands, Bulk Pack;10,242;2;0,7;-9,918;1,53;Medium;September;2015;2021
42970;NI-2015-PH879095-42255;Salı, Eylül 08, 2015;Perşembe, Eylül 10, 2015;Second Class;PH-879095;Patricia Hirasaki;Home Office;;Lagos;Lagos;Nigeria;Western Africa;Africa;TEC-AC-5861;Technology;Accessories;SanDisk Flash Drive, Erganomic;22,41;2;0,7;-50,85;5,8;Critical;September;2015;2021
48890;NI-2015-SW1035095-42269;Salı, Eylül 22, 2015;Pazar, Eylül 27, 2015;Standard Class;SW-1035095;Sean Wendt;Home Office;;Lagos;Lagos;Nigeria;Western Africa;Africa;FUR-FU-3032;Furniture;Furnishings;Advantus Frame, Black;66,672;2;0,7;-111,168;7,44;High;September;2015;2021
43380;NI-2015-GM444095-42251;Cuma, Eylül 04, 2015;Salı, Eylül 08, 2015;Standard Class;GM-444095;Gary McGarr;Consumer;;Lagos;Lagos;Nigeria;Western Africa;Africa;OFF-FA-3070;Office Supplies;Fasteners;Advantus Staples, Bulk Pack;19,548;6;0,7;-19,692;1,51;Medium;September;2015;2021
42222;NI-2015-SV1081595-42252;Cumartesi, Eylül 05, 2015;Pazartesi, Eylül 07, 2015;Second Class;SV-1081595;Stuart Van;Corporate;;Lagos;Lagos;Nigeria;Western Africa;Africa;FUR-TA-3436;Furniture;Tables;Bevis Training Table, Fully Assembled;605,61;6;0,7;-1150,83;105,1;High;September;2015;2021
44731;NI-2015-CV229595-42259;Cumartesi, Eylül 12, 2015;Çarşamba, Eylül 16, 2015;Standard Class;CV-229595;Christina VanderZanden;Consumer;;Kano;Kano;Nigeria;Western Africa;Africa;OFF-SU-4986;Office Supplies;Supplies;Kleencut Scissors, High Speed;6,687;1;0,7;-8,703;1,14;High;September;2015;2021
44732;NI-2015-CV229595-42259;Cumartesi, Eylül 12, 2015;Çarşamba, Eylül 16, 2015;Standard Class;CV-229595;Christina VanderZanden;Consumer;;Kano;Kano;Nigeria;Western Africa;Africa;FUR-FU-3935;Furniture;Furnishings;Deflect-O Door Stop, Erganomic;25,542;2;0,7;-44,298;2,67;High;September;2015;2021
44730;NI-2015-CV229595-42259;Cumartesi, Eylül 12, 2015;Çarşamba, Eylül 16, 2015;Standard Class;CV-229595;Christina VanderZanden;Consumer;;Kano;Kano;Nigeria;Western Africa;Africa;FUR-CH-5451;Furniture;Chairs;Office Star Steel Folding Chair, Black;26,784;1;0,7;-62,496;2,79;High;September;2015;2021
49695;NI-2015-BP105095-42249;Çarşamba, Eylül 02, 2015;Salı, Eylül 08, 2015;Standard Class;BP-105095;Barry Pond;Corporate;;Aba;Abia;Nigeria;Western Africa;Africa;OFF-SU-6167;Office Supplies;Supplies;Stiletto Letter Opener, Steel;7,524;1;0,7;-14,556;1,47;Medium;September;2015;2021
44046;NI-2015-PB880595-42249;Çarşamba, Eylül 02, 2015;Pazar, Eylül 06, 2015;Second Class;PB-880595;Patrick Bzostek;Home Office;;Ugep;Cross River;Nigeria;Western Africa;Africa;OFF-BI-3734;Office Supplies;Binders;Cardinal Hole Reinforcements, Durable;2,052;1;0,7;-3,378;1,2;Medium;September;2015;2021
44047;NI-2015-PB880595-42249;Çarşamba, Eylül 02, 2015;Pazar, Eylül 06, 2015;Second Class;PB-880595;Patrick Bzostek;Home Office;;Ugep;Cross River;Nigeria;Western Africa;Africa;OFF-ST-6229;Office Supplies;Storage;Tenex Box, Industrial;5,094;1;0,7;-3,906;1,58;Medium;September;2015;2021
49138;NI-2015-NF838595-42265;Cuma, Eylül 18, 2015;Çarşamba, Eylül 23, 2015;Standard Class;NF-838595;Natalie Fritzler;Consumer;;Warri;Delta;Nigeria;Western Africa;Africa;TEC-MA-6145;Technology;Machines;StarTech Phone, White;21,879;1;0,7;-21,171;1,67;Medium;September;2015;2021
49540;NI-2015-KH636095-42251;Cuma, Eylül 04, 2015;Cumartesi, Eylül 05, 2015;First Class;KH-636095;Katherine Hughes;Consumer;;Owerri;Imo;Nigeria;Western Africa;Africa;TEC-CO-3695;Technology;Copiers;Canon Ink, Digital;44,037;1;0,7;-86,613;14,03;High;September;2015;2021
44892;NI-2015-CG252095-42250;Perşembe, Eylül 03, 2015;Pazar, Eylül 06, 2015;First Class;CG-252095;Claire Gute;Consumer;;Funtua;Katsina;Nigeria;Western Africa;Africa;OFF-BI-6399;Office Supplies;Binders;Wilson Jones Hole Reinforcements, Economy;2,718;2;0,7;-1,842;1,26;High;September;2015;2021
49142;NI-2015-NF838595-42265;Cuma, Eylül 18, 2015;Çarşamba, Eylül 23, 2015;Standard Class;NF-838595;Natalie Fritzler;Consumer;;Warri;Delta;Nigeria;Western Africa;Africa;OFF-BI-3715;Office Supplies;Binders;Cardinal 3-Hole Punch, Recycled;17,496;2;0,7;-23,964;1,88;Medium;September;2015;2021
44048;NI-2015-PB880595-42249;Çarşamba, Eylül 02, 2015;Pazar, Eylül 06, 2015;Second Class;PB-880595;Patrick Bzostek;Home Office;;Ugep;Cross River;Nigeria;Western Africa;Africa;OFF-SU-4990;Office Supplies;Supplies;Kleencut Shears, High Speed;28,062;2;0,7;-25,278;1,91;Medium;September;2015;2021
44893;NI-2015-CG252095-42250;Perşembe, Eylül 03, 2015;Pazar, Eylül 06, 2015;First Class;CG-252095;Claire Gute;Consumer;;Funtua;Katsina;Nigeria;Western Africa;Africa;OFF-BI-6403;Office Supplies;Binders;Wilson Jones Index Tab, Durable;4,77;2;0,7;-10,83;2,02;High;September;2015;2021
49539;NI-2015-KH636095-42251;Cuma, Eylül 04, 2015;Cumartesi, Eylül 05, 2015;First Class;KH-636095;Katherine Hughes;Consumer;;Owerri;Imo;Nigeria;Western Africa;Africa;OFF-AP-4963;Office Supplies;Appliances;KitchenAid Refrigerator, White;315,648;2;0,7;-210,432;3,91;High;September;2015;2021
49139;NI-2015-NF838595-42265;Cuma, Eylül 18, 2015;Çarşamba, Eylül 23, 2015;Standard Class;NF-838595;Natalie Fritzler;Consumer;;Warri;Delta;Nigeria;Western Africa;Africa;TEC-PH-5830;Technology;Phones;Samsung Office Telephone, Full Size;39,906;2;0,7;-54,594;1,62;Medium;September;2015;2021
49141;NI-2015-NF838595-42265;Cuma, Eylül 18, 2015;Çarşamba, Eylül 23, 2015;Standard Class;NF-838595;Natalie Fritzler;Consumer;;Warri;Delta;Nigeria;Western Africa;Africa;FUR-FU-3037;Furniture;Furnishings;Advantus Light Bulb, Duo Pack;12,078;2;0,7;-20,142;1,83;Medium;September;2015;2021
49144;NI-2015-NF838595-42265;Cuma, Eylül 18, 2015;Çarşamba, Eylül 23, 2015;Standard Class;NF-838595;Natalie Fritzler;Consumer;;Warri;Delta;Nigeria;Western Africa;Africa;TEC-MA-5512;Technology;Machines;Okidata Printer, White;160,146;2;0,7;-368,394;6,17;Medium;September;2015;2021
49143;NI-2015-NF838595-42265;Cuma, Eylül 18, 2015;Çarşamba, Eylül 23, 2015;Standard Class;NF-838595;Natalie Fritzler;Consumer;;Warri;Delta;Nigeria;Western Africa;Africa;OFF-AR-3483;Office Supplies;Art;Binney & Smith Highlighters, Fluorescent;21,42;4;0,7;-44,34;1,61;Medium;September;2015;2021
48056;NI-2015-JF541595-42276;Salı, Eylül 29, 2015;Cumartesi, Ekim 03, 2015;Second Class;JF-541595;Jennifer Ferguson;Consumer;;Makurdi;Benue;Nigeria;Western Africa;Africa;OFF-FA-2956;Office Supplies;Fasteners;Accos Staples, Assorted Sizes;10,08;4;0,7;-10,44;1,66;Medium;September;2015;2021
49140;NI-2015-NF838595-42265;Cuma, Eylül 18, 2015;Çarşamba, Eylül 23, 2015;Standard Class;NF-838595;Natalie Fritzler;Consumer;;Warri;Delta;Nigeria;Western Africa;Africa;OFF-PA-4001;Office Supplies;Paper;Eaton Message Books, Recycled;49,176;8;0,7;-91,944;4,05;Medium;September;2015;2021
46993;NI-2015-CR273095-42248;Salı, Eylül 01, 2015;Salı, Eylül 08, 2015;Standard Class;CR-273095;Craig Reiter;Consumer;;Owo;Ondo;Nigeria;Western Africa;Africa;TEC-MA-5013;Technology;Machines;Konica Phone, Wireless;155,142;6;0,7;-258,678;8,29;Medium;September;2015;2021
14563;IT-2015-IM15070139-42273;Cumartesi, Eylül 26, 2015;Perşembe, Ekim 01, 2015;Standard Class;IM-15070139;Irene Maddox;Consumer;;London;England;United Kingdom;Northern Europe;Europe;OFF-PA-4476;Office Supplies;Paper;Green Bar Message Books, Premium;85,644;4;0,1;-0,036;15,76;High;September;2015;2021
17467;IT-2015-AR10825139-42257;Perşembe, Eylül 10, 2015;Çarşamba, Eylül 16, 2015;Standard Class;AR-10825139;Anthony Rawles;Corporate;;Birmingham;England;United Kingdom;Northern Europe;Europe;OFF-AR-3482;Office Supplies;Art;Binney & Smith Highlighters, Easy-Erase;16,86;2;0,5;-4,74;1,73;Medium;September;2015;2021
15333;IT-2015-MB18085139-42265;Cuma, Eylül 18, 2015;Çarşamba, Eylül 23, 2015;Standard Class;MB-18085139;Mick Brown;Consumer;;Birmingham;England;United Kingdom;Northern Europe;Europe;OFF-AR-3495;Office Supplies;Art;Binney & Smith Pens, Blue;29,85;5;0,5;-4,8;3,71;Medium;September;2015;2021
15332;IT-2015-MB18085139-42265;Cuma, Eylül 18, 2015;Çarşamba, Eylül 23, 2015;Standard Class;MB-18085139;Mick Brown;Consumer;;Birmingham;England;United Kingdom;Northern Europe;Europe;OFF-ST-5708;Office Supplies;Storage;Rogers Shelving, Wire Frame;61,2;2;0,5;-23,28;4,1;Medium;September;2015;2021
16388;IT-2015-MG17890139-42252;Cumartesi, Eylül 05, 2015;Cumartesi, Eylül 05, 2015;Same Day;MG-17890139;Michael Granlund;Home Office;;Sheffield;England;United Kingdom;Northern Europe;Europe;OFF-LA-4685;Office Supplies;Labels;Hon Round Labels, 5000 Label Set;7,05;2;0,5;-2,55;1,43;High;September;2015;2021
13466;IT-2015-RP19390139-42274;Pazar, Eylül 27, 2015;Cumartesi, Ekim 03, 2015;Standard Class;RP-19390139;Resi Pölking;Consumer;;Sheffield;England;United Kingdom;Northern Europe;Europe;OFF-BI-4806;Office Supplies;Binders;Ibico 3-Hole Punch, Recycled;15,405;1;0,5;-6,795;1,65;Low;September;2015;2021
18894;ES-2015-DO13645139-42263;Çarşamba, Eylül 16, 2015;Pazartesi, Eylül 21, 2015;Second Class;DO-13645139;Doug O'Connell;Consumer;;Sheffield;England;United Kingdom;Northern Europe;Europe;OFF-PA-5893;Office Supplies;Paper;SanDisk Parchment Paper, Recycled;16,62;2;0,5;-11,34;1,84;Medium;September;2015;2021
14048;IT-2015-HM14860139-42259;Cumartesi, Eylül 12, 2015;Salı, Eylül 15, 2015;Second Class;HM-14860139;Harry Marie;Corporate;;Washington;England;United Kingdom;Northern Europe;Europe;FUR-FU-6258;Furniture;Furnishings;Tenex Light Bulb, Duo Pack;13,293;1;0,3;-3,447;2,12;Critical;September;2015;2021
18893;ES-2015-DO13645139-42263;Çarşamba, Eylül 16, 2015;Pazartesi, Eylül 21, 2015;Second Class;DO-13645139;Doug O'Connell;Consumer;;Sheffield;England;United Kingdom;Northern Europe;Europe;OFF-BI-6383;Office Supplies;Binders;Wilson Jones Binding Machine, Durable;25,23;1;0,5;-24,24;3,2;Medium;September;2015;2021
18891;ES-2015-DO13645139-42263;Çarşamba, Eylül 16, 2015;Pazartesi, Eylül 21, 2015;Second Class;DO-13645139;Doug O'Connell;Consumer;;Sheffield;England;United Kingdom;Northern Europe;Europe;OFF-BI-6385;Office Supplies;Binders;Wilson Jones Binding Machine, Recycled;73,98;3;0,5;-57,78;4,06;Medium;September;2015;2021
18892;ES-2015-DO13645139-42263;Çarşamba, Eylül 16, 2015;Pazartesi, Eylül 21, 2015;Second Class;DO-13645139;Doug O'Connell;Consumer;;Sheffield;England;United Kingdom;Northern Europe;Europe;OFF-AR-6124;Office Supplies;Art;Stanley Pens, Water Color;33,075;5;0,5;-11,925;4,23;Medium;September;2015;2021
13465;IT-2015-RP19390139-42274;Pazar, Eylül 27, 2015;Cumartesi, Ekim 03, 2015;Standard Class;RP-19390139;Resi Pölking;Consumer;;Sheffield;England;United Kingdom;Northern Europe;Europe;OFF-LA-3320;Office Supplies;Labels;Avery Shipping Labels, 5000 Label Set;30,6;5;0,5;-7,35;4,31;Low;September;2015;2021
12306;ES-2015-SW20275139-42249;Çarşamba, Eylül 02, 2015;Salı, Eylül 08, 2015;Standard Class;SW-20275139;Scott Williamson;Consumer;;Manchester;England;United Kingdom;Northern Europe;Europe;FUR-FU-3030;Furniture;Furnishings;Advantus Door Stop, Erganomic;61,11;2;0,3;0,87;4,52;Medium;September;2015;2021
18361;ES-2015-CS12460139-42248;Salı, Eylül 01, 2015;Cumartesi, Eylül 05, 2015;Standard Class;CS-12460139;Chuck Sachs;Consumer;;Manchester;England;United Kingdom;Northern Europe;Europe;FUR-FU-4034;Furniture;Furnishings;Eldon Clock, Black;79,128;2;0,3;-2,292;4,8;Medium;September;2015;2021
17239;IT-2015-EK13795139-42277;Çarşamba, Eylül 30, 2015;Pazartesi, Ekim 05, 2015;Standard Class;EK-13795139;Eileen Kiefer;Home Office;;Sale;England;United Kingdom;Northern Europe;Europe;FUR-FU-3049;Furniture;Furnishings;Advantus Photo Frame, Durable;385,077;11;0,3;-77,253;30,36;Medium;September;2015;2021
37518;US-2015-JB16000140-42262;Salı, Eylül 15, 2015;Cumartesi, Eylül 19, 2015;Second Class;JB-160001404;Joy Bell-;Consumer;90045;Los Angeles;California;United States;Western US;USCA;OFF-LA-3198;Office Supplies;Labels;Avery 48;56,7;9;0;26,082;2,1;Medium;September;2015;2021
38634;CA-2015-BM11575140-42269;Salı, Eylül 22, 2015;Perşembe, Eylül 24, 2015;First Class;BM-115751404;Brendan Murry;Corporate;90045;Los Angeles;California;United States;Western US;USCA;OFF-ST-6265;Office Supplies;Storage;Tenex Personal Filing Tote With Secure Closure Lid, Black/Frost;15,51;1;0;3,8775;4,31;Critical;September;2015;2021
41143;CA-2015-MH17290140-42250;Perşembe, Eylül 03, 2015;Cumartesi, Eylül 05, 2015;Second Class;MH-172901404;Marc Harrigan;Home Office;90008;Los Angeles;California;United States;Western US;USCA;OFF-AP-2932;Office Supplies;Appliances;Acco Six-Outlet Power Strip, 4' Cord Length;43,1;5;0;11,206;3,94;High;September;2015;2021
41144;CA-2015-MH17290140-42250;Perşembe, Eylül 03, 2015;Cumartesi, Eylül 05, 2015;Second Class;MH-172901404;Marc Harrigan;Home Office;90008;Los Angeles;California;United States;Western US;USCA;FUR-FU-5160;Furniture;Furnishings;Luxo Professional Combination Clamp-On Lamps;511,5;5;0;132,99;36,72;High;September;2015;2021
35593;CA-2015-TH21235140-42252;Cumartesi, Eylül 05, 2015;Cuma, Eylül 11, 2015;Standard Class;TH-212351404;Tiffany House;Corporate;90032;Los Angeles;California;United States;Western US;USCA;OFF-ST-5699;Office Supplies;Storage;Rogers Jumbo File, Granite;54,32;4;0;0,5432;3,88;Medium;September;2015;2021
39015;US-2015-MC17605140-42257;Perşembe, Eylül 10, 2015;Salı, Eylül 15, 2015;Standard Class;MC-176051404;Matt Connell;Corporate;90032;Los Angeles;California;United States;Western US;USCA;TEC-AC-5238;Technology;Accessories;Microsoft Wireless Mobile Mouse 4000;159,96;4;0;51,1872;8,79;Medium;September;2015;2021
31829;US-2015-JC15340140-42255;Salı, Eylül 08, 2015;Cumartesi, Eylül 12, 2015;Standard Class;JC-153401404;Jasper Cacioppo;Consumer;90032;Los Angeles;California;United States;Western US;USCA;FUR-FU-6234;Furniture;Furnishings;Tenex Chairmats For Use With Carpeted Floors;47,94;3;0;2,397;3,19;Medium;September;2015;2021
38018;CA-2015-DP13105140-42267;Pazar, Eylül 20, 2015;Cuma, Eylül 25, 2015;Standard Class;DP-131051404;Dave Poirier;Corporate;90032;Los Angeles;California;United States;Western US;USCA;OFF-AR-3518;Office Supplies;Art;Boston 16765 Mini Stand Up Battery Pencil Sharpener;23,32;2;0;6,0632;1,41;Medium;September;2015;2021
38019;CA-2015-DP13105140-42267;Pazar, Eylül 20, 2015;Cuma, Eylül 25, 2015;Standard Class;DP-131051404;Dave Poirier;Corporate;90032;Los Angeles;California;United States;Western US;USCA;OFF-AR-5308;Office Supplies;Art;Newell 33;16,74;3;0;4,8546;1,88;Medium;September;2015;2021
38017;CA-2015-DP13105140-42267;Pazar, Eylül 20, 2015;Cuma, Eylül 25, 2015;Standard Class;DP-131051404;Dave Poirier;Corporate;90032;Los Angeles;California;United States;Western US;USCA;TEC-AC-5235;Technology;Accessories;Microsoft Natural Ergonomic Keyboard 4000;149,95;5;0;31,4895;9,76;Medium;September;2015;2021
36758;CA-2015-BD11725140-42276;Salı, Eylül 29, 2015;Pazartesi, Ekim 05, 2015;Standard Class;BD-117251404;Bruce Degenhardt;Consumer;90032;Los Angeles;California;United States;Western US;USCA;FUR-FU-5154;Furniture;Furnishings;Longer-Life Soft White Bulbs;9,24;3;0;4,4352;1,36;Medium;September;2015;2021
34916;CA-2015-RA19285140-42252;Cumartesi, Eylül 05, 2015;Çarşamba, Eylül 09, 2015;Standard Class;RA-192851404;Ralph Arnett;Consumer;90004;Los Angeles;California;United States;Western US;USCA;OFF-ST-6315;Office Supplies;Storage;Trav-L-File Heavy-Duty Shuttle II, Black;217,85;5;0;65,355;26,6;High;September;2015;2021
36875;CA-2015-LC17050140-42257;Perşembe, Eylül 10, 2015;Salı, Eylül 15, 2015;Second Class;LC-170501404;Liz Carlisle;Consumer;90004;Los Angeles;California;United States;Western US;USCA;OFF-AR-5330;Office Supplies;Art;Newell 35;6,56;2;0;1,9024;1,2;Medium;September;2015;2021
36877;CA-2015-LC17050140-42257;Perşembe, Eylül 10, 2015;Salı, Eylül 15, 2015;Second Class;LC-170501404;Liz Carlisle;Consumer;90004;Los Angeles;California;United States;Western US;USCA;OFF-PA-3159;Office Supplies;Paper;Astroparche Fine Business Paper;47,52;9;0;22,8096;5,29;Medium;September;2015;2021
37301;CA-2015-AG10390140-42255;Salı, Eylül 08, 2015;Cumartesi, Eylül 12, 2015;Standard Class;AG-103901404;Allen Goldenen;Consumer;90004;Los Angeles;California;United States;Western US;USCA;FUR-FU-3830;Furniture;Furnishings;C-Line Magnetic Cubicle Keepers, Clear Polypropylene;19,76;4;0;8,2992;1,42;Medium;September;2015;2021
38959;US-2015-SC20575140-42277;Çarşamba, Eylül 30, 2015;Cuma, Ekim 02, 2015;First Class;SC-205751404;Sonia Cooley;Consumer;90036;Los Angeles;California;United States;Western US;USCA;OFF-AR-5313;Office Supplies;Art;Newell 334;99,2;5;0;25,792;4,52;Critical;September;2015;2021
37191;CA-2015-KD16495140-42257;Perşembe, Eylül 10, 2015;Salı, Eylül 15, 2015;Standard Class;KD-164951404;Keith Dawkins;Corporate;90036;Los Angeles;California;United States;Western US;USCA;OFF-ST-4246;Office Supplies;Storage;Fellowes Bases and Tops For Staxonsteel/High-Stak Systems;99,87;3;0;23,9688;10,94;High;September;2015;2021
36521;US-2015-JM15865140-42260;Pazar, Eylül 13, 2015;Cuma, Eylül 18, 2015;Second Class;JM-158651404;John Murray;Consumer;90036;Los Angeles;California;United States;Western US;USCA;OFF-PA-4009;Office Supplies;Paper;Eaton Premium Continuous-Feed Paper, 25% Cotton, Letter Size, White, 1000 Shts/Box;166,44;3;0;79,8912;11,1;Medium;September;2015;2021
